Port,YearMonth,UniqueVessels,MeanDwellDays,MedianDwellDays,StdDwellDays,MinDwellDays,MaxDwellDays,TotalObservations,AvgVesselLength,PortName
LA_Long_Beach,2009-03,367,4.723315924916742,2.292361111111111,6.485986188331764,0.01597222222222222,30.999305555555555,820506,233.92370572207085,LA_Long_Beach
LA_Long_Beach,2009-01,368,4.484876962560387,2.3649305555555555,6.363713913995378,0.0,30.999305555555555,693797,232.6548913043478,LA_Long_Beach
LA_Long_Beach,2009-04,356,4.700840745942572,2.256597222222222,6.547694734971575,0.05277777777777778,29.999305555555555,757662,239.22191011235955,LA_Long_Beach
LA_Long_Beach,2009-02,310,4.50657482078853,2.154861111111111,6.386717084604335,0.03333333333333333,27.999305555555555,703367,234.11290322580646,LA_Long_Beach
LA_Long_Beach,2009-06,77,1.7138708513708516,1.4847222222222223,1.259009724421375,0.02013888888888889,4.0,81500,239.25974025974025,LA_Long_Beach
LA_Long_Beach,2009-05,339,4.866052114060964,2.2527777777777778,6.913771881093309,0.02847222222222222,30.999305555555555,687111,239.98525073746313,LA_Long_Beach
LA_Long_Beach,2009-07,324,5.076322445130316,2.5944444444444446,6.994988660512836,0.001388888888888889,30.999305555555555,864136,240.90432098765433,LA_Long_Beach
LA_Long_Beach,2009-08,316,4.625197784810126,2.2739583333333333,6.70649972069249,0.0625,30.997916666666665,844948,239.65189873417722,LA_Long_Beach
LA_Long_Beach,2009-11,311,4.16136343336906,2.1951388888888888,6.112612695827792,0.010416666666666666,29.999305555555555,612689,240.2926045016077,LA_Long_Beach
LA_Long_Beach,2009-09,333,4.719461127794461,2.542361111111111,6.3615578361962015,0.030555555555555555,29.99861111111111,1010064,238.87687687687688,LA_Long_Beach
LA_Long_Beach,2009-10,318,5.172613120195668,2.421875,7.516030795339691,0.09305555555555556,30.997916666666665,949720,239.66037735849056,LA_Long_Beach
LA_Long_Beach,2010-03,348,4.115938298212005,2.1468749999999996,5.962899688041529,0.06319444444444444,30.999305555555555,507633,235.86494252873564,LA_Long_Beach
LA_Long_Beach,2010-02,301,4.0378506829088225,2.277083333333333,5.27318407987219,0.009722222222222222,27.95,536516,239.54485049833886,LA_Long_Beach
LA_Long_Beach,2010-01,318,4.628242924528302,2.4930555555555554,6.586702609508403,0.003472222222222222,30.999305555555555,609888,238.0440251572327,LA_Long_Beach
LA_Long_Beach,2009-12,323,4.794298245614035,2.395138888888889,6.869649159431843,0.014583333333333334,30.999305555555555,621288,239.2879256965944,LA_Long_Beach
LA_Long_Beach,2010-05,356,4.386382256554307,2.2538194444444444,6.276123435277256,0.059722222222222225,30.999305555555555,518136,240.93258426966293,LA_Long_Beach
LA_Long_Beach,2010-04,331,4.589184709634106,2.5479166666666666,6.274031362962162,0.08402777777777778,29.999305555555555,527654,236.09667673716012,LA_Long_Beach
LA_Long_Beach,2010-06,366,4.260765786278081,2.4722222222222223,6.051896222856115,0.049305555555555554,29.997916666666665,545412,239.84426229508196,LA_Long_Beach
LA_Long_Beach,2010-07,358,4.485112119801365,2.6173611111111112,6.193408987055209,0.00625,30.997222222222224,608487,244.71787709497207,LA_Long_Beach
LA_Long_Beach,2010-11,357,4.357222611266729,2.4868055555555557,6.030834735134797,0.025694444444444443,29.992361111111112,326404,246.07563025210084,LA_Long_Beach
LA_Long_Beach,2010-10,379,4.240532468484315,2.252083333333333,6.31693062185657,0.004166666666666667,30.997916666666665,406815,239.5646437994723,LA_Long_Beach
LA_Long_Beach,2010-09,375,4.126933333333333,2.2270833333333333,6.065587699705368,0.041666666666666664,29.999305555555555,605332,246.20533333333333,LA_Long_Beach
LA_Long_Beach,2010-08,388,4.053638674112257,2.482986111111111,5.623376483563796,0.002777777777777778,30.997916666666665,608987,242.86082474226805,LA_Long_Beach
LA_Long_Beach,2010-12,337,3.461780827563469,1.8076388888888888,5.05014254538018,0.0,28.147222222222222,212134,244.15727002967358,LA_Long_Beach
LA_Long_Beach,2011-01,343,3.3134232264334305,2.0819444444444444,4.489767511213421,0.0,26.02777777777778,224937,239.97667638483966,LA_Long_Beach
LA_Long_Beach,2011-03,368,4.026939915458937,2.125,5.814768674221817,0.010416666666666666,30.997916666666665,251865,235.2391304347826,LA_Long_Beach
LA_Long_Beach,2011-04,378,4.398025058788948,2.4781250000000004,5.649647541569161,0.007638888888888889,29.99861111111111,300046,238.005291005291,LA_Long_Beach
LA_Long_Beach,2011-02,351,3.7546573282684395,2.2472222222222222,4.911383561724284,0.009027777777777777,27.999305555555555,265405,239.41310541310543,LA_Long_Beach
LA_Long_Beach,2011-06,384,4.083765552662038,2.213541666666667,5.503845463459027,0.009722222222222222,29.997916666666665,302790,245.80729166666666,LA_Long_Beach
LA_Long_Beach,2011-05,377,4.350373931623932,2.254861111111111,5.921046848562038,0.02847222222222222,30.997916666666665,319090,243.946949602122,LA_Long_Beach
LA_Long_Beach,2011-07,380,4.230498903508772,2.1878472222222225,5.889186710850754,0.04513888888888889,30.997916666666665,399471,242.7578947368421,LA_Long_Beach
LA_Long_Beach,2011-08,377,3.972970085470086,2.225,5.531080964872048,0.04027777777777778,30.99861111111111,396661,243.15649867374006,LA_Long_Beach
LA_Long_Beach,2011-12,323,4.245439886480908,2.520138888888889,5.715200990127202,0.15069444444444444,30.980555555555554,271518,244.97213622291022,LA_Long_Beach
LA_Long_Beach,2011-11,337,4.5717853610286845,2.5625,6.0453875478978905,0.0,29.99375,255768,243.7240356083086,LA_Long_Beach
LA_Long_Beach,2011-09,363,4.271177685950414,2.317361111111111,6.159515577202225,0.05347222222222222,29.99861111111111,378196,246.58126721763085,LA_Long_Beach
LA_Long_Beach,2011-10,350,4.427605158730159,2.453472222222222,6.233448040135696,0.002777777777777778,30.560416666666665,381420,243.62857142857143,LA_Long_Beach
LA_Long_Beach,2012-03,334,3.9854820913728104,2.2699421296296296,5.812286385558863,0.01758101851851852,30.997002314814814,200269,242.3443113772455,LA_Long_Beach
LA_Long_Beach,2012-01,308,3.991734795875421,2.1550462962962964,5.3911963714697455,0.009166666666666667,27.32994212962963,220373,243.62662337662337,LA_Long_Beach
LA_Long_Beach,2012-04,338,3.961205141902257,2.553587962962963,5.446839708578308,0.06956018518518518,29.997847222222223,254921,239.48224852071007,LA_Long_Beach
LA_Long_Beach,2012-02,315,4.118668173133451,2.074988425925926,6.084465182391272,0.01019675925925926,28.996423611111112,228289,239.2031746031746,LA_Long_Beach
LA_Long_Beach,2012-06,338,4.125097318102125,2.619178240740741,5.787270613383367,0.007210648148148148,29.99675925925926,306522,251.2189349112426,LA_Long_Beach
LA_Long_Beach,2012-05,332,4.268025783690317,2.534849537037037,5.821365476242589,0.05628472222222222,30.998761574074074,256581,248.45481927710844,LA_Long_Beach
LA_Long_Beach,2012-07,347,4.218709507418081,2.6072106481481483,5.750284328268289,0.0600462962962963,30.999305555555555,399524,250.47550432276657,LA_Long_Beach
LA_Long_Beach,2012-08,347,4.143423057423417,2.5775,5.839262436714097,0.011331018518518518,30.99888888888889,440228,248.03458213256485,LA_Long_Beach
LA_Long_Beach,2012-12,359,5.030025662849479,2.903912037037037,6.302137190959595,0.057199074074074076,30.998032407407408,391324,246.84401114206128,LA_Long_Beach
LA_Long_Beach,2012-11,331,4.10591368747902,2.4394212962962962,5.614936053284136,0.005231481481481481,29.998993055555555,301049,245.04229607250755,LA_Long_Beach
LA_Long_Beach,2012-10,350,4.323426851851852,2.3952488425925926,6.331768069133885,0.03356481481481482,30.99945601851852,297303,248.00571428571428,LA_Long_Beach
LA_Long_Beach,2012-09,333,3.9496519436102773,2.4976967592592594,5.56268190744633,0.002199074074074074,29.99738425925926,391770,249.4894894894895,LA_Long_Beach
LA_Long_Beach,2013-02,310,4.073557086320191,2.486452546296296,5.539279175068058,0.006701388888888889,27.998958333333334,203529,251.17741935483872,LA_Long_Beach
LA_Long_Beach,2013-01,338,4.379125951950471,2.438570601851852,6.084040490886293,0.0018402777777777777,30.999259259259258,276555,249.0621301775148,LA_Long_Beach
LA_Long_Beach,2013-04,337,4.121143497911858,2.4854861111111113,5.6478414668882095,0.0043055555555555555,29.991701388888888,257187,248.59347181008903,LA_Long_Beach
LA_Long_Beach,2013-03,334,4.116586306553559,2.1616666666666666,5.956335658807584,0.10396990740740741,30.981180555555557,242030,243.22754491017963,LA_Long_Beach
LA_Long_Beach,2013-05,346,4.261471044744166,2.375601851851852,6.271936159401726,0.04203703703703704,30.995752314814816,258527,250.18208092485548,LA_Long_Beach
LA_Long_Beach,2013-06,351,4.211086380183603,2.5867939814814815,5.688351304567761,0.006377314814814815,29.99568287037037,279571,246.17378917378917,LA_Long_Beach
LA_Long_Beach,2013-07,368,4.104473568337359,2.5150636574074072,5.684905749999111,0.006030092592592593,30.99709490740741,443165,248.9320652173913,LA_Long_Beach
LA_Long_Beach,2013-08,368,4.313096284973833,2.554288194444444,6.035132473787348,0.001388888888888889,30.99386574074074,513262,246.23097826086956,LA_Long_Beach
LA_Long_Beach,2013-09,340,4.281445295479303,2.6446122685185185,5.641278017976065,0.02929398148148148,29.999594907407406,567736,252.0264705882353,LA_Long_Beach
LA_Long_Beach,2013-12,330,3.768387521043771,2.4668113425925924,5.0684943796312725,0.05207175925925926,30.997916666666665,417100,252.29090909090908,LA_Long_Beach
LA_Long_Beach,2014-02,304,3.9614265046296295,2.5171354166666666,5.444300720801671,0.0,27.998877314814816,439356,243.63486842105263,LA_Long_Beach
LA_Long_Beach,2013-11,326,4.01372773943422,2.2177835648148148,5.698573468546086,0.044710648148148145,29.998472222222222,473442,247.33742331288343,LA_Long_Beach
LA_Long_Beach,2014-01,329,3.8971933398063716,2.584201388888889,5.292196789565152,0.0,30.999618055555555,501380,254.88145896656536,LA_Long_Beach
LA_Long_Beach,2013-10,331,4.368716291820521,2.2720023148148147,6.606576541016036,0.010555555555555556,30.99883101851852,581950,250.77945619335347,LA_Long_Beach
LA_Long_Beach,2014-06,329,4.523602456940223,2.683877314814815,5.921584574206566,0.043055555555555555,29.994351851851853,144707,253.95744680851064,LA_Long_Beach
LA_Long_Beach,2014-07,342,4.846360968973359,2.7025289351851853,6.388887123871765,0.00787037037037037,30.98962962962963,245797,254.49122807017545,LA_Long_Beach
LA_Long_Beach,2014-05,353,4.31759033023817,2.5449537037037038,6.102998149585267,0.0,30.998969907407407,448139,249.60623229461757,LA_Long_Beach
LA_Long_Beach,2014-03,325,3.8203589387464385,2.2045601851851853,5.468069491462606,0.039189814814814816,30.999907407407406,474212,249.19076923076923,LA_Long_Beach
LA_Long_Beach,2014-04,331,3.8210536253776435,2.478287037037037,5.269070536333278,0.009606481481481481,29.999340277777776,514212,249.8368580060423,LA_Long_Beach
LA_Long_Beach,2014-11,274,4.436536817383076,2.8060879629629634,5.172330875861529,0.0,26.211689814814815,117009,259.6861313868613,LA_Long_Beach
LA_Long_Beach,2014-08,344,4.52419243916882,3.0191898148148146,5.820135155522487,0.03357638888888889,30.99375,242057,256.2761627906977,LA_Long_Beach
LA_Long_Beach,2014-09,308,4.308964984668109,2.8919791666666668,5.61739299238028,0.0,29.995821759259258,208777,261.48376623376623,LA_Long_Beach
LA_Long_Beach,2014-10,322,5.074955968196457,3.68109375,5.644628731018197,0.0,30.416689814814816,213473,261.5031055900621,LA_Long_Beach
LA_Long_Beach,2014-12,331,5.811014392413561,3.6247106481481484,6.362774183133128,0.001388888888888889,30.99832175925926,787834,262.16616314199393,LA_Long_Beach
Savannah,2009-02,197,1.680298223350254,0.88125,3.630005069154091,0.002777777777777778,27.888194444444444,165107,226.40609137055839,Savannah
Savannah,2009-03,209,1.8498238968633705,0.8347222222222223,4.267934505285409,0.0,30.810416666666665,173105,232.72727272727272,Savannah
Savannah,2009-01,213,2.007224830464267,0.8527777777777777,4.5276149913937465,0.0,30.90625,245072,234.82159624413146,Savannah
Savannah,2009-06,29,0.9551963601532567,0.8229166666666666,0.630095810735221,0.23402777777777778,3.7916666666666665,17553,229.10344827586206,Savannah
Savannah,2009-04,206,1.9202063106796117,0.7711805555555555,4.043005421273126,0.03819444444444445,29.354166666666668,175926,238.4271844660194,Savannah
Savannah,2009-07,218,1.7517361111111112,0.7774305555555556,4.088754364071939,0.013194444444444444,28.393055555555556,154510,234.3302752293578,Savannah
Savannah,2009-08,223,2.095338191330344,0.7958333333333333,4.729768190333192,0.034027777777777775,30.219444444444445,169733,238.5829596412556,Savannah
Savannah,2009-05,218,1.5426541794087667,0.8006944444444445,3.146266193482882,0.02638888888888889,27.913888888888888,161902,236.10091743119267,Savannah
Savannah,2009-09,209,1.711376927166401,0.7958333333333333,3.6000806635819327,0.04236111111111111,24.950694444444444,142577,233.26794258373207,Savannah
Savannah,2009-10,223,2.374009715994021,0.8270833333333333,5.572634926980854,0.10416666666666667,30.934722222222224,187502,238.4798206278027,Savannah
Savannah,2009-11,202,1.4591549779978,0.8423611111111111,3.08291117063163,0.14375,29.948611111111113,168491,235.45049504950495,Savannah
Savannah,2010-01,203,1.6881499726327314,0.8486111111111111,3.6735486172627096,0.010416666666666666,28.500694444444445,143342,232.5320197044335,Savannah
Savannah,2009-12,207,1.9195115405260335,0.8611111111111112,4.388929276187307,0.0125,30.929861111111112,205348,235.68599033816426,Savannah
Savannah,2010-02,199,1.9026242322724733,0.90625,3.762627160369695,0.04791666666666667,26.113888888888887,164673,232.25628140703517,Savannah
Savannah,2010-03,220,2.0593339646464646,0.8732638888888888,4.615099408953484,0.004861111111111111,30.961111111111112,187578,227.43636363636364,Savannah
Savannah,2010-04,215,1.784156976744186,0.8256944444444444,4.0458085325416,0.002777777777777778,29.99652777777778,229874,231.14418604651163,Savannah
Savannah,2010-05,230,2.0061684782608693,0.9072916666666666,4.643301295138512,0.07569444444444444,30.99861111111111,207181,230.2608695652174,Savannah
Savannah,2010-06,220,1.947427398989899,0.9,4.307039478643492,0.0,29.977777777777778,203359,234.01818181818183,Savannah
Savannah,2010-07,244,1.9821664389799636,0.8510416666666667,4.104483219701699,0.06597222222222222,25.99861111111111,203560,235.09016393442624,Savannah
Savannah,2010-08,233,2.140498330948975,0.8236111111111111,4.810768938383273,0.003472222222222222,29.822916666666668,175601,231.1931330472103,Savannah
Savannah,2010-09,232,1.7966714559386974,0.8298611111111112,3.617127530889543,0.06388888888888888,22.4125,170190,236.1293103448276,Savannah
Savannah,2010-11,217,1.9344918074756785,0.83125,4.109762980775016,0.11944444444444445,29.997222222222224,127616,236.08294930875576,Savannah
Savannah,2011-01,232,1.8344169061302682,0.8461805555555555,3.6062757316958205,0.03819444444444445,28.563194444444445,183263,238.1206896551724,Savannah
Savannah,2011-02,221,1.462100930115636,0.8347222222222223,2.9367340098501242,0.004166666666666667,27.995833333333334,160352,237.79185520361992,Savannah
Savannah,2010-12,229,1.984697962154294,0.8541666666666666,3.972270853089136,0.041666666666666664,28.586805555555557,186521,238.74235807860262,Savannah
Savannah,2011-06,235,1.7923847517730496,0.85,4.031974275743464,0.01597222222222222,28.19236111111111,179833,236.65106382978723,Savannah
Savannah,2011-03,238,1.912826797385621,0.8527777777777777,4.384581956625675,0.013194444444444444,30.99861111111111,168413,235.6344537815126,Savannah
Savannah,2011-04,243,1.5419124371284865,0.8555555555555555,3.4096481363841753,0.08819444444444445,29.325694444444444,173107,241.21399176954733,Savannah
Savannah,2011-05,236,1.7344338512241055,0.8194444444444444,3.972435110417842,0.030555555555555555,29.521527777777777,174354,237.41525423728814,Savannah
Savannah,2011-07,248,1.7944696460573477,0.8680555555555556,3.883293887109779,0.125,28.6875,176116,235.6733870967742,Savannah
Savannah,2011-09,246,1.6331441960252937,0.8083333333333333,3.313538800863244,0.04027777777777778,28.843055555555555,180723,237.71951219512195,Savannah
Savannah,2011-08,223,1.761836696562033,0.85625,3.805688576180567,0.03194444444444444,30.991666666666667,173348,237.5201793721973,Savannah
Savannah,2011-10,248,1.7219842069892473,0.8378472222222222,3.3568296576799783,0.02638888888888889,28.570833333333333,194416,234.85887096774192,Savannah
Savannah,2011-11,223,1.5406327852516195,0.8118055555555556,3.109930221019818,0.10277777777777777,28.624305555555555,162687,237.76681614349775,Savannah
Savannah,2012-01,199,1.4255785873813511,0.7620254629629629,2.8793973618985893,0.037395833333333336,26.052060185185184,126673,239.55778894472363,Savannah
Savannah,2011-12,226,1.60765732546706,0.7878472222222221,3.5187807912242506,0.004861111111111111,29.62152777777778,177240,238.7787610619469,Savannah
Savannah,2012-02,210,1.8198608355379189,0.8342129629629629,3.8267516208998145,0.039108796296296294,28.437141203703703,160439,239.98095238095237,Savannah
Savannah,2012-03,257,1.8549564508574723,0.8506018518518519,3.9479888142395385,0.07222222222222222,29.74875,168572,233.5330739299611,Savannah
Savannah,2012-04,233,1.8299236508504213,0.8092939814814815,4.197310427379947,0.013819444444444445,29.997997685185187,159392,240.21888412017168,Savannah
Savannah,2012-05,227,1.8052203153042912,0.8640162037037037,3.963607419641011,0.06503472222222222,30.998761574074074,164145,245.99118942731278,Savannah
Savannah,2012-06,237,1.6563035239881232,0.7874421296296297,3.6143413480501767,0.04009259259259259,28.565821759259258,162186,242.78902953586498,Savannah
Savannah,2012-07,238,1.6049581290849673,0.82875,3.509721205762624,0.002916666666666667,28.520243055555557,160900,244.19747899159663,Savannah
Savannah,2012-09,233,1.6929706624543,0.8263541666666666,3.3966792822691647,0.0045138888888888885,29.437326388888888,170818,243.1931330472103,Savannah
Savannah,2012-10,212,1.3840074139587701,0.8511226851851852,2.6052896165944195,0.05704861111111111,24.317870370370372,142967,245.85849056603774,Savannah
Savannah,2012-08,233,1.714729226275632,0.8150925925925926,3.8342528415292283,0.033368055555555554,28.72337962962963,167996,247.84549356223175,Savannah
Savannah,2012-11,201,1.4964109429703336,0.8047685185185185,3.0844673866966454,0.02880787037037037,28.694166666666668,147601,247.2636815920398,Savannah
Savannah,2012-12,217,1.5386773553507425,0.9696759259259259,2.288344810060018,0.06515046296296297,23.08392361111111,180150,242.80184331797236,Savannah
Savannah,2013-02,190,1.4593803606237816,0.8754108796296296,2.563677855745473,0.0724537037037037,21.559907407407408,140003,252.19473684210527,Savannah
Savannah,2013-01,195,1.55565378679962,0.8512731481481481,3.159208207724395,0.009259259259259259,28.26824074074074,143208,247.56410256410257,Savannah
Savannah,2013-03,201,1.8118285309563293,0.865462962962963,3.652893565748757,0.0062268518518518515,28.192280092592593,155244,243.85572139303483,Savannah
Savannah,2013-04,201,1.2565062419384558,0.8411342592592592,2.127341104960445,0.01716435185185185,22.971296296296295,142857,249.38308457711443,Savannah
Savannah,2013-07,203,1.37463282247765,0.7975694444444444,2.7523145985012984,0.019965277777777776,25.096840277777776,146528,250.83743842364532,Savannah
Savannah,2013-06,227,1.382114537444934,0.8480092592592593,2.260508347432107,0.17907407407407408,20.95275462962963,168764,244.97797356828193,Savannah
Savannah,2013-05,210,1.4651824294532627,0.8516898148148149,2.9087650918116585,0.23828703703703705,28.569375,151133,242.1904761904762,Savannah
Savannah,2013-08,218,1.4472053920319403,0.8079571759259259,2.615501469647321,0.05255787037037037,21.76994212962963,171888,248.11926605504587,Savannah
Savannah,2013-09,195,1.1652969491927825,0.8059953703703704,1.7498670621857504,0.035659722222222225,22.22201388888889,135782,254.16410256410256,Savannah
Savannah,2013-11,208,1.2490315616096868,0.8096527777777778,1.8679330151819438,0.017534722222222222,22.969479166666666,154285,241.9471153846154,Savannah
Savannah,2013-12,186,1.1798460523695737,0.8402083333333333,1.071663273083203,0.07613425925925926,9.909050925925927,126828,246.75806451612902,Savannah
Savannah,2014-01,206,1.6514461412261776,0.9536747685185185,3.233741902397383,0.011689814814814814,28.913576388888888,153119,242.97087378640776,Savannah
Savannah,2013-10,215,1.2490240633074936,0.8663310185185186,2.0642115660468345,0.04438657407407407,27.088020833333335,158553,250.08837209302325,Savannah
Savannah,2014-02,191,1.3673903189839054,0.983738425925926,2.124611189345192,0.02847222222222222,27.102685185185184,133386,244.32984293193718,Savannah
Savannah,2014-03,214,1.3989883502076843,0.933420138888889,2.3684532324673184,0.07760416666666667,30.091875,149653,244.49065420560748,Savannah
Savannah,2014-04,202,1.6610008709204254,0.8868171296296297,3.3137835239056304,0.015347222222222222,28.64699074074074,150995,245.5049504950495,Savannah
Savannah,2014-06,214,1.2942488209588092,0.8248148148148149,1.5895135976987542,0.08043981481481481,17.28128472222222,163369,243.07476635514018,Savannah
Savannah,2014-05,232,1.5429485452586207,0.8381944444444445,3.33021400059073,0.03809027777777778,28.66082175925926,166521,248.38793103448276,Savannah
Savannah,2014-07,225,1.5085408436213994,0.9012268518518518,2.9460698332729462,0.011944444444444445,28.453819444444445,165056,246.5688888888889,Savannah
Savannah,2014-11,7,0.05042989417989418,0.010775462962962962,0.07791708714797872,0.0,0.21436342592592592,73,260.14285714285717,Savannah
Savannah,2014-10,2,0.0065451388888888885,0.0065451388888888885,0.009256224184282236,0.0,0.013090277777777777,5,246.5,Savannah
Savannah,2014-08,157,1.0093592238735551,0.764988425925926,1.1197654616971304,0.0,7.844456018518518,62612,246.28025477707007,Savannah
NY_NJ,2009-02,361,3.316572406894429,1.0791666666666666,5.909941239307785,0.013888888888888888,27.999305555555555,267385,215.36288088642658,NY_NJ
NY_NJ,2009-03,384,3.618721064814815,1.031597222222222,6.575677379891041,0.015277777777777777,30.99652777777778,235727,214.984375,NY_NJ
NY_NJ,2009-01,376,3.786190528959811,1.1104166666666666,6.85153566131826,0.002777777777777778,30.999305555555555,376051,218.70212765957447,NY_NJ
Savannah,2014-12,216,1.5699789951989027,1.0048842592592593,2.0777549138524187,0.2696527777777778,21.351458333333333,185323,240.13888888888889,Savannah
NY_NJ,2009-06,73,1.0618150684931507,0.71875,1.1610308991139107,0.016666666666666666,3.9993055555555554,30538,187.02739726027397,NY_NJ
NY_NJ,2009-05,346,3.380118015414258,1.0027777777777778,6.733275648999611,0.008333333333333333,30.999305555555555,268221,221.10404624277456,NY_NJ
NY_NJ,2009-04,339,3.7330076204523106,1.051388888888889,6.659360392275923,0.016666666666666666,29.99861111111111,220820,220.905604719764,NY_NJ
NY_NJ,2009-07,364,4.129115155677656,1.0711805555555556,7.127840539303283,0.018055555555555554,30.249305555555555,243915,219.12637362637363,NY_NJ
NY_NJ,2009-08,371,4.189298817011081,1.0805555555555555,7.085891851908078,0.016666666666666666,30.997916666666665,263480,218.83827493261455,NY_NJ
NY_NJ,2009-09,348,4.184993614303959,1.082986111111111,7.08323637677981,0.004861111111111111,29.999305555555555,298780,219.23563218390805,NY_NJ
NY_NJ,2009-10,353,4.097631413282971,1.10625,7.285610759267896,0.015277777777777777,30.999305555555555,331580,220.28895184135976,NY_NJ
NY_NJ,2009-11,354,3.9263594632768366,1.0770833333333334,7.013400918427142,0.017361111111111112,29.999305555555555,293700,216.24011299435028,NY_NJ
NY_NJ,2009-12,353,3.904725369845767,1.1104166666666666,7.2019421521758336,0.013194444444444444,30.999305555555555,346335,216.86968838526911,NY_NJ
NY_NJ,2010-02,311,3.6380805644873164,1.1618055555555555,5.972077425757397,0.00625,27.9375,223243,219.4694533762058,NY_NJ
NY_NJ,2010-01,335,4.220966003316749,1.1444444444444444,7.149309651071978,0.018055555555555554,30.997916666666665,279418,216.0686567164179,NY_NJ
NY_NJ,2010-04,347,3.9637207813000317,1.1291666666666667,6.820866126723117,0.016666666666666666,29.999305555555555,244825,217.9971181556196,NY_NJ
NY_NJ,2010-03,341,4.542185972629521,1.1215277777777777,7.652057875769349,0.01597222222222222,30.99652777777778,262188,218.69794721407624,NY_NJ
NY_NJ,2010-05,350,4.227630952380952,1.1055555555555556,7.310520631330843,0.016666666666666666,30.999305555555555,255947,221.15142857142857,NY_NJ
NY_NJ,2010-06,359,3.931335112968121,1.1208333333333333,7.151520845366233,0.01597222222222222,29.999305555555555,317177,221.5933147632312,NY_NJ
NY_NJ,2010-08,365,4.189343607305936,1.1805555555555556,7.160705882095194,0.018055555555555554,30.999305555555555,273386,218.76438356164383,NY_NJ
NY_NJ,2010-07,388,4.224083619702176,1.1881944444444446,7.229933441515936,0.0006944444444444445,30.99861111111111,318916,219.63917525773195,NY_NJ
NY_NJ,2010-11,340,3.596043709150327,1.0697916666666667,6.639657881061621,0.01597222222222222,29.99861111111111,198289,226.13529411764705,NY_NJ
NY_NJ,2010-09,350,3.927859126984127,1.2302083333333333,6.747566733161987,0.018055555555555554,29.96736111111111,276751,221.59142857142857,NY_NJ
NY_NJ,2011-01,341,3.786996985988921,1.1826388888888888,6.476768676351052,0.018055555555555554,30.999305555555555,259937,225.60997067448682,NY_NJ
NY_NJ,2010-12,347,3.945529138648735,1.1534722222222222,6.980317934300545,0.018055555555555554,30.98402777777778,265156,222.14697406340056,NY_NJ
NY_NJ,2011-02,324,3.3587555727023317,1.1385416666666668,5.844577367001454,0.016666666666666666,27.99652777777778,195851,224.7716049382716,NY_NJ
NY_NJ,2011-03,371,3.649895178197065,1.13125,6.498699137158328,0.017361111111111112,30.915277777777778,240937,221.0943396226415,NY_NJ
NY_NJ,2011-04,362,3.776480969920197,1.1618055555555555,6.597230224035276,0.016666666666666666,29.99861111111111,241647,224.1878453038674,NY_NJ
NY_NJ,2011-05,392,4.014110331632653,1.1795138888888888,6.634427363533246,0.004166666666666667,30.99652777777778,279972,218.66836734693877,NY_NJ
NY_NJ,2011-06,356,3.708469881398252,1.1729166666666666,6.188253277047288,0.0,29.822222222222223,257111,219.20224719101122,NY_NJ
NY_NJ,2011-07,364,3.736450702075702,1.145486111111111,6.578532599466891,0.0125,30.92361111111111,223392,217.98076923076923,NY_NJ
NY_NJ,2011-08,368,3.2215466485507247,1.1479166666666667,6.033212778047765,0.014583333333333334,30.999305555555555,202105,218.69021739130434,NY_NJ
NY_NJ,2011-09,373,3.6468833780160854,1.1791666666666667,6.503831871820132,0.017361111111111112,29.999305555555555,243201,217.98927613941018,NY_NJ
NY_NJ,2011-10,346,3.8298089274245344,1.1232638888888888,6.790808542488693,0.0006944444444444445,30.99861111111111,217487,222.34682080924856,NY_NJ
NY_NJ,2011-11,354,3.175453154425612,1.0725694444444445,5.942333658458606,0.015277777777777777,29.99861111111111,189563,220.13276836158192,NY_NJ
NY_NJ,2011-12,347,3.4299291546589816,1.1284722222222223,6.327280380006579,0.011111111111111112,30.615972222222222,190881,222.37752161383284,NY_NJ
NY_NJ,2012-01,307,3.5679524445047655,1.0982175925925926,6.041470419770372,0.0078125,27.163055555555555,154362,220.75244299674267,NY_NJ
NY_NJ,2012-02,322,3.1372516606280194,1.059074074074074,5.744654098401397,0.01673611111111111,28.999351851851852,158570,222.98136645962734,NY_NJ
NY_NJ,2012-03,345,3.899173275630703,1.1391087962962962,6.773791902542511,0.019016203703703705,30.775462962962962,161477,222.09855072463768,NY_NJ
NY_NJ,2012-04,338,3.8310680678829714,1.1398032407407408,6.335183851666297,0.00636574074074074,29.99355324074074,208326,225.24556213017752,NY_NJ
NY_NJ,2012-05,345,4.218617149758454,1.1214930555555556,7.177562514822261,0.015324074074074073,30.999351851851852,227294,225.4144927536232,NY_NJ
NY_NJ,2012-06,355,4.1210432316118935,1.1655671296296297,6.816346616272871,0.015509259259259259,29.999189814814816,206105,224.30422535211267,NY_NJ
NY_NJ,2012-07,351,4.12554206895642,1.26375,6.827999806694732,0.015671296296296298,30.997905092592593,199469,224.8062678062678,NY_NJ
NY_NJ,2012-08,349,3.604846187519898,1.2944328703703705,6.010707629572155,0.0,30.60542824074074,198445,223.69627507163324,NY_NJ
NY_NJ,2012-09,328,3.8983706667795843,1.1899652777777776,6.292337564570708,0.007418981481481481,29.592083333333335,175716,224.46951219512195,NY_NJ
NY_NJ,2012-11,287,3.2405862853271388,1.2339120370370371,5.4771327933360325,0.005694444444444445,29.421712962962964,159433,227.70034843205576,NY_NJ
NY_NJ,2012-10,293,3.2416693132979395,1.1665625,5.435115413835411,0.007407407407407408,30.21357638888889,144443,230.03754266211604,NY_NJ
NY_NJ,2013-01,325,3.1303844729344728,1.1591898148148148,5.5868099188248195,0.008680555555555556,30.998726851851853,169869,228.3230769230769,NY_NJ
NY_NJ,2012-12,330,3.4969258557800225,1.1923090277777777,6.46567330712429,0.0,30.998159722222223,171811,226.6,NY_NJ
NY_NJ,2013-02,303,3.431890890477937,1.1263773148148148,6.034135043314768,0.01734953703703704,27.996863425925927,160791,229.03960396039605,NY_NJ
NY_NJ,2013-03,333,3.6046599029585145,1.1588310185185184,6.37676552001488,0.016099537037037037,30.998726851851853,165061,228.56156156156158,NY_NJ
NY_NJ,2013-04,343,3.492727668448332,1.1233912037037037,5.789193035693596,0.01025462962962963,29.29976851851852,157511,227.3935860058309,NY_NJ
NY_NJ,2013-05,338,3.4549908914091603,1.1241377314814816,5.803969654552204,0.0014351851851851852,30.25722222222222,153895,231.22781065088756,NY_NJ
NY_NJ,2013-06,325,3.2658495014245013,1.2094444444444445,5.338420552122846,0.0007060185185185185,29.14701388888889,144364,231.8523076923077,NY_NJ
NY_NJ,2013-07,333,3.796198698698699,1.3767939814814816,6.31415138861872,0.016631944444444446,30.31976851851852,158532,232.81981981981983,NY_NJ
NY_NJ,2013-09,296,3.680351758008008,1.1478993055555555,6.094107660890821,0.01204861111111111,29.37677083333333,148741,230.25675675675674,NY_NJ
NY_NJ,2013-08,342,3.2353086081329865,1.1686979166666667,5.787154855058905,0.002210648148148148,30.890208333333334,142520,231.73391812865498,NY_NJ
NY_NJ,2013-11,304,3.335479372258772,1.1000925925925926,6.0399038173476205,0.016261574074074074,29.18111111111111,145484,227.83552631578948,NY_NJ
NY_NJ,2013-10,331,3.267979187646861,1.1142476851851852,6.184018870186274,0.01681712962962963,30.868622685185183,173984,231.22054380664653,NY_NJ
NY_NJ,2013-12,310,3.170357638888889,1.0905324074074074,5.61180683789662,0.01306712962962963,30.386689814814815,134456,229.43225806451613,NY_NJ
NY_NJ,2014-01,305,3.684714442926533,1.2573032407407407,6.139529491445761,0.0006944444444444445,30.998090277777777,141674,230.29508196721312,NY_NJ
NY_NJ,2014-02,306,3.2410976080246914,1.35296875,5.378233326209646,0.009259259259259259,27.911006944444445,143883,227.3921568627451,NY_NJ
NY_NJ,2014-03,344,3.7032912763781223,1.2605266203703702,6.143857642037716,0.012719907407407407,30.359050925925924,162010,228.8139534883721,NY_NJ
NY_NJ,2014-05,360,3.5363908500514407,1.1550925925925926,6.129063304774199,0.01611111111111111,30.354027777777777,157511,225.3388888888889,NY_NJ
NY_NJ,2014-04,322,3.4151226061076603,1.0721122685185187,6.161415135273452,0.013368055555555555,29.293032407407406,128153,228.35093167701862,NY_NJ
NY_NJ,2014-07,332,3.959243257753235,1.1296412037037036,6.993708803523078,0.011909722222222223,30.999212962962964,173838,224.5512048192771,NY_NJ
NY_NJ,2014-06,327,3.7443087764752523,1.127175925925926,6.506060085610887,0.015289351851851853,29.463148148148147,157235,228.29969418960243,NY_NJ
NY_NJ,2014-11,268,2.4478943822553894,0.7830902777777777,4.9952653407997465,0.0,29.255601851851853,9196,225.04850746268656,NY_NJ
NY_NJ,2014-10,319,3.5467211627771973,1.1290046296296297,6.188612265326573,0.0,30.775694444444444,125012,231.65203761755487,NY_NJ
NY_NJ,2014-09,312,3.5149963274572653,1.1467592592592593,5.885625795303852,0.012893518518518518,29.998680555555556,134012,229.98076923076923,NY_NJ
NY_NJ,2014-08,322,4.094292579652635,1.143408564814815,7.0257244661844105,0.016099537037037037,30.986724537037038,151238,224.5776397515528,NY_NJ
NY_NJ,2014-12,328,3.7307345302619694,1.27921875,6.453701519865927,0.016550925925925927,30.589525462962964,153721,224.60365853658536,NY_NJ
Seattle,2009-02,144,4.089057677469135,1.254513888888889,6.343278258965531,0.002777777777777778,27.99861111111111,160852,222.51388888888889,Seattle
Seattle,2009-01,151,4.652557027225901,1.4743055555555555,6.906440146150099,0.00625,30.34861111111111,155375,233.8476821192053,Seattle
Seattle,2009-06,26,1.2936698717948718,1.070138888888889,1.1127835733561542,0.025,3.998611111111111,15477,210.84615384615384,Seattle
Seattle,2009-03,156,3.7558538105413106,1.2145833333333333,6.301766149986925,0.00625,29.168055555555554,179348,225.1346153846154,Seattle
Seattle,2009-04,150,4.193458333333333,1.5375,6.476968468182622,0.0,29.99861111111111,160688,225.76666666666668,Seattle
Seattle,2009-05,144,4.777165316358025,1.5635416666666666,7.150931999882103,0.0,30.11875,118554,224.40277777777777,Seattle
Seattle,2009-08,142,4.338033059467919,1.6586805555555555,6.868242506896225,0.008333333333333333,30.288888888888888,98902,228.42253521126761,Seattle
Seattle,2009-07,142,4.795182902973396,1.6027777777777779,7.172164689349168,0.008333333333333333,30.854166666666668,113070,230.70422535211267,Seattle
Seattle,2009-09,143,3.844798951048951,1.3666666666666667,5.973645595401019,0.002777777777777778,29.99861111111111,134029,231.65034965034965,Seattle
Seattle,2009-10,155,4.747231182795699,1.6236111111111111,6.905859199624784,0.004861111111111111,30.99652777777778,165310,235.32903225806453,Seattle
Seattle,2009-11,141,4.555077817178881,1.675,6.978124940089553,0.008333333333333333,29.99652777777778,127494,232.84397163120568,Seattle
Seattle,2010-01,137,5.155565693430657,1.6847222222222222,7.46475468460383,0.001388888888888889,30.99652777777778,170706,228.27007299270073,Seattle
Seattle,2010-02,146,4.691676179604261,1.4288194444444444,7.101410142240536,0.00625,27.95486111111111,159713,224.1164383561644,Seattle
Seattle,2009-12,138,4.343951288244767,1.4864583333333332,6.507936717018501,0.008333333333333333,30.99861111111111,126409,234.46376811594203,Seattle
Seattle,2010-06,150,3.650796296296296,1.7118055555555556,5.494948092444518,0.0006944444444444445,27.94097222222222,129737,224.02,Seattle
Seattle,2010-03,149,4.209563758389262,1.520138888888889,6.385645985530544,0.0020833333333333333,30.99861111111111,144523,225.59731543624162,Seattle
Seattle,2010-04,149,4.743470357941834,1.7236111111111112,6.79171880349596,0.001388888888888889,29.999305555555555,173999,228.35570469798657,Seattle
Seattle,2010-05,151,4.687808130978661,1.8298611111111112,7.3359557515750735,0.00625,30.999305555555555,189762,228.59602649006624,Seattle
Seattle,2010-08,154,4.046058802308802,1.7645833333333334,5.530765093883715,0.006944444444444444,28.400694444444444,136881,222.13636363636363,Seattle
Seattle,2010-10,150,4.252111111111112,1.5010416666666666,6.513859836399266,0.005555555555555556,30.249305555555555,136094,236.50666666666666,Seattle
Seattle,2010-07,151,3.957666482707874,2.042361111111111,5.927855422211383,0.005555555555555556,29.930555555555557,119993,230.11258278145695,Seattle
Seattle,2010-09,134,4.228954187396352,1.4722222222222223,6.8634196840353745,0.005555555555555556,29.999305555555555,148685,227.29850746268656,Seattle
Seattle,2011-02,153,3.835639070442992,1.4041666666666666,5.681114093894484,0.002777777777777778,27.204166666666666,145736,234.9281045751634,Seattle
Seattle,2011-01,143,4.3858148795648795,1.5069444444444444,6.503131378418487,0.001388888888888889,29.405555555555555,123468,241.23076923076923,Seattle
Seattle,2010-11,155,3.5591980286738347,1.5673611111111112,5.067195464156756,0.001388888888888889,28.17013888888889,129956,233.21290322580646,Seattle
Seattle,2010-12,140,4.184489087301587,1.3927083333333332,6.264624963847209,0.0020833333333333333,29.09722222222222,139901,238.77142857142857,Seattle
Seattle,2011-06,155,3.5344668458781365,1.3131944444444446,5.724242380687012,0.003472222222222222,28.509722222222223,108361,222.81935483870967,Seattle
Seattle,2011-03,162,4.008118998628258,1.3746527777777777,6.0815554616391285,0.004861111111111111,30.999305555555555,162027,230.56172839506172,Seattle
Seattle,2011-04,150,4.850287037037036,1.36875,7.42599628579311,0.00625,29.999305555555555,160229,229.42,Seattle
Seattle,2011-05,161,4.600435645272602,1.3555555555555556,7.105838344060981,0.004861111111111111,30.177083333333332,174626,225.90062111801242,Seattle
Seattle,2011-07,154,3.508567821067821,1.2788194444444443,5.769944760346535,0.002777777777777778,29.443055555555556,105919,231.64285714285714,Seattle
Seattle,2011-08,154,3.985709776334776,1.535763888888889,6.124254697592587,0.0006944444444444445,30.997916666666665,135285,233.9025974025974,Seattle
Seattle,2011-09,132,4.055797558922559,1.5225694444444446,6.752816675670116,0.007638888888888889,29.997222222222224,111212,228.06060606060606,Seattle
Seattle,2011-10,150,4.144916666666666,1.385763888888889,6.784469830943549,0.007638888888888889,30.99861111111111,102478,234.44666666666666,Seattle
Seattle,2011-11,155,3.8284587813620075,1.68125,5.406541931995106,0.005555555555555556,29.99652777777778,154947,231.83870967741936,Seattle
Seattle,2012-02,152,4.359035011574074,1.3915451388888889,6.436646472264157,0.0044675925925925924,28.999212962962964,184783,235.83552631578948,Seattle
Seattle,2012-01,146,3.7379646277270417,1.3017476851851852,5.983266372281571,0.0006944444444444445,27.332835648148148,178934,235.0,Seattle
Seattle,2011-12,159,4.283853074772886,1.4020833333333333,6.494493519635507,0.009027777777777777,30.190277777777776,147761,231.11949685534591,Seattle
Seattle,2012-03,162,4.320228980909922,1.6839641203703704,6.542796018146155,0.0034837962962962965,30.99966435185185,179639,231.77777777777777,Seattle
Seattle,2012-04,153,3.88521869704672,1.603888888888889,6.021914906428145,0.0014699074074074074,29.999224537037037,161108,232.33333333333334,Seattle
Seattle,2012-06,145,4.216322796934866,1.660636574074074,6.0618073237283605,0.0020949074074074073,28.736585648148147,147044,229.72413793103448,Seattle
Seattle,2012-07,146,3.4609167300862507,1.4397453703703702,5.266701774385757,0.001412037037037037,28.95042824074074,95681,241.95890410958904,Seattle
Seattle,2012-05,158,3.879919640764182,1.4956423611111112,5.907507814169174,0.0,30.997569444444444,174468,228.7594936708861,Seattle
Seattle,2012-08,148,3.721597144019019,1.5357986111111113,6.191200060448973,0.010023148148148147,30.998402777777777,100777,232.14864864864865,Seattle
Seattle,2012-09,132,4.0297895622895625,1.7557175925925925,6.502101991508136,0.007824074074074074,29.997685185185187,111753,241.24242424242425,Seattle
Seattle,2012-10,155,4.116189964157706,1.585162037037037,6.803075570416624,0.0,30.999212962962964,168722,232.0258064516129,Seattle
Seattle,2012-11,143,4.455988005050505,1.5485532407407407,7.389979931202277,0.0050578703703703706,29.999756944444446,184354,238.95104895104896,Seattle
Seattle,2012-12,143,4.696296134421135,1.4766782407407408,7.430854569721301,0.004895833333333334,30.99974537037037,225293,234.07692307692307,Seattle
Seattle,2013-01,155,4.13995908004779,1.4416203703703703,6.707932838141858,0.006689814814814815,30.999571759259258,160094,235.41935483870967,Seattle
Seattle,2013-02,149,3.6326117014665673,1.3509837962962963,6.163492567301825,0.005844907407407407,27.999363425925925,148557,235.11409395973155,Seattle
Seattle,2013-03,141,4.015422576832151,1.4085532407407408,6.974010601421585,0.006550925925925926,30.998368055555556,110242,233.67375886524823,Seattle
Seattle,2013-04,141,3.465613754268453,1.2177430555555555,5.575573323419601,0.007094907407407407,28.02891203703704,80986,232.74468085106383,Seattle
Seattle,2013-05,145,3.5268430715197954,1.3336458333333334,5.940778819690154,0.006284722222222222,28.785439814814815,123534,230.69655172413792,Seattle
Seattle,2013-06,135,3.650510888203018,1.3255324074074073,6.07767771096238,0.0070023148148148145,29.010983796296298,93166,237.65185185185186,Seattle
Seattle,2013-07,132,3.4570785984848484,1.324565972222222,5.955472622610207,0.00625,30.3675,71009,242.3181818181818,Seattle
Seattle,2013-08,143,3.505097448847449,1.3945486111111112,5.9268337560532025,0.000787037037037037,30.99800925925926,83780,234.06293706293707,Seattle
Seattle,2013-09,146,3.489158580669711,1.2824479166666667,5.868141303726124,0.003472222222222222,29.778900462962962,127755,237.78082191780823,Seattle
Seattle,2013-10,155,4.046809438470729,1.5163657407407407,6.221124119344703,0.001388888888888889,30.99966435185185,162989,240.58709677419355,Seattle
Seattle,2013-12,141,4.426780273180983,1.5714583333333334,6.857743438365485,0.00568287037037037,30.997245370370372,104517,245.07801418439718,Seattle
Seattle,2013-11,148,3.865863363363364,1.4887615740740743,5.875199012671632,0.006261574074074074,28.68003472222222,96647,244.61486486486487,Seattle
Seattle,2014-02,142,3.9016761215440794,1.3904166666666669,6.095833116054466,0.005567129629629629,27.999340277777776,109122,240.4718309859155,Seattle
Seattle,2014-01,153,4.015626361655774,1.3499074074074073,6.071999776475931,0.007638888888888889,28.236655092592592,110378,245.98039215686273,Seattle
Seattle,2014-03,160,4.187810691550926,1.355491898148148,7.116590625407643,0.0069560185185185185,29.92369212962963,141888,237.2,Seattle
Seattle,2014-04,155,3.819409946236559,1.197326388888889,6.171917079594146,0.00636574074074074,29.999849537037036,134703,242.30322580645162,Seattle
Seattle,2014-06,139,3.59949165667466,1.3844675925925927,5.8217087599469455,0.00625,28.932939814814816,80088,241.66906474820144,Seattle
Seattle,2014-05,146,4.113956272196854,1.4142187499999999,6.904534541525361,0.0069560185185185185,30.059328703703702,141082,244.9794520547945,Seattle
Seattle,2014-07,136,3.415660232843137,1.1789293981481483,5.640339435567869,0.005625,28.5353125,61138,246.5441176470588,Seattle
Seattle,2014-08,135,4.142627486282579,1.4316898148148147,6.62669741917297,0.00625,29.026435185185186,77484,245.6962962962963,Seattle
Seattle,2014-10,126,4.070813675778953,1.6010243055555557,5.691887896610506,0.0,26.77466435185185,115471,244.9047619047619,Seattle
Seattle,2014-09,123,3.8234217856067447,1.4755208333333334,6.127660155810489,0.00625,29.999525462962964,103871,241.6260162601626,Seattle
Seattle,2014-12,137,5.838984522844012,2.5771064814814815,7.508034407821746,0.005613425925925926,30.999606481481482,195995,245.16058394160584,Seattle
Houston,2009-01,512,4.2399305555555555,2.1534722222222222,5.592446327033158,0.013194444444444444,30.99861111111111,134097,171.25390625,Houston
Houston,2009-02,419,4.454252850702731,1.9354166666666666,5.8286470600020435,0.02638888888888889,27.261111111111113,117036,174.91885441527447,Houston
Houston,2009-06,93,0.6926672640382318,0.034722222222222224,1.0415412538350683,0.018055555555555554,3.910416666666667,17055,178.11827956989248,Houston
Houston,2009-05,461,4.439938840684502,1.9645833333333333,6.199317853121873,0.0006944444444444445,30.99652777777778,111912,172.58134490238612,Houston
Houston,2009-07,422,5.352369668246445,2.2444444444444445,7.14848102013218,0.004166666666666667,30.216666666666665,137640,173.66587677725119,Houston
Houston,2009-08,436,4.577025993883792,2.024652777777778,6.0793811770267485,0.015277777777777777,28.92013888888889,108608,175.0183486238532,Houston
Houston,2009-09,419,4.56784506762132,2.0493055555555557,5.943660569075489,0.02361111111111111,28.930555555555557,121744,175.3985680190931,Houston
Houston,2009-10,435,5.089803639846743,2.098611111111111,6.7249738679356605,0.02013888888888889,29.62013888888889,133330,174.89425287356323,Houston
Houston,2009-11,448,4.765733506944445,2.184375,6.2956023705316095,0.022916666666666665,29.021527777777777,131178,177.15401785714286,Houston
Houston,2009-12,430,4.324489664082687,2.1690972222222222,5.55751924346787,0.013194444444444444,28.54375,155932,180.2232558139535,Houston
Houston,2010-02,382,4.3811372891215825,2.1465277777777776,5.576984103479616,0.02361111111111111,27.661805555555556,113181,179.63874345549738,Houston
Houston,2009-04,447,4.520738565746955,1.9361111111111111,6.208568911333278,0.022222222222222223,29.68402777777778,127804,174.8993288590604,Houston
Houston,2009-03,445,4.463125780274657,1.8756944444444446,6.22985207172169,0.002777777777777778,30.672916666666666,116184,176.7932584269663,Houston
Houston,2010-01,436,4.826105377166157,2.4006944444444445,6.109486999126213,0.0,29.68611111111111,138793,178.52981651376146,Houston
Houston,2010-05,458,4.709685832120329,2.1975694444444445,6.021500690020582,0.022916666666666665,30.479166666666668,145574,178.74235807860262,Houston
Houston,2010-04,455,4.615468559218559,2.170138888888889,5.94811881816452,0.004166666666666667,29.582638888888887,140121,177.6791208791209,Houston
Houston,2010-03,452,4.475780481809243,2.114236111111111,5.906948803772186,0.022222222222222223,30.163194444444443,132727,180.42256637168143,Houston
Houston,2010-06,456,4.245691703216374,2.015625,5.427917054647292,0.0,29.997916666666665,150527,177.5548245614035,Houston
Houston,2010-07,474,4.7235715541490855,2.173611111111111,5.990455502818694,0.016666666666666666,30.997916666666665,145132,177.46835443037975,Houston
Houston,2010-09,479,4.4027038390164694,1.9840277777777777,6.19823888379889,0.024305555555555556,28.590972222222224,140840,178.41127348643008,Houston
Houston,2010-10,482,4.603735880590134,2.1031250000000004,5.970069066843764,0.009027777777777777,30.99652777777778,142441,179.49585062240664,Houston
Houston,2010-08,480,4.4143243634259255,2.052083333333333,6.011255446049282,0.019444444444444445,29.606944444444444,147690,179.57708333333332,Houston
Houston,2010-12,477,4.515363673421849,2.091666666666667,6.238855391984305,0.0006944444444444445,30.025,142159,179.75052410901466,Houston
Houston,2010-11,459,4.264692265795207,2.0930555555555554,5.456423861118258,0.007638888888888889,28.856944444444444,140572,182.27015250544662,Houston
Houston,2011-04,482,4.761455451821116,2.330902777777778,6.043460218675366,0.009027777777777777,28.088194444444444,144848,180.50207468879668,Houston
Houston,2011-03,534,4.976676290054098,2.3038194444444446,6.452356037364912,0.020833333333333332,29.94375,155647,180.3689138576779,Houston
Houston,2011-05,502,4.315553065515715,2.2854166666666664,5.352838661375019,0.022916666666666665,28.025694444444444,141371,179.0398406374502,Houston
Houston,2011-06,464,4.423534782088123,1.9993055555555554,5.877814537782721,0.017361111111111112,28.323611111111113,124530,179.02370689655172,Houston
Houston,2011-07,503,4.422292633090347,2.002083333333333,6.0505308596814285,0.007638888888888889,30.620833333333334,132235,178.20079522862824,Houston
Houston,2011-08,474,4.487221636193155,2.1534722222222222,6.078640755917227,0.024305555555555556,28.920833333333334,128219,181.40084388185653,Houston
Houston,2011-02,407,4.306035012285013,2.0027777777777778,5.812169741434895,0.011111111111111112,26.802777777777777,132053,180.27764127764127,Houston
Houston,2011-10,487,4.720893223819301,2.19375,6.187367732854513,0.02361111111111111,30.273611111111112,135773,177.0041067761807,Houston
Houston,2011-01,488,4.751475694444444,2.270138888888889,6.022493324505243,0.025694444444444443,30.5625,152201,181.60860655737704,Houston
Houston,2011-09,471,4.58070447039396,2.213888888888889,6.153939472842534,0.02361111111111111,29.997916666666665,147306,177.91932059447984,Houston
Houston,2012-01,434,4.327123709250726,2.2873726851851854,5.390703074894366,0.009409722222222222,26.69939814814815,112852,183.09907834101384,Houston
Houston,2012-02,454,4.376508734092021,2.5278935185185185,5.142361639002587,0.023877314814814816,28.486875,127736,179.41189427312776,Houston
Houston,2011-12,463,4.934932205423566,2.45,6.2804522694118345,0.001388888888888889,30.897222222222222,139616,181.98920086393088,Houston
Houston,2011-11,446,4.5893964872944695,2.2944444444444443,5.745359832874252,0.00625,29.997916666666665,126346,179.94843049327355,Houston
Houston,2012-04,498,4.499030543470177,2.295497685185185,5.684433082465913,0.009756944444444445,29.690046296296295,125757,180.789156626506,Houston
Houston,2012-03,521,5.451602642709888,2.654074074074074,6.613228526864911,0.02554398148148148,30.198541666666667,145467,178.07485604606526,Houston
Houston,2012-05,518,4.784108863327614,2.385497685185185,6.327996959747996,0.02554398148148148,30.356875,140922,177.93243243243242,Houston
Houston,2012-07,488,4.729813842402853,2.235266203703704,6.249638400861438,0.025659722222222223,29.136493055555555,132374,181.38934426229508,Houston
Houston,2012-06,468,4.717307049303577,2.205601851851852,6.115260842753116,0.022754629629629628,29.998981481481483,132133,177.6303418803419,Houston
Houston,2012-08,498,4.638053184962071,2.231730324074074,6.0310951435117675,0.02533564814814815,30.99861111111111,126609,178.06425702811245,Houston
Houston,2012-09,493,4.826445468033957,2.1592824074074075,6.503253376416458,0.024212962962962964,29.62763888888889,135446,180.29614604462475,Houston
Houston,2012-12,472,4.580916632336786,2.219664351851852,6.10917315283078,0.01443287037037037,29.786203703703702,137209,181.01694915254237,Houston
Houston,2012-10,464,4.738104944923371,2.396400462962963,5.933866341612909,0.025405092592592594,28.136134259259258,119712,181.1206896551724,Houston
Houston,2013-01,464,4.775757702745849,2.5827141203703707,6.0097648865960345,0.024791666666666667,29.73517361111111,133388,177.68534482758622,Houston
Houston,2013-02,448,4.226420640087633,2.3180497685185184,5.200739043351378,0.023715277777777776,26.294583333333332,117736,177.81919642857142,Houston
Houston,2012-11,482,4.579756007952973,2.047951388888889,6.344630660497489,0.024155092592592593,29.01539351851852,123286,182.02697095435684,Houston
Houston,2013-04,465,4.8871598217841505,2.541585648148148,6.221637958679275,0.007152777777777778,29.000138888888888,124463,181.73333333333332,Houston
Houston,2013-03,454,4.864444215002448,2.258252314814815,6.436025507318679,0.023125,30.508078703703703,113935,179.1806167400881,Houston
Houston,2013-05,509,4.916424452448519,2.485196759259259,6.289175708155177,0.023993055555555556,30.32417824074074,137233,182.01571709233792,Houston
Houston,2013-06,461,4.709555967301357,2.205150462962963,6.243218328721732,0.014583333333333334,29.971666666666668,127518,181.72668112798266,Houston
Houston,2013-09,484,4.488362101124885,2.3546296296296294,5.767181948508103,0.021122685185185185,28.78986111111111,140151,179.69421487603304,Houston
Houston,2013-11,495,4.6065141694725025,2.461145833333333,5.928133243512066,0.005,28.380057870370372,115740,182.75555555555556,Houston
Houston,2013-12,481,5.213953617078618,2.3968055555555554,6.675560213433597,0.002905092592592593,30.28465277777778,125907,182.64449064449065,Houston
Houston,2013-10,501,4.608500475900051,2.278449074074074,5.995368866262849,0.02332175925925926,29.57675925925926,133520,182.27944111776446,Houston
Houston,2014-01,467,4.812844446427155,2.484699074074074,6.198855579716842,0.016458333333333332,30.24621527777778,122959,183.4154175588865,Houston
Houston,2014-02,427,4.859577099054558,2.6118402777777776,6.219784497687118,0.025092592592592593,26.87664351851852,94211,181.40281030444964,Houston
Houston,2014-03,493,5.2951471527308245,2.5156597222222223,6.895172669960934,0.0014583333333333334,30.996076388888888,125885,183.30628803245435,Houston
Houston,2014-04,508,4.937976314158647,2.330491898148148,6.454169742509825,0.01255787037037037,28.726296296296297,120911,182.86220472440945,Houston
Houston,2014-06,480,4.193529658564815,2.069056712962963,5.46200590397241,0.023159722222222224,29.030983796296297,99425,180.81875,Houston
Houston,2014-05,498,4.923410795961625,2.457800925925926,6.066728710681441,0.00568287037037037,30.77917824074074,124383,181.8734939759036,Houston
Houston,2014-09,483,4.451345108695652,2.3100694444444443,5.717125922132589,0.027546296296296298,29.060057870370372,126466,185.32919254658384,Houston
Houston,2014-07,505,5.065958791712505,2.659212962962963,6.098930067660835,0.023761574074074074,29.631342592592592,121804,181.00396039603962,Houston
Houston,2014-08,509,4.902475396565524,2.560798611111111,6.00938628061229,0.007650462962962963,29.125416666666666,129410,180.90766208251475,Houston
Houston,2014-11,158,1.0104001845991561,0.051550925925925924,1.3345812163012323,0.018958333333333334,6.595868055555556,23662,180.9746835443038,Houston
Houston,2014-12,472,4.836871321798493,2.5491724537037035,6.0068750132414825,0.0,29.721851851851852,124913,182.13983050847457,Houston
Houston,2014-10,496,5.1129379713635,2.389369212962963,6.757930659234959,0.0023148148148148147,30.64351851851852,122035,181.5201612903226,Houston
