port_complex_id,year_month,official_activity
baltimore_md,2015-01,402386239.0
baltimore_md,2015-02,326228829.0
baltimore_md,2015-03,424479827.0
baltimore_md,2015-04,351460066.0
baltimore_md,2015-05,403723639.0
baltimore_md,2015-06,439865056.0
baltimore_md,2015-07,387558802.0
baltimore_md,2015-08,398615428.0
baltimore_md,2015-09,338795485.0
baltimore_md,2015-10,343077537.0
baltimore_md,2015-11,345882543.0
baltimore_md,2015-12,373839104.0
baltimore_md,2016-01,360008189.0
baltimore_md,2016-02,350666351.0
baltimore_md,2016-03,370880110.0
baltimore_md,2016-04,382323311.0
baltimore_md,2016-05,427532719.0
baltimore_md,2016-06,449224207.0
baltimore_md,2016-07,370191965.0
baltimore_md,2016-08,380181663.0
baltimore_md,2016-09,345714668.0
baltimore_md,2016-10,325336292.0
baltimore_md,2016-11,379475963.0
baltimore_md,2016-12,411639498.0
baltimore_md,2017-01,407446757.0
baltimore_md,2017-02,357049238.0
baltimore_md,2017-03,385624482.0
baltimore_md,2017-04,400074612.0
baltimore_md,2017-05,472390915.0
baltimore_md,2017-06,422383699.0
baltimore_md,2017-07,447609314.0
baltimore_md,2017-08,488535892.0
baltimore_md,2017-09,444454617.0
baltimore_md,2017-10,468392263.0
baltimore_md,2017-11,409149719.0
baltimore_md,2017-12,425285617.0
baltimore_md,2018-01,465982410.0
baltimore_md,2018-02,472800777.0
baltimore_md,2018-03,463012234.0
baltimore_md,2018-04,412898958.0
baltimore_md,2018-05,465058402.0
baltimore_md,2018-06,433813179.0
baltimore_md,2018-07,491534880.0
baltimore_md,2018-08,461476390.0
baltimore_md,2018-09,408553586.0
baltimore_md,2018-10,442591421.0
baltimore_md,2018-11,429788603.0
baltimore_md,2018-12,461930305.0
baltimore_md,2019-01,493947309.0
baltimore_md,2019-02,403294153.0
baltimore_md,2019-03,458757925.0
baltimore_md,2019-04,466662313.0
baltimore_md,2019-05,521375435.0
baltimore_md,2019-06,392795547.0
baltimore_md,2019-07,498007696.0
baltimore_md,2019-08,468324066.0
baltimore_md,2019-09,441743687.0
baltimore_md,2019-10,445925162.0
baltimore_md,2019-11,381126310.0
baltimore_md,2019-12,438587995.0
baltimore_md,2020-01,430636538.0
baltimore_md,2020-02,339592366.0
baltimore_md,2020-03,442012903.0
baltimore_md,2020-04,471428661.0
baltimore_md,2020-05,453287804.0
baltimore_md,2020-06,396224426.0
baltimore_md,2020-07,445774378.0
baltimore_md,2020-08,391237705.0
baltimore_md,2020-09,474965893.0
baltimore_md,2020-10,531755234.0
baltimore_md,2020-11,455068437.0
baltimore_md,2020-12,493408588.0
baltimore_md,2021-01,497689892.0
baltimore_md,2021-02,433469177.0
baltimore_md,2021-03,491804234.0
baltimore_md,2021-04,523493307.0
baltimore_md,2021-05,524609260.0
baltimore_md,2021-06,510372360.0
baltimore_md,2021-07,470232561.0
baltimore_md,2021-08,446384836.0
baltimore_md,2021-09,470771517.0
baltimore_md,2021-10,438568911.0
baltimore_md,2021-11,431165752.0
baltimore_md,2021-12,565015948.0
baltimore_md,2022-01,484839020.0
baltimore_md,2022-02,444390924.0
baltimore_md,2022-03,562069926.0
baltimore_md,2022-04,455942245.0
baltimore_md,2022-05,536239264.0
baltimore_md,2022-06,564338209.0
baltimore_md,2022-07,579458505.0
baltimore_md,2022-08,562136204.0
baltimore_md,2022-09,432550656.0
baltimore_md,2022-10,585772180.0
baltimore_md,2022-11,437087589.0
baltimore_md,2022-12,461513636.0
baltimore_md,2023-01,530884115.0
baltimore_md,2023-02,408320456.0
baltimore_md,2023-03,460580569.0
baltimore_md,2023-04,540198494.0
baltimore_md,2023-05,475427241.0
baltimore_md,2023-06,516545302.0
baltimore_md,2023-07,573246719.0
baltimore_md,2023-08,497976672.0
baltimore_md,2023-09,444793420.0
baltimore_md,2023-10,640772408.0
baltimore_md,2023-11,495413955.0
baltimore_md,2023-12,515040578.0
baltimore_md,2024-01,489739821.0
baltimore_md,2024-02,454032601.0
baltimore_md,2024-03,421402328.0
baltimore_md,2024-04,70557628.0
baltimore_md,2024-05,39140824.0
baltimore_md,2024-06,92020078.0
baltimore_md,2024-07,223267856.0
baltimore_md,2024-08,387298129.0
baltimore_md,2024-09,451892069.0
baltimore_md,2024-10,403523474.0
baltimore_md,2024-11,478189952.0
baltimore_md,2024-12,486200608.0
baltimore_md,2025-01,517943217.0
baltimore_md,2025-02,440488159.0
baltimore_md,2025-03,553697888.0
baltimore_md,2025-04,621719011.0
baltimore_md,2025-05,571168057.0
baltimore_md,2025-06,505167338.0
baltimore_md,2025-07,599553775.0
baltimore_md,2025-08,504344520.0
baltimore_md,2025-09,443079798.0
baltimore_md,2025-10,532952321.0
baltimore_md,2025-11,451622801.0
baltimore_md,2025-12,516080882.0
boston_ma,2015-01,72640248.0
boston_ma,2015-02,120697768.0
boston_ma,2015-03,138633385.0
boston_ma,2015-04,66573419.0
boston_ma,2015-05,77065752.0
boston_ma,2015-06,104824566.0
boston_ma,2015-07,89569104.0
boston_ma,2015-08,83217841.0
boston_ma,2015-09,82729486.0
boston_ma,2015-10,83741478.0
boston_ma,2015-11,88946338.0
boston_ma,2015-12,102922869.0
boston_ma,2016-01,78682749.0
boston_ma,2016-02,89629623.0
boston_ma,2016-03,75474393.0
boston_ma,2016-04,97856120.0
boston_ma,2016-05,81700156.0
boston_ma,2016-06,89990938.0
boston_ma,2016-07,76384412.0
boston_ma,2016-08,98080049.0
boston_ma,2016-09,71938794.0
boston_ma,2016-10,87934622.0
boston_ma,2016-11,68911269.0
boston_ma,2016-12,73514457.0
boston_ma,2017-01,90979279.0
boston_ma,2017-02,81600420.0
boston_ma,2017-03,65469402.0
boston_ma,2017-04,84451823.0
boston_ma,2017-05,79757287.0
boston_ma,2017-06,96599905.0
boston_ma,2017-07,91167448.0
boston_ma,2017-08,91393238.0
boston_ma,2017-09,81490921.0
boston_ma,2017-10,129389663.0
boston_ma,2017-11,82373283.0
boston_ma,2017-12,85731667.0
boston_ma,2018-01,82824560.0
boston_ma,2018-02,86626801.0
boston_ma,2018-03,123565288.0
boston_ma,2018-04,70853455.0
boston_ma,2018-05,85487081.0
boston_ma,2018-06,96952512.0
boston_ma,2018-07,104346300.0
boston_ma,2018-08,98978785.0
boston_ma,2018-09,77443451.0
boston_ma,2018-10,116652754.0
boston_ma,2018-11,94637046.0
boston_ma,2018-12,87912353.0
boston_ma,2019-01,81396318.0
boston_ma,2019-02,97270981.0
boston_ma,2019-03,147855239.0
boston_ma,2019-04,96148514.0
boston_ma,2019-05,88457485.0
boston_ma,2019-06,100606810.0
boston_ma,2019-07,91306142.0
boston_ma,2019-08,106077393.0
boston_ma,2019-09,80032651.0
boston_ma,2019-10,119340376.0
boston_ma,2019-11,86176383.0
boston_ma,2019-12,86077491.0
boston_ma,2020-01,98114434.0
boston_ma,2020-02,84147457.0
boston_ma,2020-03,98794983.0
boston_ma,2020-04,80868702.0
boston_ma,2020-05,94798203.0
boston_ma,2020-06,71251767.0
boston_ma,2020-07,93242791.0
boston_ma,2020-08,79173838.0
boston_ma,2020-09,115703818.0
boston_ma,2020-10,89867085.0
boston_ma,2020-11,82363427.0
boston_ma,2020-12,97334567.0
boston_ma,2021-01,84680683.0
boston_ma,2021-02,46872782.0
boston_ma,2021-03,95901698.0
boston_ma,2021-04,83409571.0
boston_ma,2021-05,76092200.0
boston_ma,2021-06,79707368.0
boston_ma,2021-07,61043329.0
boston_ma,2021-08,74087855.0
boston_ma,2021-09,51489933.0
boston_ma,2021-10,54974309.0
boston_ma,2021-11,72726480.0
boston_ma,2021-12,45076142.0
boston_ma,2022-01,44957287.0
boston_ma,2022-02,38912406.0
boston_ma,2022-03,42002736.0
boston_ma,2022-04,47121650.0
boston_ma,2022-05,51736076.0
boston_ma,2022-06,66547808.0
boston_ma,2022-07,83655631.0
boston_ma,2022-08,76174099.0
boston_ma,2022-09,63541532.0
boston_ma,2022-10,98128845.0
boston_ma,2022-11,82618603.0
boston_ma,2022-12,72832207.0
boston_ma,2023-01,113405705.0
boston_ma,2023-02,62762608.0
boston_ma,2023-03,67285807.0
boston_ma,2023-04,74360999.0
boston_ma,2023-05,90860894.0
boston_ma,2023-06,68433956.0
boston_ma,2023-07,90940031.0
boston_ma,2023-08,122727563.0
boston_ma,2023-09,76142886.0
boston_ma,2023-10,86292229.0
boston_ma,2023-11,89011683.0
boston_ma,2023-12,83964541.0
boston_ma,2024-01,88429399.0
boston_ma,2024-02,85572713.0
boston_ma,2024-03,82067425.0
boston_ma,2024-04,100430945.0
boston_ma,2024-05,96059360.0
boston_ma,2024-06,93407354.0
boston_ma,2024-07,90265841.0
boston_ma,2024-08,76456890.0
boston_ma,2024-09,117749437.0
boston_ma,2024-10,86416290.0
boston_ma,2024-11,91360283.0
boston_ma,2024-12,120924166.0
boston_ma,2025-01,75460810.0
boston_ma,2025-02,89818574.0
boston_ma,2025-03,97586673.0
boston_ma,2025-04,140750869.0
boston_ma,2025-05,96588664.0
boston_ma,2025-06,94460228.0
boston_ma,2025-07,89040351.0
boston_ma,2025-08,133677927.0
boston_ma,2025-09,69093832.0
boston_ma,2025-10,70490994.0
boston_ma,2025-11,79030748.0
boston_ma,2025-12,83741745.0
charleston_sc,2015-01,556849810.0
charleston_sc,2015-02,506740916.0
charleston_sc,2015-03,602901343.0
charleston_sc,2015-04,669842809.0
charleston_sc,2015-05,647133541.0
charleston_sc,2015-06,598665045.0
charleston_sc,2015-07,618725156.0
charleston_sc,2015-08,585796680.0
charleston_sc,2015-09,598255586.0
charleston_sc,2015-10,585332956.0
charleston_sc,2015-11,565029879.0
charleston_sc,2015-12,594569490.0
charleston_sc,2016-01,555442560.0
charleston_sc,2016-02,540565411.0
charleston_sc,2016-03,617282697.0
charleston_sc,2016-04,567485305.0
charleston_sc,2016-05,599305746.0
charleston_sc,2016-06,576750887.0
charleston_sc,2016-07,594461224.0
charleston_sc,2016-08,659829437.0
charleston_sc,2016-09,572750141.0
charleston_sc,2016-10,599548305.0
charleston_sc,2016-11,582905656.0
charleston_sc,2016-12,596195052.0
charleston_sc,2017-01,707096924.0
charleston_sc,2017-02,620771633.0
charleston_sc,2017-03,711522834.0
charleston_sc,2017-04,795868072.0
charleston_sc,2017-05,810745274.0
charleston_sc,2017-06,714902499.0
charleston_sc,2017-07,677124864.0
charleston_sc,2017-08,605873282.0
charleston_sc,2017-09,753317531.0
charleston_sc,2017-10,658347185.0
charleston_sc,2017-11,595871079.0
charleston_sc,2017-12,632042733.0
charleston_sc,2018-01,628835958.0
charleston_sc,2018-02,556341889.0
charleston_sc,2018-03,678723169.0
charleston_sc,2018-04,650807935.0
charleston_sc,2018-05,651367568.0
charleston_sc,2018-06,674690917.0
charleston_sc,2018-07,688697444.0
charleston_sc,2018-08,710701651.0
charleston_sc,2018-09,627223727.0
charleston_sc,2018-10,704455265.0
charleston_sc,2018-11,680381818.0
charleston_sc,2018-12,703760060.0
charleston_sc,2019-01,709668636.0
charleston_sc,2019-02,615707623.0
charleston_sc,2019-03,688295147.0
charleston_sc,2019-04,680309760.0
charleston_sc,2019-05,712007385.0
charleston_sc,2019-06,622140601.0
charleston_sc,2019-07,691861503.0
charleston_sc,2019-08,733350375.0
charleston_sc,2019-09,684085261.0
charleston_sc,2019-10,708272363.0
charleston_sc,2019-11,651501318.0
charleston_sc,2019-12,649401320.0
charleston_sc,2020-01,672796068.0
charleston_sc,2020-02,726995966.0
charleston_sc,2020-03,627501528.0
charleston_sc,2020-04,649738814.0
charleston_sc,2020-05,601631804.0
charleston_sc,2020-06,544388382.0
charleston_sc,2020-07,682619422.0
charleston_sc,2020-08,755284925.0
charleston_sc,2020-09,711456353.0
charleston_sc,2020-10,808967656.0
charleston_sc,2020-11,750419540.0
charleston_sc,2020-12,689815324.0
charleston_sc,2021-01,758764034.0
charleston_sc,2021-02,685952743.0
charleston_sc,2021-03,853354384.0
charleston_sc,2021-04,865543334.0
charleston_sc,2021-05,780583509.0
charleston_sc,2021-06,838005565.0
charleston_sc,2021-07,872297228.0
charleston_sc,2021-08,992612137.0
charleston_sc,2021-09,785182320.0
charleston_sc,2021-10,815810473.0
charleston_sc,2021-11,937828448.0
charleston_sc,2021-12,966579790.0
charleston_sc,2022-01,1160284029.0
charleston_sc,2022-02,926423145.0
charleston_sc,2022-03,895665305.0
charleston_sc,2022-04,1108512166.0
charleston_sc,2022-05,1051039640.0
charleston_sc,2022-06,759253063.0
charleston_sc,2022-07,886689378.0
charleston_sc,2022-08,929558649.0
charleston_sc,2022-09,969945717.0
charleston_sc,2022-10,969415999.0
charleston_sc,2022-11,835195829.0
charleston_sc,2022-12,846760021.0
charleston_sc,2023-01,897200410.0
charleston_sc,2023-02,766210784.0
charleston_sc,2023-03,818164577.0
charleston_sc,2023-04,883804569.0
charleston_sc,2023-05,854612977.0
charleston_sc,2023-06,815497167.0
charleston_sc,2023-07,845091649.0
charleston_sc,2023-08,894922718.0
charleston_sc,2023-09,823922524.0
charleston_sc,2023-10,961519683.0
charleston_sc,2023-11,780686484.0
charleston_sc,2023-12,794289432.0
charleston_sc,2024-01,795402050.0
charleston_sc,2024-02,852121506.0
charleston_sc,2024-03,940460119.0
charleston_sc,2024-04,924813956.0
charleston_sc,2024-05,813967081.0
charleston_sc,2024-06,860616010.0
charleston_sc,2024-07,867251511.0
charleston_sc,2024-08,821923354.0
charleston_sc,2024-09,841854257.0
charleston_sc,2024-10,768733213.0
charleston_sc,2024-11,819171536.0
charleston_sc,2024-12,829505332.0
charleston_sc,2025-01,756378326.0
charleston_sc,2025-02,823974099.0
charleston_sc,2025-03,984891352.0
charleston_sc,2025-04,802439361.0
charleston_sc,2025-05,843456177.0
charleston_sc,2025-06,826198365.0
charleston_sc,2025-07,956236261.0
charleston_sc,2025-08,969408438.0
charleston_sc,2025-09,884667218.0
charleston_sc,2025-10,871262141.0
charleston_sc,2025-11,754623437.0
charleston_sc,2025-12,892076274.0
chester_pa,2015-01,34225656.0
chester_pa,2015-02,48073325.0
chester_pa,2015-03,61812574.0
chester_pa,2015-04,55586474.0
chester_pa,2015-05,56814863.0
chester_pa,2015-06,59359735.0
chester_pa,2015-07,52902710.0
chester_pa,2015-08,41973424.0
chester_pa,2015-09,49946147.0
chester_pa,2015-10,48188731.0
chester_pa,2015-11,46035223.0
chester_pa,2015-12,53326948.0
chester_pa,2016-01,50017963.0
chester_pa,2016-02,49571660.0
chester_pa,2016-03,77633357.0
chester_pa,2016-04,68989112.0
chester_pa,2016-05,59228574.0
chester_pa,2016-06,48615059.0
chester_pa,2016-07,47089505.0
chester_pa,2016-08,55356377.0
chester_pa,2016-09,52874240.0
chester_pa,2016-10,54628228.0
chester_pa,2016-11,58853176.0
chester_pa,2016-12,64729254.0
chester_pa,2017-01,75503076.0
chester_pa,2017-02,83914494.0
chester_pa,2017-03,79382190.0
chester_pa,2017-04,78134049.0
chester_pa,2017-05,71262913.0
chester_pa,2017-06,51620912.0
chester_pa,2017-07,54190588.0
chester_pa,2017-08,64738711.0
chester_pa,2017-09,52702147.0
chester_pa,2017-10,65697555.0
chester_pa,2017-11,64622056.0
chester_pa,2017-12,68453145.0
chester_pa,2018-01,55813244.0
chester_pa,2018-02,77921055.0
chester_pa,2018-03,70439287.0
chester_pa,2018-04,66473122.0
chester_pa,2018-05,68055582.0
chester_pa,2018-06,57811864.0
chester_pa,2018-07,69984647.0
chester_pa,2018-08,58010487.0
chester_pa,2018-09,51453469.0
chester_pa,2018-10,63922422.0
chester_pa,2018-11,57740574.0
chester_pa,2018-12,75097230.0
chester_pa,2019-01,82067051.0
chester_pa,2019-02,78330186.0
chester_pa,2019-03,80475645.0
chester_pa,2019-04,82881046.0
chester_pa,2019-05,71441854.0
chester_pa,2019-06,57527529.0
chester_pa,2019-07,77273595.0
chester_pa,2019-08,68464191.0
chester_pa,2019-09,57748086.0
chester_pa,2019-10,66984536.0
chester_pa,2019-11,67640556.0
chester_pa,2019-12,88504157.0
chester_pa,2020-01,92884111.0
chester_pa,2020-02,86740937.0
chester_pa,2020-03,88471182.0
chester_pa,2020-04,69966027.0
chester_pa,2020-05,50392200.0
chester_pa,2020-06,60897689.0
chester_pa,2020-07,62867641.0
chester_pa,2020-08,68115042.0
chester_pa,2020-09,69607058.0
chester_pa,2020-10,68348348.0
chester_pa,2020-11,72366106.0
chester_pa,2020-12,105804493.0
chester_pa,2021-01,74653091.0
chester_pa,2021-02,88625186.0
chester_pa,2021-03,98819051.0
chester_pa,2021-04,87037015.0
chester_pa,2021-05,81474532.0
chester_pa,2021-06,84003528.0
chester_pa,2021-07,87882860.0
chester_pa,2021-08,97787312.0
chester_pa,2021-09,75261111.0
chester_pa,2021-10,94653387.0
chester_pa,2021-11,102771109.0
chester_pa,2021-12,93040885.0
chester_pa,2022-01,79548976.0
chester_pa,2022-02,81254136.0
chester_pa,2022-03,89366063.0
chester_pa,2022-04,74212500.0
chester_pa,2022-05,95069572.0
chester_pa,2022-06,91133659.0
chester_pa,2022-07,92736427.0
chester_pa,2022-08,121253000.0
chester_pa,2022-09,92733059.0
chester_pa,2022-10,90553576.0
chester_pa,2022-11,103181246.0
chester_pa,2022-12,108927068.0
chester_pa,2023-01,120007459.0
chester_pa,2023-02,108698156.0
chester_pa,2023-03,97351141.0
chester_pa,2023-04,72860655.0
chester_pa,2023-05,88136291.0
chester_pa,2023-06,64181615.0
chester_pa,2023-07,72440357.0
chester_pa,2023-08,91019609.0
chester_pa,2023-09,70179471.0
chester_pa,2023-10,93922841.0
chester_pa,2023-11,74655323.0
chester_pa,2023-12,109716760.0
chester_pa,2024-01,98725391.0
chester_pa,2024-02,83577449.0
chester_pa,2024-03,76479786.0
chester_pa,2024-04,89951605.0
chester_pa,2024-05,74755684.0
chester_pa,2024-06,79169429.0
chester_pa,2024-07,107950721.0
chester_pa,2024-08,86372339.0
chester_pa,2024-09,91716450.0
chester_pa,2024-10,136789613.0
chester_pa,2024-11,108567682.0
chester_pa,2024-12,94406431.0
chester_pa,2025-01,120580445.0
chester_pa,2025-02,97115554.0
chester_pa,2025-03,88131640.0
chester_pa,2025-04,85368647.0
chester_pa,2025-05,92101031.0
chester_pa,2025-06,92637538.0
chester_pa,2025-07,87243774.0
chester_pa,2025-08,70917154.0
chester_pa,2025-09,82328289.0
chester_pa,2025-10,82725674.0
chester_pa,2025-11,76462730.0
chester_pa,2025-12,87091034.0
houston_tx,2015-01,979145150.0
houston_tx,2015-02,755461494.0
houston_tx,2015-03,891665672.0
houston_tx,2015-04,864635119.0
houston_tx,2015-05,896685476.0
houston_tx,2015-06,823725841.0
houston_tx,2015-07,798226506.0
houston_tx,2015-08,723727453.0
houston_tx,2015-09,730899397.0
houston_tx,2015-10,701006804.0
houston_tx,2015-11,601412573.0
houston_tx,2015-12,728131365.0
houston_tx,2016-01,657665553.0
houston_tx,2016-02,734370379.0
houston_tx,2016-03,750935840.0
houston_tx,2016-04,732768411.0
houston_tx,2016-05,713620447.0
houston_tx,2016-06,783381597.0
houston_tx,2016-07,762776980.0
houston_tx,2016-08,813403798.0
houston_tx,2016-09,760387806.0
houston_tx,2016-10,799375879.0
houston_tx,2016-11,808268831.0
houston_tx,2016-12,768637118.0
houston_tx,2017-01,819879391.0
houston_tx,2017-02,746255306.0
houston_tx,2017-03,915033009.0
houston_tx,2017-04,858753092.0
houston_tx,2017-05,931941415.0
houston_tx,2017-06,1039413998.0
houston_tx,2017-07,1014991567.0
houston_tx,2017-08,734320691.0
houston_tx,2017-09,1055433496.0
houston_tx,2017-10,962966853.0
houston_tx,2017-11,855630716.0
houston_tx,2017-12,922753949.0
houston_tx,2018-01,885933894.0
houston_tx,2018-02,837740288.0
houston_tx,2018-03,939486479.0
houston_tx,2018-04,981950499.0
houston_tx,2018-05,1005683787.0
houston_tx,2018-06,990124524.0
houston_tx,2018-07,1066679722.0
houston_tx,2018-08,1060518401.0
houston_tx,2018-09,1063713401.0
houston_tx,2018-10,1043665662.0
houston_tx,2018-11,911154146.0
houston_tx,2018-12,926914396.0
houston_tx,2019-01,994096719.0
houston_tx,2019-02,768822165.0
houston_tx,2019-03,1075218773.0
houston_tx,2019-04,1006674607.0
houston_tx,2019-05,979365691.0
houston_tx,2019-06,1048100710.0
houston_tx,2019-07,1001866666.0
houston_tx,2019-08,1027314502.0
houston_tx,2019-09,939544824.0
houston_tx,2019-10,967874668.0
houston_tx,2019-11,851162443.0
houston_tx,2019-12,900858853.0
houston_tx,2020-01,979252653.0
houston_tx,2020-02,838076240.0
houston_tx,2020-03,905327708.0
houston_tx,2020-04,959492896.0
houston_tx,2020-05,938940095.0
houston_tx,2020-06,893465371.0
houston_tx,2020-07,981892595.0
houston_tx,2020-08,1006078320.0
houston_tx,2020-09,1046511537.0
houston_tx,2020-10,1152747090.0
houston_tx,2020-11,1060779279.0
houston_tx,2020-12,1077387559.0
houston_tx,2021-01,1088207227.0
houston_tx,2021-02,949700545.0
houston_tx,2021-03,1209457227.0
houston_tx,2021-04,1078518461.0
houston_tx,2021-05,1210077079.0
houston_tx,2021-06,1404012609.0
houston_tx,2021-07,1346564701.0
houston_tx,2021-08,1400223649.0
houston_tx,2021-09,1262863706.0
houston_tx,2021-10,1412349927.0
houston_tx,2021-11,1506870215.0
houston_tx,2021-12,1387360345.0
houston_tx,2022-01,1562106591.0
houston_tx,2022-02,1251947738.0
houston_tx,2022-03,1454224361.0
houston_tx,2022-04,1471021301.0
houston_tx,2022-05,1501488318.0
houston_tx,2022-06,1585090755.0
houston_tx,2022-07,1637943917.0
houston_tx,2022-08,1674847569.0
houston_tx,2022-09,1582511066.0
houston_tx,2022-10,1601121030.0
houston_tx,2022-11,1445185185.0
houston_tx,2022-12,1254384124.0
houston_tx,2023-01,1494777688.0
houston_tx,2023-02,1202767802.0
houston_tx,2023-03,1229587105.0
houston_tx,2023-04,1284091910.0
houston_tx,2023-05,1238073125.0
houston_tx,2023-06,1309225292.0
houston_tx,2023-07,1438988472.0
houston_tx,2023-08,1310307605.0
houston_tx,2023-09,1254159764.0
houston_tx,2023-10,1564772470.0
houston_tx,2023-11,1118584422.0
houston_tx,2023-12,1334975823.0
houston_tx,2024-01,1357475462.0
houston_tx,2024-02,1400592808.0
houston_tx,2024-03,1351759440.0
houston_tx,2024-04,1362677515.0
houston_tx,2024-05,1534598259.0
houston_tx,2024-06,1367388624.0
houston_tx,2024-07,1363003229.0
houston_tx,2024-08,1355678998.0
houston_tx,2024-09,1268969096.0
houston_tx,2024-10,1528567655.0
houston_tx,2024-11,1417202255.0
houston_tx,2024-12,1397294641.0
houston_tx,2025-01,1583881382.0
houston_tx,2025-02,1363597999.0
houston_tx,2025-03,1508987826.0
houston_tx,2025-04,1603654423.0
houston_tx,2025-05,1519054962.0
houston_tx,2025-06,1428314452.0
houston_tx,2025-07,1616720776.0
houston_tx,2025-08,1489715247.0
houston_tx,2025-09,1362160335.0
houston_tx,2025-10,1387368160.0
houston_tx,2025-11,1205021080.0
houston_tx,2025-12,1274868198.0
jacksonville_fl,2015-01,111694137.0
jacksonville_fl,2015-02,92310205.0
jacksonville_fl,2015-03,267105736.0
jacksonville_fl,2015-04,340600366.0
jacksonville_fl,2015-05,358912493.0
jacksonville_fl,2015-06,308060789.0
jacksonville_fl,2015-07,456837916.0
jacksonville_fl,2015-08,412411804.0
jacksonville_fl,2015-09,385009268.0
jacksonville_fl,2015-10,452402411.0
jacksonville_fl,2015-11,402221625.0
jacksonville_fl,2015-12,275782917.0
jacksonville_fl,2016-01,168364648.0
jacksonville_fl,2016-02,264053170.0
jacksonville_fl,2016-03,426886586.0
jacksonville_fl,2016-04,359064725.0
jacksonville_fl,2016-05,297949658.0
jacksonville_fl,2016-06,240369394.0
jacksonville_fl,2016-07,307942468.0
jacksonville_fl,2016-08,383965549.0
jacksonville_fl,2016-09,407573052.0
jacksonville_fl,2016-10,301642507.0
jacksonville_fl,2016-11,317095626.0
jacksonville_fl,2016-12,294494077.0
jacksonville_fl,2017-01,420758399.0
jacksonville_fl,2017-02,361473471.0
jacksonville_fl,2017-03,285491859.0
jacksonville_fl,2017-04,190008719.0
jacksonville_fl,2017-05,328421569.0
jacksonville_fl,2017-06,142408058.0
jacksonville_fl,2017-07,159879869.0
jacksonville_fl,2017-08,157459910.0
jacksonville_fl,2017-09,164159366.0
jacksonville_fl,2017-10,162607402.0
jacksonville_fl,2017-11,136766238.0
jacksonville_fl,2017-12,184060788.0
jacksonville_fl,2018-01,234762993.0
jacksonville_fl,2018-02,168054541.0
jacksonville_fl,2018-03,144742041.0
jacksonville_fl,2018-04,106115705.0
jacksonville_fl,2018-05,207376292.0
jacksonville_fl,2018-06,165583496.0
jacksonville_fl,2018-07,157445165.0
jacksonville_fl,2018-08,153326286.0
jacksonville_fl,2018-09,161603956.0
jacksonville_fl,2018-10,161318518.0
jacksonville_fl,2018-11,157342681.0
jacksonville_fl,2018-12,178967378.0
jacksonville_fl,2019-01,156800401.0
jacksonville_fl,2019-02,268810206.0
jacksonville_fl,2019-03,159358576.0
jacksonville_fl,2019-04,168677801.0
jacksonville_fl,2019-05,172374887.0
jacksonville_fl,2019-06,214963632.0
jacksonville_fl,2019-07,175363589.0
jacksonville_fl,2019-08,166191143.0
jacksonville_fl,2019-09,161857793.0
jacksonville_fl,2019-10,181835398.0
jacksonville_fl,2019-11,169827286.0
jacksonville_fl,2019-12,165016334.0
jacksonville_fl,2020-01,151509235.0
jacksonville_fl,2020-02,165665816.0
jacksonville_fl,2020-03,104098915.0
jacksonville_fl,2020-04,171916389.0
jacksonville_fl,2020-05,184152365.0
jacksonville_fl,2020-06,220109732.0
jacksonville_fl,2020-07,164985209.0
jacksonville_fl,2020-08,177827781.0
jacksonville_fl,2020-09,208935738.0
jacksonville_fl,2020-10,156229760.0
jacksonville_fl,2020-11,220378373.0
jacksonville_fl,2020-12,219519751.0
jacksonville_fl,2021-01,220336760.0
jacksonville_fl,2021-02,132675352.0
jacksonville_fl,2021-03,206581051.0
jacksonville_fl,2021-04,218210452.0
jacksonville_fl,2021-05,218798789.0
jacksonville_fl,2021-06,148648941.0
jacksonville_fl,2021-07,155477143.0
jacksonville_fl,2021-08,163418896.0
jacksonville_fl,2021-09,176596355.0
jacksonville_fl,2021-10,178342611.0
jacksonville_fl,2021-11,141149010.0
jacksonville_fl,2021-12,195699058.0
jacksonville_fl,2022-01,241336467.0
jacksonville_fl,2022-02,123196112.0
jacksonville_fl,2022-03,292795031.0
jacksonville_fl,2022-04,231225665.0
jacksonville_fl,2022-05,183905261.0
jacksonville_fl,2022-06,180806481.0
jacksonville_fl,2022-07,262402102.0
jacksonville_fl,2022-08,285146991.0
jacksonville_fl,2022-09,158959779.0
jacksonville_fl,2022-10,342061153.0
jacksonville_fl,2022-11,173931931.0
jacksonville_fl,2022-12,191305529.0
jacksonville_fl,2023-01,246610764.0
jacksonville_fl,2023-02,175083354.0
jacksonville_fl,2023-03,259779054.0
jacksonville_fl,2023-04,194816237.0
jacksonville_fl,2023-05,204530531.0
jacksonville_fl,2023-06,146452531.0
jacksonville_fl,2023-07,131760617.0
jacksonville_fl,2023-08,236343178.0
jacksonville_fl,2023-09,173695735.0
jacksonville_fl,2023-10,169410350.0
jacksonville_fl,2023-11,190391140.0
jacksonville_fl,2023-12,242916188.0
jacksonville_fl,2024-01,149061070.0
jacksonville_fl,2024-02,166195336.0
jacksonville_fl,2024-03,217213660.0
jacksonville_fl,2024-04,222384319.0
jacksonville_fl,2024-05,221226021.0
jacksonville_fl,2024-06,194519312.0
jacksonville_fl,2024-07,216951743.0
jacksonville_fl,2024-08,204193206.0
jacksonville_fl,2024-09,202640436.0
jacksonville_fl,2024-10,201201681.0
jacksonville_fl,2024-11,171579109.0
jacksonville_fl,2024-12,247267094.0
jacksonville_fl,2025-01,248802981.0
jacksonville_fl,2025-02,176879623.0
jacksonville_fl,2025-03,219158059.0
jacksonville_fl,2025-04,209634495.0
jacksonville_fl,2025-05,262119349.0
jacksonville_fl,2025-06,164890268.0
jacksonville_fl,2025-07,266711762.0
jacksonville_fl,2025-08,224369961.0
jacksonville_fl,2025-09,269305510.0
jacksonville_fl,2025-10,228940056.0
jacksonville_fl,2025-11,198086063.0
jacksonville_fl,2025-12,195197193.0
miami_fl,2015-01,261826211.0
miami_fl,2015-02,245847097.0
miami_fl,2015-03,294929699.0
miami_fl,2015-04,252785435.0
miami_fl,2015-05,263063654.0
miami_fl,2015-06,264879816.0
miami_fl,2015-07,299369610.0
miami_fl,2015-08,248997142.0
miami_fl,2015-09,279888765.0
miami_fl,2015-10,259834999.0
miami_fl,2015-11,275704833.0
miami_fl,2015-12,297456320.0
miami_fl,2016-01,274510723.0
miami_fl,2016-02,292310159.0
miami_fl,2016-03,287871206.0
miami_fl,2016-04,255889466.0
miami_fl,2016-05,271316923.0
miami_fl,2016-06,285265996.0
miami_fl,2016-07,277217249.0
miami_fl,2016-08,288640211.0
miami_fl,2016-09,239743216.0
miami_fl,2016-10,261809515.0
miami_fl,2016-11,267419708.0
miami_fl,2016-12,263146419.0
miami_fl,2017-01,279055207.0
miami_fl,2017-02,276804215.0
miami_fl,2017-03,266054227.0
miami_fl,2017-04,263344975.0
miami_fl,2017-05,313485940.0
miami_fl,2017-06,291801854.0
miami_fl,2017-07,276372074.0
miami_fl,2017-08,305016478.0
miami_fl,2017-09,252688945.0
miami_fl,2017-10,281288435.0
miami_fl,2017-11,267000682.0
miami_fl,2017-12,277260506.0
miami_fl,2018-01,270790506.0
miami_fl,2018-02,262047726.0
miami_fl,2018-03,304121079.0
miami_fl,2018-04,262736021.0
miami_fl,2018-05,292625041.0
miami_fl,2018-06,290001706.0
miami_fl,2018-07,265263339.0
miami_fl,2018-08,335599637.0
miami_fl,2018-09,257436338.0
miami_fl,2018-10,298799682.0
miami_fl,2018-11,271992724.0
miami_fl,2018-12,372534758.0
miami_fl,2019-01,339118294.0
miami_fl,2019-02,305674917.0
miami_fl,2019-03,355225054.0
miami_fl,2019-04,299813720.0
miami_fl,2019-05,322212564.0
miami_fl,2019-06,316698966.0
miami_fl,2019-07,349872789.0
miami_fl,2019-08,360837713.0
miami_fl,2019-09,317941680.0
miami_fl,2019-10,359330758.0
miami_fl,2019-11,334914423.0
miami_fl,2019-12,348209738.0
miami_fl,2020-01,326044573.0
miami_fl,2020-02,329266441.0
miami_fl,2020-03,322971561.0
miami_fl,2020-04,270675604.0
miami_fl,2020-05,295667789.0
miami_fl,2020-06,298962251.0
miami_fl,2020-07,345302392.0
miami_fl,2020-08,377624057.0
miami_fl,2020-09,332210240.0
miami_fl,2020-10,381334764.0
miami_fl,2020-11,388366793.0
miami_fl,2020-12,389546585.0
miami_fl,2021-01,438723534.0
miami_fl,2021-02,346922252.0
miami_fl,2021-03,387936031.0
miami_fl,2021-04,395119115.0
miami_fl,2021-05,384990326.0
miami_fl,2021-06,367988168.0
miami_fl,2021-07,385428979.0
miami_fl,2021-08,393750008.0
miami_fl,2021-09,321751010.0
miami_fl,2021-10,370996050.0
miami_fl,2021-11,311716782.0
miami_fl,2021-12,409665565.0
miami_fl,2022-01,339556389.0
miami_fl,2022-02,353255520.0
miami_fl,2022-03,363041439.0
miami_fl,2022-04,338765933.0
miami_fl,2022-05,363029405.0
miami_fl,2022-06,363259584.0
miami_fl,2022-07,323162070.0
miami_fl,2022-08,356338552.0
miami_fl,2022-09,346850549.0
miami_fl,2022-10,386737634.0
miami_fl,2022-11,363984679.0
miami_fl,2022-12,364335900.0
miami_fl,2023-01,370883141.0
miami_fl,2023-02,303601099.0
miami_fl,2023-03,378417979.0
miami_fl,2023-04,315864473.0
miami_fl,2023-05,368736119.0
miami_fl,2023-06,365210464.0
miami_fl,2023-07,362571095.0
miami_fl,2023-08,365061142.0
miami_fl,2023-09,491821690.0
miami_fl,2023-10,379914994.0
miami_fl,2023-11,356409466.0
miami_fl,2023-12,371184430.0
miami_fl,2024-01,352450012.0
miami_fl,2024-02,378565301.0
miami_fl,2024-03,357908468.0
miami_fl,2024-04,346295850.0
miami_fl,2024-05,375052560.0
miami_fl,2024-06,337894151.0
miami_fl,2024-07,399697778.0
miami_fl,2024-08,356357918.0
miami_fl,2024-09,338630574.0
miami_fl,2024-10,357738271.0
miami_fl,2024-11,387013024.0
miami_fl,2024-12,346538927.0
miami_fl,2025-01,403035915.0
miami_fl,2025-02,391887262.0
miami_fl,2025-03,410387208.0
miami_fl,2025-04,389114428.0
miami_fl,2025-05,392237232.0
miami_fl,2025-06,350078942.0
miami_fl,2025-07,442830421.0
miami_fl,2025-08,365718598.0
miami_fl,2025-09,350636224.0
miami_fl,2025-10,411977553.0
miami_fl,2025-11,345999497.0
miami_fl,2025-12,359908926.0
mobile_al,2015-01,63729434.0
mobile_al,2015-02,67391665.0
mobile_al,2015-03,68792946.0
mobile_al,2015-04,143022927.0
mobile_al,2015-05,148749633.0
mobile_al,2015-06,84643363.0
mobile_al,2015-07,149767908.0
mobile_al,2015-08,210281592.0
mobile_al,2015-09,61355103.0
mobile_al,2015-10,125329498.0
mobile_al,2015-11,62999512.0
mobile_al,2015-12,69732727.0
mobile_al,2016-01,65396702.0
mobile_al,2016-02,127759110.0
mobile_al,2016-03,76854284.0
mobile_al,2016-04,121171852.0
mobile_al,2016-05,97675379.0
mobile_al,2016-06,90837667.0
mobile_al,2016-07,112015685.0
mobile_al,2016-08,100077145.0
mobile_al,2016-09,153677812.0
mobile_al,2016-10,93820107.0
mobile_al,2016-11,140205537.0
mobile_al,2016-12,105788743.0
mobile_al,2017-01,115753818.0
mobile_al,2017-02,102666335.0
mobile_al,2017-03,128545984.0
mobile_al,2017-04,174643551.0
mobile_al,2017-05,115095477.0
mobile_al,2017-06,121023770.0
mobile_al,2017-07,172488619.0
mobile_al,2017-08,126704031.0
mobile_al,2017-09,105492454.0
mobile_al,2017-10,105700457.0
mobile_al,2017-11,96853046.0
mobile_al,2017-12,89052923.0
mobile_al,2018-01,95835457.0
mobile_al,2018-02,93156778.0
mobile_al,2018-03,86560082.0
mobile_al,2018-04,74512692.0
mobile_al,2018-05,93437483.0
mobile_al,2018-06,87908709.0
mobile_al,2018-07,104968603.0
mobile_al,2018-08,112299575.0
mobile_al,2018-09,107456964.0
mobile_al,2018-10,150027279.0
mobile_al,2018-11,91253645.0
mobile_al,2018-12,119357849.0
mobile_al,2019-01,116892386.0
mobile_al,2019-02,108400659.0
mobile_al,2019-03,123427426.0
mobile_al,2019-04,129706599.0
mobile_al,2019-05,122399548.0
mobile_al,2019-06,115310827.0
mobile_al,2019-07,126293382.0
mobile_al,2019-08,133618677.0
mobile_al,2019-09,152743536.0
mobile_al,2019-10,166591192.0
mobile_al,2019-11,111508233.0
mobile_al,2019-12,130337730.0
mobile_al,2020-01,171007419.0
mobile_al,2020-02,114324525.0
mobile_al,2020-03,120301479.0
mobile_al,2020-04,124062396.0
mobile_al,2020-05,134515878.0
mobile_al,2020-06,145756923.0
mobile_al,2020-07,183096547.0
mobile_al,2020-08,141336281.0
mobile_al,2020-09,134589708.0
mobile_al,2020-10,181674945.0
mobile_al,2020-11,189561631.0
mobile_al,2020-12,146889108.0
mobile_al,2021-01,152754444.0
mobile_al,2021-02,122734317.0
mobile_al,2021-03,183998886.0
mobile_al,2021-04,138696327.0
mobile_al,2021-05,139338054.0
mobile_al,2021-06,182779904.0
mobile_al,2021-07,145980304.0
mobile_al,2021-08,170297832.0
mobile_al,2021-09,192495369.0
mobile_al,2021-10,152845032.0
mobile_al,2021-11,170929372.0
mobile_al,2021-12,155381597.0
mobile_al,2022-01,186968899.0
mobile_al,2022-02,138281225.0
mobile_al,2022-03,177760201.0
mobile_al,2022-04,213165393.0
mobile_al,2022-05,223929192.0
mobile_al,2022-06,160979567.0
mobile_al,2022-07,201935235.0
mobile_al,2022-08,187660484.0
mobile_al,2022-09,205496640.0
mobile_al,2022-10,163383961.0
mobile_al,2022-11,152110401.0
mobile_al,2022-12,172377624.0
mobile_al,2023-01,164512848.0
mobile_al,2023-02,148263985.0
mobile_al,2023-03,179670450.0
mobile_al,2023-04,161295256.0
mobile_al,2023-05,170246643.0
mobile_al,2023-06,160910841.0
mobile_al,2023-07,178536112.0
mobile_al,2023-08,179977617.0
mobile_al,2023-09,211164542.0
mobile_al,2023-10,203937130.0
mobile_al,2023-11,172075450.0
mobile_al,2023-12,194260766.0
mobile_al,2024-01,181740671.0
mobile_al,2024-02,205515303.0
mobile_al,2024-03,199971104.0
mobile_al,2024-04,190379860.0
mobile_al,2024-05,218463652.0
mobile_al,2024-06,199250767.0
mobile_al,2024-07,169084766.0
mobile_al,2024-08,195446624.0
mobile_al,2024-09,184034360.0
mobile_al,2024-10,172651006.0
mobile_al,2024-11,174506095.0
mobile_al,2024-12,153805217.0
mobile_al,2025-01,180366633.0
mobile_al,2025-02,154303873.0
mobile_al,2025-03,164708820.0
mobile_al,2025-04,230067606.0
mobile_al,2025-05,169617426.0
mobile_al,2025-06,135030084.0
mobile_al,2025-07,180647141.0
mobile_al,2025-08,160346329.0
mobile_al,2025-09,130279404.0
mobile_al,2025-10,170622551.0
mobile_al,2025-11,137073895.0
mobile_al,2025-12,154489817.0
new_orleans_la,2015-01,457811500.0
new_orleans_la,2015-02,267031629.0
new_orleans_la,2015-03,228141524.0
new_orleans_la,2015-04,205800229.0
new_orleans_la,2015-05,276637207.0
new_orleans_la,2015-06,269671753.0
new_orleans_la,2015-07,431899905.0
new_orleans_la,2015-08,300142079.0
new_orleans_la,2015-09,215716658.0
new_orleans_la,2015-10,358405780.0
new_orleans_la,2015-11,213413826.0
new_orleans_la,2015-12,173506105.0
new_orleans_la,2016-01,250501434.0
new_orleans_la,2016-02,233468762.0
new_orleans_la,2016-03,223323075.0
new_orleans_la,2016-04,283803235.0
new_orleans_la,2016-05,242418083.0
new_orleans_la,2016-06,259908071.0
new_orleans_la,2016-07,297719481.0
new_orleans_la,2016-08,268137703.0
new_orleans_la,2016-09,149642598.0
new_orleans_la,2016-10,246425794.0
new_orleans_la,2016-11,177952021.0
new_orleans_la,2016-12,238432362.0
new_orleans_la,2017-01,176697339.0
new_orleans_la,2017-02,158487542.0
new_orleans_la,2017-03,198343965.0
new_orleans_la,2017-04,236112031.0
new_orleans_la,2017-05,207103776.0
new_orleans_la,2017-06,269077878.0
new_orleans_la,2017-07,238434168.0
new_orleans_la,2017-08,320911532.0
new_orleans_la,2017-09,183128749.0
new_orleans_la,2017-10,192785790.0
new_orleans_la,2017-11,207660289.0
new_orleans_la,2017-12,280261557.0
new_orleans_la,2018-01,223402051.0
new_orleans_la,2018-02,204703911.0
new_orleans_la,2018-03,262387898.0
new_orleans_la,2018-04,226127437.0
new_orleans_la,2018-05,286689692.0
new_orleans_la,2018-06,270039834.0
new_orleans_la,2018-07,206919430.0
new_orleans_la,2018-08,193384000.0
new_orleans_la,2018-09,164999148.0
new_orleans_la,2018-10,194726995.0
new_orleans_la,2018-11,163885389.0
new_orleans_la,2018-12,270093510.0
new_orleans_la,2019-01,250576284.0
new_orleans_la,2019-02,159195392.0
new_orleans_la,2019-03,255480009.0
new_orleans_la,2019-04,180959385.0
new_orleans_la,2019-05,276482064.0
new_orleans_la,2019-06,202739801.0
new_orleans_la,2019-07,242460944.0
new_orleans_la,2019-08,261563310.0
new_orleans_la,2019-09,184291078.0
new_orleans_la,2019-10,265570288.0
new_orleans_la,2019-11,258711224.0
new_orleans_la,2019-12,177543303.0
new_orleans_la,2020-01,199160979.0
new_orleans_la,2020-02,154932162.0
new_orleans_la,2020-03,345994929.0
new_orleans_la,2020-04,195648633.0
new_orleans_la,2020-05,228072628.0
new_orleans_la,2020-06,205690062.0
new_orleans_la,2020-07,198432983.0
new_orleans_la,2020-08,137834955.0
new_orleans_la,2020-09,200503630.0
new_orleans_la,2020-10,253582491.0
new_orleans_la,2020-11,161551743.0
new_orleans_la,2020-12,204339472.0
new_orleans_la,2021-01,202807345.0
new_orleans_la,2021-02,175217829.0
new_orleans_la,2021-03,153645001.0
new_orleans_la,2021-04,194929737.0
new_orleans_la,2021-05,259330309.0
new_orleans_la,2021-06,160712160.0
new_orleans_la,2021-07,253885562.0
new_orleans_la,2021-08,341253474.0
new_orleans_la,2021-09,203995492.0
new_orleans_la,2021-10,200675298.0
new_orleans_la,2021-11,327685461.0
new_orleans_la,2021-12,244127864.0
new_orleans_la,2022-01,268898788.0
new_orleans_la,2022-02,145582892.0
new_orleans_la,2022-03,207262730.0
new_orleans_la,2022-04,216597355.0
new_orleans_la,2022-05,269661501.0
new_orleans_la,2022-06,176994069.0
new_orleans_la,2022-07,309368665.0
new_orleans_la,2022-08,247150585.0
new_orleans_la,2022-09,256255869.0
new_orleans_la,2022-10,190210003.0
new_orleans_la,2022-11,233999189.0
new_orleans_la,2022-12,167834378.0
new_orleans_la,2023-01,191929599.0
new_orleans_la,2023-02,292813556.0
new_orleans_la,2023-03,221381940.0
new_orleans_la,2023-04,214910995.0
new_orleans_la,2023-05,289253624.0
new_orleans_la,2023-06,216771422.0
new_orleans_la,2023-07,179131353.0
new_orleans_la,2023-08,208619913.0
new_orleans_la,2023-09,231487285.0
new_orleans_la,2023-10,201476065.0
new_orleans_la,2023-11,164971509.0
new_orleans_la,2023-12,169558040.0
new_orleans_la,2024-01,258206282.0
new_orleans_la,2024-02,190582187.0
new_orleans_la,2024-03,194808441.0
new_orleans_la,2024-04,276006811.0
new_orleans_la,2024-05,250519499.0
new_orleans_la,2024-06,189384742.0
new_orleans_la,2024-07,215123108.0
new_orleans_la,2024-08,209188082.0
new_orleans_la,2024-09,230152681.0
new_orleans_la,2024-10,282331505.0
new_orleans_la,2024-11,175993070.0
new_orleans_la,2024-12,146650457.0
new_orleans_la,2025-01,191304567.0
new_orleans_la,2025-02,170853309.0
new_orleans_la,2025-03,168983847.0
new_orleans_la,2025-04,204062094.0
new_orleans_la,2025-05,377305658.0
new_orleans_la,2025-06,230287048.0
new_orleans_la,2025-07,215376052.0
new_orleans_la,2025-08,244103120.0
new_orleans_la,2025-09,224924073.0
new_orleans_la,2025-10,197113962.0
new_orleans_la,2025-11,167204032.0
new_orleans_la,2025-12,285923982.0
new_york_new_jersey,2015-01,2220284873.0
new_york_new_jersey,2015-02,2155073277.0
new_york_new_jersey,2015-03,2550858023.0
new_york_new_jersey,2015-04,2460159553.0
new_york_new_jersey,2015-05,2267571144.0
new_york_new_jersey,2015-06,2407995765.0
new_york_new_jersey,2015-07,2530658623.0
new_york_new_jersey,2015-08,2412376270.0
new_york_new_jersey,2015-09,2249944531.0
new_york_new_jersey,2015-10,2295035745.0
new_york_new_jersey,2015-11,2318853119.0
new_york_new_jersey,2015-12,2373681404.0
new_york_new_jersey,2016-01,2071039227.0
new_york_new_jersey,2016-02,2296895687.0
new_york_new_jersey,2016-03,2321923237.0
new_york_new_jersey,2016-04,2207044759.0
new_york_new_jersey,2016-05,2254123124.0
new_york_new_jersey,2016-06,2148264669.0
new_york_new_jersey,2016-07,2196516819.0
new_york_new_jersey,2016-08,2422371367.0
new_york_new_jersey,2016-09,2069861126.0
new_york_new_jersey,2016-10,2216455626.0
new_york_new_jersey,2016-11,2302006249.0
new_york_new_jersey,2016-12,2184251999.0
new_york_new_jersey,2017-01,2238018502.0
new_york_new_jersey,2017-02,2065220554.0
new_york_new_jersey,2017-03,2140329814.0
new_york_new_jersey,2017-04,2267699242.0
new_york_new_jersey,2017-05,2413289589.0
new_york_new_jersey,2017-06,2347672062.0
new_york_new_jersey,2017-07,2485408803.0
new_york_new_jersey,2017-08,2608681802.0
new_york_new_jersey,2017-09,2331252004.0
new_york_new_jersey,2017-10,2525816866.0
new_york_new_jersey,2017-11,2260501925.0
new_york_new_jersey,2017-12,2286296052.0
new_york_new_jersey,2018-01,2462319831.0
new_york_new_jersey,2018-02,2172273525.0
new_york_new_jersey,2018-03,2330510723.0
new_york_new_jersey,2018-04,2308292873.0
new_york_new_jersey,2018-05,2463956879.0
new_york_new_jersey,2018-06,2409111491.0
new_york_new_jersey,2018-07,2507987790.0
new_york_new_jersey,2018-08,2579506869.0
new_york_new_jersey,2018-09,2416843906.0
new_york_new_jersey,2018-10,2783706839.0
new_york_new_jersey,2018-11,2410645617.0
new_york_new_jersey,2018-12,2576619492.0
new_york_new_jersey,2019-01,2607669000.0
new_york_new_jersey,2019-02,2307688071.0
new_york_new_jersey,2019-03,2316780117.0
new_york_new_jersey,2019-04,2414788871.0
new_york_new_jersey,2019-05,2712747660.0
new_york_new_jersey,2019-06,2407072234.0
new_york_new_jersey,2019-07,2622223261.0
new_york_new_jersey,2019-08,2498900830.0
new_york_new_jersey,2019-09,2494144574.0
new_york_new_jersey,2019-10,2662929804.0
new_york_new_jersey,2019-11,2352679272.0
new_york_new_jersey,2019-12,2416324886.0
new_york_new_jersey,2020-01,2525935259.0
new_york_new_jersey,2020-02,2372824605.0
new_york_new_jersey,2020-03,2273832092.0
new_york_new_jersey,2020-04,2442945781.0
new_york_new_jersey,2020-05,2190315861.0
new_york_new_jersey,2020-06,2159157996.0
new_york_new_jersey,2020-07,2432102411.0
new_york_new_jersey,2020-08,2758594366.0
new_york_new_jersey,2020-09,2747015414.0
new_york_new_jersey,2020-10,3038698457.0
new_york_new_jersey,2020-11,2941989711.0
new_york_new_jersey,2020-12,2742516763.0
new_york_new_jersey,2021-01,2821870345.0
new_york_new_jersey,2021-02,2484999986.0
new_york_new_jersey,2021-03,3002863464.0
new_york_new_jersey,2021-04,2844680889.0
new_york_new_jersey,2021-05,3015675964.0
new_york_new_jersey,2021-06,3233380860.0
new_york_new_jersey,2021-07,2947001037.0
new_york_new_jersey,2021-08,3351359575.0
new_york_new_jersey,2021-09,2892225268.0
new_york_new_jersey,2021-10,2920022682.0
new_york_new_jersey,2021-11,2995074637.0
new_york_new_jersey,2021-12,3715230066.0
new_york_new_jersey,2022-01,3799221934.0
new_york_new_jersey,2022-02,2722560407.0
new_york_new_jersey,2022-03,3414441029.0
new_york_new_jersey,2022-04,3290185870.0
new_york_new_jersey,2022-05,3470149571.0
new_york_new_jersey,2022-06,3514957448.0
new_york_new_jersey,2022-07,3515765587.0
new_york_new_jersey,2022-08,3367646469.0
new_york_new_jersey,2022-09,3453452932.0
new_york_new_jersey,2022-10,3199299732.0
new_york_new_jersey,2022-11,2909951484.0
new_york_new_jersey,2022-12,2577803393.0
new_york_new_jersey,2023-01,2752824377.0
new_york_new_jersey,2023-02,2396097726.0
new_york_new_jersey,2023-03,2428265703.0
new_york_new_jersey,2023-04,2619012466.0
new_york_new_jersey,2023-05,2833572748.0
new_york_new_jersey,2023-06,2690793644.0
new_york_new_jersey,2023-07,2967511083.0
new_york_new_jersey,2023-08,2767753818.0
new_york_new_jersey,2023-09,2639403858.0
new_york_new_jersey,2023-10,3013162493.0
new_york_new_jersey,2023-11,2515196655.0
new_york_new_jersey,2023-12,2587591875.0
new_york_new_jersey,2024-01,2733920647.0
new_york_new_jersey,2024-02,2652540418.0
new_york_new_jersey,2024-03,2901725184.0
new_york_new_jersey,2024-04,3038780154.0
new_york_new_jersey,2024-05,3437799956.0
new_york_new_jersey,2024-06,2883972647.0
new_york_new_jersey,2024-07,3236503778.0
new_york_new_jersey,2024-08,3004071563.0
new_york_new_jersey,2024-09,2894170832.0
new_york_new_jersey,2024-10,3134115565.0
new_york_new_jersey,2024-11,2823880785.0
new_york_new_jersey,2024-12,2919469185.0
new_york_new_jersey,2025-01,3170383951.0
new_york_new_jersey,2025-02,2759865601.0
new_york_new_jersey,2025-03,3227626757.0
new_york_new_jersey,2025-04,3279638768.0
new_york_new_jersey,2025-05,3166988546.0
new_york_new_jersey,2025-06,3033816887.0
new_york_new_jersey,2025-07,3235083359.0
new_york_new_jersey,2025-08,3091338547.0
new_york_new_jersey,2025-09,2908872766.0
new_york_new_jersey,2025-10,2711679798.0
new_york_new_jersey,2025-11,2825883764.0
new_york_new_jersey,2025-12,2918481987.0
norfolk_newport_news_va,2015-01,676339317.0
norfolk_newport_news_va,2015-02,608759071.0
norfolk_newport_news_va,2015-03,748813799.0
norfolk_newport_news_va,2015-04,693609681.0
norfolk_newport_news_va,2015-05,713206604.0
norfolk_newport_news_va,2015-06,690399987.0
norfolk_newport_news_va,2015-07,766089969.0
norfolk_newport_news_va,2015-08,722014685.0
norfolk_newport_news_va,2015-09,709910637.0
norfolk_newport_news_va,2015-10,717990884.0
norfolk_newport_news_va,2015-11,646886288.0
norfolk_newport_news_va,2015-12,603809208.0
norfolk_newport_news_va,2016-01,617729599.0
norfolk_newport_news_va,2016-02,724090471.0
norfolk_newport_news_va,2016-03,723081250.0
norfolk_newport_news_va,2016-04,710350179.0
norfolk_newport_news_va,2016-05,774872529.0
norfolk_newport_news_va,2016-06,738745617.0
norfolk_newport_news_va,2016-07,750963057.0
norfolk_newport_news_va,2016-08,798219131.0
norfolk_newport_news_va,2016-09,729015639.0
norfolk_newport_news_va,2016-10,801078196.0
norfolk_newport_news_va,2016-11,776049617.0
norfolk_newport_news_va,2016-12,757541956.0
norfolk_newport_news_va,2017-01,772406969.0
norfolk_newport_news_va,2017-02,742900509.0
norfolk_newport_news_va,2017-03,739086662.0
norfolk_newport_news_va,2017-04,805513106.0
norfolk_newport_news_va,2017-05,754290025.0
norfolk_newport_news_va,2017-06,777767025.0
norfolk_newport_news_va,2017-07,811793982.0
norfolk_newport_news_va,2017-08,840431862.0
norfolk_newport_news_va,2017-09,790965468.0
norfolk_newport_news_va,2017-10,897175846.0
norfolk_newport_news_va,2017-11,805634166.0
norfolk_newport_news_va,2017-12,785260189.0
norfolk_newport_news_va,2018-01,768522486.0
norfolk_newport_news_va,2018-02,719957325.0
norfolk_newport_news_va,2018-03,817965363.0
norfolk_newport_news_va,2018-04,821197834.0
norfolk_newport_news_va,2018-05,809702654.0
norfolk_newport_news_va,2018-06,792630926.0
norfolk_newport_news_va,2018-07,856490382.0
norfolk_newport_news_va,2018-08,879737399.0
norfolk_newport_news_va,2018-09,782924210.0
norfolk_newport_news_va,2018-10,863062459.0
norfolk_newport_news_va,2018-11,796000164.0
norfolk_newport_news_va,2018-12,793722762.0
norfolk_newport_news_va,2019-01,815504787.0
norfolk_newport_news_va,2019-02,755457401.0
norfolk_newport_news_va,2019-03,799819025.0
norfolk_newport_news_va,2019-04,900942177.0
norfolk_newport_news_va,2019-05,864459925.0
norfolk_newport_news_va,2019-06,788567030.0
norfolk_newport_news_va,2019-07,872416147.0
norfolk_newport_news_va,2019-08,809787038.0
norfolk_newport_news_va,2019-09,799215478.0
norfolk_newport_news_va,2019-10,814793220.0
norfolk_newport_news_va,2019-11,714503097.0
norfolk_newport_news_va,2019-12,741493453.0
norfolk_newport_news_va,2020-01,725596629.0
norfolk_newport_news_va,2020-02,662177516.0
norfolk_newport_news_va,2020-03,758206829.0
norfolk_newport_news_va,2020-04,765447721.0
norfolk_newport_news_va,2020-05,637874985.0
norfolk_newport_news_va,2020-06,679308393.0
norfolk_newport_news_va,2020-07,713498849.0
norfolk_newport_news_va,2020-08,750556595.0
norfolk_newport_news_va,2020-09,782537360.0
norfolk_newport_news_va,2020-10,834377229.0
norfolk_newport_news_va,2020-11,852556861.0
norfolk_newport_news_va,2020-12,805009722.0
norfolk_newport_news_va,2021-01,869142907.0
norfolk_newport_news_va,2021-02,756841695.0
norfolk_newport_news_va,2021-03,900977957.0
norfolk_newport_news_va,2021-04,1006144550.0
norfolk_newport_news_va,2021-05,1019080730.0
norfolk_newport_news_va,2021-06,1032383511.0
norfolk_newport_news_va,2021-07,1006508591.0
norfolk_newport_news_va,2021-08,1021844365.0
norfolk_newport_news_va,2021-09,1032721840.0
norfolk_newport_news_va,2021-10,1062355617.0
norfolk_newport_news_va,2021-11,1047485326.0
norfolk_newport_news_va,2021-12,1042929694.0
norfolk_newport_news_va,2022-01,999829530.0
norfolk_newport_news_va,2022-02,918296376.0
norfolk_newport_news_va,2022-03,1164868895.0
norfolk_newport_news_va,2022-04,1065146410.0
norfolk_newport_news_va,2022-05,1168822796.0
norfolk_newport_news_va,2022-06,1135082672.0
norfolk_newport_news_va,2022-07,1119945730.0
norfolk_newport_news_va,2022-08,1193558192.0
norfolk_newport_news_va,2022-09,1099934233.0
norfolk_newport_news_va,2022-10,1036230925.0
norfolk_newport_news_va,2022-11,912612107.0
norfolk_newport_news_va,2022-12,902249265.0
norfolk_newport_news_va,2023-01,976196222.0
norfolk_newport_news_va,2023-02,840395503.0
norfolk_newport_news_va,2023-03,794682575.0
norfolk_newport_news_va,2023-04,912396541.0
norfolk_newport_news_va,2023-05,908137615.0
norfolk_newport_news_va,2023-06,899721642.0
norfolk_newport_news_va,2023-07,995688418.0
norfolk_newport_news_va,2023-08,977586989.0
norfolk_newport_news_va,2023-09,887966998.0
norfolk_newport_news_va,2023-10,1036283522.0
norfolk_newport_news_va,2023-11,907958793.0
norfolk_newport_news_va,2023-12,847365331.0
norfolk_newport_news_va,2024-01,918044287.0
norfolk_newport_news_va,2024-02,917926311.0
norfolk_newport_news_va,2024-03,1023505576.0
norfolk_newport_news_va,2024-04,1142970403.0
norfolk_newport_news_va,2024-05,1167435792.0
norfolk_newport_news_va,2024-06,962514780.0
norfolk_newport_news_va,2024-07,1073189333.0
norfolk_newport_news_va,2024-08,991608261.0
norfolk_newport_news_va,2024-09,989620387.0
norfolk_newport_news_va,2024-10,912126507.0
norfolk_newport_news_va,2024-11,895651975.0
norfolk_newport_news_va,2024-12,895072914.0
norfolk_newport_news_va,2025-01,928138225.0
norfolk_newport_news_va,2025-02,814689274.0
norfolk_newport_news_va,2025-03,1036134423.0
norfolk_newport_news_va,2025-04,1034806164.0
norfolk_newport_news_va,2025-05,1002974771.0
norfolk_newport_news_va,2025-06,871700681.0
norfolk_newport_news_va,2025-07,1047024673.0
norfolk_newport_news_va,2025-08,1013273974.0
norfolk_newport_news_va,2025-09,923419902.0
norfolk_newport_news_va,2025-10,895717793.0
norfolk_newport_news_va,2025-11,863648863.0
norfolk_newport_news_va,2025-12,960435296.0
oakland_ca,2015-01,405902940.0
oakland_ca,2015-02,267818615.0
oakland_ca,2015-03,606597063.0
oakland_ca,2015-04,622801223.0
oakland_ca,2015-05,622385978.0
oakland_ca,2015-06,566775770.0
oakland_ca,2015-07,591146303.0
oakland_ca,2015-08,559837868.0
oakland_ca,2015-09,514232236.0
oakland_ca,2015-10,499428796.0
oakland_ca,2015-11,506637845.0
oakland_ca,2015-12,496752791.0
oakland_ca,2016-01,537030071.0
oakland_ca,2016-02,497765225.0
oakland_ca,2016-03,462560220.0
oakland_ca,2016-04,528945234.0
oakland_ca,2016-05,588794228.0
oakland_ca,2016-06,565843834.0
oakland_ca,2016-07,588135331.0
oakland_ca,2016-08,561862140.0
oakland_ca,2016-09,510497338.0
oakland_ca,2016-10,511347524.0
oakland_ca,2016-11,527556910.0
oakland_ca,2016-12,522323448.0
oakland_ca,2017-01,612246221.0
oakland_ca,2017-02,473198401.0
oakland_ca,2017-03,514036861.0
oakland_ca,2017-04,532771446.0
oakland_ca,2017-05,633760376.0
oakland_ca,2017-06,587292254.0
oakland_ca,2017-07,577409587.0
oakland_ca,2017-08,533423502.0
oakland_ca,2017-09,545717479.0
oakland_ca,2017-10,531861885.0
oakland_ca,2017-11,494228116.0
oakland_ca,2017-12,559574217.0
oakland_ca,2018-01,522124098.0
oakland_ca,2018-02,512022549.0
oakland_ca,2018-03,513999118.0
oakland_ca,2018-04,543131472.0
oakland_ca,2018-05,569524080.0
oakland_ca,2018-06,588451904.0
oakland_ca,2018-07,598054908.0
oakland_ca,2018-08,582402172.0
oakland_ca,2018-09,545617362.0
oakland_ca,2018-10,548101718.0
oakland_ca,2018-11,563276704.0
oakland_ca,2018-12,583216662.0
oakland_ca,2019-01,570638080.0
oakland_ca,2019-02,462133621.0
oakland_ca,2019-03,547790575.0
oakland_ca,2019-04,571082290.0
oakland_ca,2019-05,605865791.0
oakland_ca,2019-06,573555940.0
oakland_ca,2019-07,630272650.0
oakland_ca,2019-08,635899145.0
oakland_ca,2019-09,564072076.0
oakland_ca,2019-10,531565082.0
oakland_ca,2019-11,519582329.0
oakland_ca,2019-12,568531814.0
oakland_ca,2020-01,613370680.0
oakland_ca,2020-02,458291427.0
oakland_ca,2020-03,501521107.0
oakland_ca,2020-04,584679473.0
oakland_ca,2020-05,542962170.0
oakland_ca,2020-06,590152588.0
oakland_ca,2020-07,643132598.0
oakland_ca,2020-08,623914982.0
oakland_ca,2020-09,602046296.0
oakland_ca,2020-10,572630653.0
oakland_ca,2020-11,532930463.0
oakland_ca,2020-12,593654141.0
oakland_ca,2021-01,566650944.0
oakland_ca,2021-02,536546363.0
oakland_ca,2021-03,663324465.0
oakland_ca,2021-04,677310882.0
oakland_ca,2021-05,700179083.0
oakland_ca,2021-06,596404186.0
oakland_ca,2021-07,697343965.0
oakland_ca,2021-08,733532651.0
oakland_ca,2021-09,478348861.0
oakland_ca,2021-10,462413238.0
oakland_ca,2021-11,536212320.0
oakland_ca,2021-12,528411312.0
oakland_ca,2022-01,538976915.0
oakland_ca,2022-02,556402760.0
oakland_ca,2022-03,604901124.0
oakland_ca,2022-04,586807811.0
oakland_ca,2022-05,697056645.0
oakland_ca,2022-06,906530288.0
oakland_ca,2022-07,618063421.0
oakland_ca,2022-08,648653139.0
oakland_ca,2022-09,587995988.0
oakland_ca,2022-10,527307708.0
oakland_ca,2022-11,497651675.0
oakland_ca,2022-12,545186893.0
oakland_ca,2023-01,467874276.0
oakland_ca,2023-02,445581455.0
oakland_ca,2023-03,428773998.0
oakland_ca,2023-04,545696209.0
oakland_ca,2023-05,534450708.0
oakland_ca,2023-06,458507265.0
oakland_ca,2023-07,549890628.0
oakland_ca,2023-08,527775239.0
oakland_ca,2023-09,509628139.0
oakland_ca,2023-10,502915660.0
oakland_ca,2023-11,492109690.0
oakland_ca,2023-12,511551561.0
oakland_ca,2024-01,490913606.0
oakland_ca,2024-02,515033792.0
oakland_ca,2024-03,608128650.0
oakland_ca,2024-04,533142842.0
oakland_ca,2024-05,559279987.0
oakland_ca,2024-06,570932334.0
oakland_ca,2024-07,543490785.0
oakland_ca,2024-08,566530160.0
oakland_ca,2024-09,555028510.0
oakland_ca,2024-10,556560115.0
oakland_ca,2024-11,551128957.0
oakland_ca,2024-12,618377637.0
oakland_ca,2025-01,545058697.0
oakland_ca,2025-02,546336724.0
oakland_ca,2025-03,608724843.0
oakland_ca,2025-04,554472945.0
oakland_ca,2025-05,544456475.0
oakland_ca,2025-06,465987089.0
oakland_ca,2025-07,656065315.0
oakland_ca,2025-08,557711906.0
oakland_ca,2025-09,551811206.0
oakland_ca,2025-10,511423598.0
oakland_ca,2025-11,481984942.0
oakland_ca,2025-12,502651253.0
philadelphia_pa,2015-01,261625337.0
philadelphia_pa,2015-02,268183884.0
philadelphia_pa,2015-03,284016376.0
philadelphia_pa,2015-04,251482577.0
philadelphia_pa,2015-05,293019560.0
philadelphia_pa,2015-06,264776510.0
philadelphia_pa,2015-07,252070672.0
philadelphia_pa,2015-08,237113256.0
philadelphia_pa,2015-09,228212706.0
philadelphia_pa,2015-10,237846680.0
philadelphia_pa,2015-11,175179841.0
philadelphia_pa,2015-12,244907242.0
philadelphia_pa,2016-01,279365957.0
philadelphia_pa,2016-02,264613712.0
philadelphia_pa,2016-03,282340506.0
philadelphia_pa,2016-04,262049715.0
philadelphia_pa,2016-05,248026104.0
philadelphia_pa,2016-06,248258070.0
philadelphia_pa,2016-07,251574241.0
philadelphia_pa,2016-08,257419723.0
philadelphia_pa,2016-09,238453933.0
philadelphia_pa,2016-10,217565005.0
philadelphia_pa,2016-11,227230925.0
philadelphia_pa,2016-12,322936712.0
philadelphia_pa,2017-01,326434005.0
philadelphia_pa,2017-02,309181331.0
philadelphia_pa,2017-03,274447944.0
philadelphia_pa,2017-04,258830875.0
philadelphia_pa,2017-05,248172023.0
philadelphia_pa,2017-06,281500532.0
philadelphia_pa,2017-07,292485354.0
philadelphia_pa,2017-08,305305330.0
philadelphia_pa,2017-09,251752390.0
philadelphia_pa,2017-10,222652019.0
philadelphia_pa,2017-11,204718716.0
philadelphia_pa,2017-12,233291886.0
philadelphia_pa,2018-01,268603862.0
philadelphia_pa,2018-02,274690692.0
philadelphia_pa,2018-03,268167649.0
philadelphia_pa,2018-04,270961403.0
philadelphia_pa,2018-05,268560084.0
philadelphia_pa,2018-06,271234103.0
philadelphia_pa,2018-07,311224658.0
philadelphia_pa,2018-08,285813481.0
philadelphia_pa,2018-09,249872314.0
philadelphia_pa,2018-10,285482876.0
philadelphia_pa,2018-11,232578756.0
philadelphia_pa,2018-12,214698353.0
philadelphia_pa,2019-01,299169664.0
philadelphia_pa,2019-02,224598235.0
philadelphia_pa,2019-03,259505098.0
philadelphia_pa,2019-04,322345716.0
philadelphia_pa,2019-05,297193067.0
philadelphia_pa,2019-06,275742317.0
philadelphia_pa,2019-07,341140692.0
philadelphia_pa,2019-08,282749243.0
philadelphia_pa,2019-09,287813682.0
philadelphia_pa,2019-10,257636077.0
philadelphia_pa,2019-11,212389208.0
philadelphia_pa,2019-12,256854053.0
philadelphia_pa,2020-01,307462280.0
philadelphia_pa,2020-02,270660239.0
philadelphia_pa,2020-03,304570902.0
philadelphia_pa,2020-04,269513879.0
philadelphia_pa,2020-05,264766136.0
philadelphia_pa,2020-06,284267335.0
philadelphia_pa,2020-07,325703957.0
philadelphia_pa,2020-08,333789361.0
philadelphia_pa,2020-09,336185620.0
philadelphia_pa,2020-10,258805170.0
philadelphia_pa,2020-11,242440647.0
philadelphia_pa,2020-12,297718363.0
philadelphia_pa,2021-01,259750937.0
philadelphia_pa,2021-02,295326309.0
philadelphia_pa,2021-03,412007899.0
philadelphia_pa,2021-04,310703920.0
philadelphia_pa,2021-05,362548723.0
philadelphia_pa,2021-06,363901625.0
philadelphia_pa,2021-07,430611799.0
philadelphia_pa,2021-08,372473541.0
philadelphia_pa,2021-09,415906502.0
philadelphia_pa,2021-10,334501320.0
philadelphia_pa,2021-11,366806175.0
philadelphia_pa,2021-12,380360789.0
philadelphia_pa,2022-01,417991261.0
philadelphia_pa,2022-02,335324571.0
philadelphia_pa,2022-03,381167926.0
philadelphia_pa,2022-04,419649430.0
philadelphia_pa,2022-05,366338715.0
philadelphia_pa,2022-06,385371002.0
philadelphia_pa,2022-07,484494995.0
philadelphia_pa,2022-08,405857719.0
philadelphia_pa,2022-09,469726660.0
philadelphia_pa,2022-10,397901107.0
philadelphia_pa,2022-11,323049808.0
philadelphia_pa,2022-12,340486423.0
philadelphia_pa,2023-01,380060559.0
philadelphia_pa,2023-02,326847404.0
philadelphia_pa,2023-03,344782535.0
philadelphia_pa,2023-04,311383915.0
philadelphia_pa,2023-05,365853012.0
philadelphia_pa,2023-06,449155793.0
philadelphia_pa,2023-07,358080087.0
philadelphia_pa,2023-08,402028363.0
philadelphia_pa,2023-09,360376423.0
philadelphia_pa,2023-10,404223285.0
philadelphia_pa,2023-11,355077777.0
philadelphia_pa,2023-12,312410153.0
philadelphia_pa,2024-01,413315503.0
philadelphia_pa,2024-02,367338243.0
philadelphia_pa,2024-03,400027944.0
philadelphia_pa,2024-04,447811759.0
philadelphia_pa,2024-05,514575236.0
philadelphia_pa,2024-06,469778197.0
philadelphia_pa,2024-07,470023042.0
philadelphia_pa,2024-08,484426678.0
philadelphia_pa,2024-09,436630145.0
philadelphia_pa,2024-10,369122875.0
philadelphia_pa,2024-11,379130867.0
philadelphia_pa,2024-12,507378647.0
philadelphia_pa,2025-01,610561541.0
philadelphia_pa,2025-02,442040213.0
philadelphia_pa,2025-03,495471704.0
philadelphia_pa,2025-04,432013728.0
philadelphia_pa,2025-05,462442273.0
philadelphia_pa,2025-06,480391371.0
philadelphia_pa,2025-07,492783227.0
philadelphia_pa,2025-08,440317196.0
philadelphia_pa,2025-09,465553188.0
philadelphia_pa,2025-10,379986384.0
philadelphia_pa,2025-11,302196653.0
philadelphia_pa,2025-12,415292362.0
port_everglades_fl,2015-01,264751879.0
port_everglades_fl,2015-02,224122163.0
port_everglades_fl,2015-03,299957347.0
port_everglades_fl,2015-04,273148131.0
port_everglades_fl,2015-05,264989432.0
port_everglades_fl,2015-06,241640960.0
port_everglades_fl,2015-07,237002862.0
port_everglades_fl,2015-08,209769925.0
port_everglades_fl,2015-09,192495813.0
port_everglades_fl,2015-10,203171032.0
port_everglades_fl,2015-11,221333840.0
port_everglades_fl,2015-12,268945141.0
port_everglades_fl,2016-01,268253725.0
port_everglades_fl,2016-02,264543383.0
port_everglades_fl,2016-03,294720721.0
port_everglades_fl,2016-04,293781539.0
port_everglades_fl,2016-05,258415853.0
port_everglades_fl,2016-06,237220238.0
port_everglades_fl,2016-07,219385964.0
port_everglades_fl,2016-08,247789455.0
port_everglades_fl,2016-09,262158268.0
port_everglades_fl,2016-10,235986320.0
port_everglades_fl,2016-11,261098750.0
port_everglades_fl,2016-12,292411924.0
port_everglades_fl,2017-01,279215331.0
port_everglades_fl,2017-02,277504502.0
port_everglades_fl,2017-03,306354700.0
port_everglades_fl,2017-04,297328018.0
port_everglades_fl,2017-05,264407378.0
port_everglades_fl,2017-06,255012603.0
port_everglades_fl,2017-07,225081804.0
port_everglades_fl,2017-08,231552477.0
port_everglades_fl,2017-09,228705176.0
port_everglades_fl,2017-10,222088399.0
port_everglades_fl,2017-11,272776773.0
port_everglades_fl,2017-12,265395540.0
port_everglades_fl,2018-01,276041417.0
port_everglades_fl,2018-02,266251286.0
port_everglades_fl,2018-03,280218177.0
port_everglades_fl,2018-04,290396230.0
port_everglades_fl,2018-05,281362911.0
port_everglades_fl,2018-06,256184951.0
port_everglades_fl,2018-07,241156696.0
port_everglades_fl,2018-08,265450904.0
port_everglades_fl,2018-09,255437872.0
port_everglades_fl,2018-10,266362773.0
port_everglades_fl,2018-11,291097880.0
port_everglades_fl,2018-12,267341876.0
port_everglades_fl,2019-01,258086514.0
port_everglades_fl,2019-02,241019982.0
port_everglades_fl,2019-03,277069817.0
port_everglades_fl,2019-04,279789551.0
port_everglades_fl,2019-05,233181441.0
port_everglades_fl,2019-06,230072462.0
port_everglades_fl,2019-07,225577117.0
port_everglades_fl,2019-08,216948197.0
port_everglades_fl,2019-09,226459731.0
port_everglades_fl,2019-10,279755532.0
port_everglades_fl,2019-11,222043958.0
port_everglades_fl,2019-12,225074903.0
port_everglades_fl,2020-01,240631597.0
port_everglades_fl,2020-02,214521081.0
port_everglades_fl,2020-03,266749500.0
port_everglades_fl,2020-04,254543028.0
port_everglades_fl,2020-05,177383706.0
port_everglades_fl,2020-06,168840192.0
port_everglades_fl,2020-07,201552952.0
port_everglades_fl,2020-08,231916648.0
port_everglades_fl,2020-09,219234644.0
port_everglades_fl,2020-10,241684281.0
port_everglades_fl,2020-11,233180891.0
port_everglades_fl,2020-12,235828607.0
port_everglades_fl,2021-01,248665154.0
port_everglades_fl,2021-02,275498517.0
port_everglades_fl,2021-03,280684622.0
port_everglades_fl,2021-04,265576163.0
port_everglades_fl,2021-05,279577183.0
port_everglades_fl,2021-06,283508175.0
port_everglades_fl,2021-07,331356915.0
port_everglades_fl,2021-08,288343716.0
port_everglades_fl,2021-09,226527188.0
port_everglades_fl,2021-10,275810272.0
port_everglades_fl,2021-11,318765348.0
port_everglades_fl,2021-12,272507750.0
port_everglades_fl,2022-01,309818818.0
port_everglades_fl,2022-02,255503848.0
port_everglades_fl,2022-03,355091759.0
port_everglades_fl,2022-04,348820323.0
port_everglades_fl,2022-05,328932880.0
port_everglades_fl,2022-06,331593502.0
port_everglades_fl,2022-07,287011872.0
port_everglades_fl,2022-08,318224569.0
port_everglades_fl,2022-09,253137046.0
port_everglades_fl,2022-10,271764048.0
port_everglades_fl,2022-11,340245360.0
port_everglades_fl,2022-12,259222403.0
port_everglades_fl,2023-01,274724296.0
port_everglades_fl,2023-02,290052494.0
port_everglades_fl,2023-03,257930797.0
port_everglades_fl,2023-04,251208563.0
port_everglades_fl,2023-05,263806261.0
port_everglades_fl,2023-06,220955811.0
port_everglades_fl,2023-07,231653417.0
port_everglades_fl,2023-08,228147530.0
port_everglades_fl,2023-09,214828458.0
port_everglades_fl,2023-10,249625853.0
port_everglades_fl,2023-11,244739737.0
port_everglades_fl,2023-12,225656792.0
port_everglades_fl,2024-01,285998771.0
port_everglades_fl,2024-02,273289714.0
port_everglades_fl,2024-03,251632014.0
port_everglades_fl,2024-04,347608164.0
port_everglades_fl,2024-05,244268518.0
port_everglades_fl,2024-06,257111527.0
port_everglades_fl,2024-07,272158829.0
port_everglades_fl,2024-08,246257651.0
port_everglades_fl,2024-09,293399197.0
port_everglades_fl,2024-10,252393229.0
port_everglades_fl,2024-11,280182574.0
port_everglades_fl,2024-12,281335718.0
port_everglades_fl,2025-01,326311482.0
port_everglades_fl,2025-02,298281385.0
port_everglades_fl,2025-03,335590299.0
port_everglades_fl,2025-04,360288798.0
port_everglades_fl,2025-05,311892634.0
port_everglades_fl,2025-06,294402317.0
port_everglades_fl,2025-07,246588827.0
port_everglades_fl,2025-08,270588043.0
port_everglades_fl,2025-09,240764569.0
port_everglades_fl,2025-10,355712463.0
port_everglades_fl,2025-11,249361342.0
port_everglades_fl,2025-12,336944609.0
san_francisco_ca,2015-01,9430396.0
san_francisco_ca,2015-02,5840704.0
san_francisco_ca,2015-03,12956660.0
san_francisco_ca,2015-04,14224198.0
san_francisco_ca,2015-05,12342633.0
san_francisco_ca,2015-06,16546569.0
san_francisco_ca,2015-07,29547741.0
san_francisco_ca,2015-08,13171721.0
san_francisco_ca,2015-09,12494566.0
san_francisco_ca,2015-10,9986761.0
san_francisco_ca,2015-11,13665884.0
san_francisco_ca,2015-12,12169658.0
san_francisco_ca,2016-01,14736933.0
san_francisco_ca,2016-02,14020676.0
san_francisco_ca,2016-03,8515098.0
san_francisco_ca,2016-04,8419024.0
san_francisco_ca,2016-05,11973225.0
san_francisco_ca,2016-06,11042145.0
san_francisco_ca,2016-07,13275626.0
san_francisco_ca,2016-08,22540208.0
san_francisco_ca,2016-09,14129140.0
san_francisco_ca,2016-10,13374164.0
san_francisco_ca,2016-11,17789573.0
san_francisco_ca,2016-12,12009116.0
san_francisco_ca,2017-01,16279529.0
san_francisco_ca,2017-02,26302037.0
san_francisco_ca,2017-03,15612059.0
san_francisco_ca,2017-04,18158269.0
san_francisco_ca,2017-05,26214062.0
san_francisco_ca,2017-06,24282511.0
san_francisco_ca,2017-07,19748371.0
san_francisco_ca,2017-08,25295902.0
san_francisco_ca,2017-09,21078029.0
san_francisco_ca,2017-10,23336045.0
san_francisco_ca,2017-11,19202117.0
san_francisco_ca,2017-12,30631603.0
san_francisco_ca,2018-01,29511486.0
san_francisco_ca,2018-02,25672908.0
san_francisco_ca,2018-03,30440876.0
san_francisco_ca,2018-04,49594668.0
san_francisco_ca,2018-05,35881944.0
san_francisco_ca,2018-06,37323204.0
san_francisco_ca,2018-07,34092338.0
san_francisco_ca,2018-08,41032878.0
san_francisco_ca,2018-09,53963526.0
san_francisco_ca,2018-10,35734102.0
san_francisco_ca,2018-11,37745579.0
san_francisco_ca,2018-12,30410637.0
san_francisco_ca,2019-01,83158142.0
san_francisco_ca,2019-02,125175175.0
san_francisco_ca,2019-03,91654673.0
san_francisco_ca,2019-04,55631408.0
san_francisco_ca,2019-05,61126181.0
san_francisco_ca,2019-06,57954306.0
san_francisco_ca,2019-07,82671625.0
san_francisco_ca,2019-08,77517300.0
san_francisco_ca,2019-09,39387213.0
san_francisco_ca,2019-10,56942446.0
san_francisco_ca,2019-11,77710712.0
san_francisco_ca,2019-12,31602034.0
san_francisco_ca,2020-01,34072971.0
san_francisco_ca,2020-02,30846446.0
san_francisco_ca,2020-03,32113363.0
san_francisco_ca,2020-04,30545187.0
san_francisco_ca,2020-05,31858488.0
san_francisco_ca,2020-06,38410570.0
san_francisco_ca,2020-07,96580434.0
san_francisco_ca,2020-08,43042647.0
san_francisco_ca,2020-09,67447191.0
san_francisco_ca,2020-10,42413896.0
san_francisco_ca,2020-11,39166093.0
san_francisco_ca,2020-12,39837273.0
san_francisco_ca,2021-01,37448881.0
san_francisco_ca,2021-02,51974470.0
san_francisco_ca,2021-03,62821919.0
san_francisco_ca,2021-04,49270531.0
san_francisco_ca,2021-05,43902054.0
san_francisco_ca,2021-06,63697286.0
san_francisco_ca,2021-07,44537004.0
san_francisco_ca,2021-08,45412600.0
san_francisco_ca,2021-09,35636088.0
san_francisco_ca,2021-10,38364400.0
san_francisco_ca,2021-11,43541073.0
san_francisco_ca,2021-12,46654793.0
san_francisco_ca,2022-01,76144900.0
san_francisco_ca,2022-02,46583246.0
san_francisco_ca,2022-03,54792442.0
san_francisco_ca,2022-04,62056767.0
san_francisco_ca,2022-05,63841832.0
san_francisco_ca,2022-06,106158879.0
san_francisco_ca,2022-07,81081770.0
san_francisco_ca,2022-08,43903892.0
san_francisco_ca,2022-09,49932654.0
san_francisco_ca,2022-10,43108243.0
san_francisco_ca,2022-11,33795611.0
san_francisco_ca,2022-12,31448363.0
san_francisco_ca,2023-01,42082819.0
san_francisco_ca,2023-02,45939766.0
san_francisco_ca,2023-03,59697396.0
san_francisco_ca,2023-04,40108164.0
san_francisco_ca,2023-05,38687872.0
san_francisco_ca,2023-06,37521724.0
san_francisco_ca,2023-07,34606359.0
san_francisco_ca,2023-08,28652812.0
san_francisco_ca,2023-09,38336848.0
san_francisco_ca,2023-10,69752689.0
san_francisco_ca,2023-11,44058954.0
san_francisco_ca,2023-12,45474926.0
san_francisco_ca,2024-01,41085028.0
san_francisco_ca,2024-02,42357069.0
san_francisco_ca,2024-03,41234812.0
san_francisco_ca,2024-04,43394121.0
san_francisco_ca,2024-05,46911866.0
san_francisco_ca,2024-06,46271248.0
san_francisco_ca,2024-07,57492986.0
san_francisco_ca,2024-08,47074634.0
san_francisco_ca,2024-09,51075974.0
san_francisco_ca,2024-10,47110025.0
san_francisco_ca,2024-11,40373574.0
san_francisco_ca,2024-12,47293824.0
san_francisco_ca,2025-01,82565756.0
san_francisco_ca,2025-02,53718020.0
san_francisco_ca,2025-03,60809397.0
san_francisco_ca,2025-04,63122052.0
san_francisco_ca,2025-05,65972094.0
san_francisco_ca,2025-06,42504728.0
san_francisco_ca,2025-07,52567032.0
san_francisco_ca,2025-08,67779305.0
san_francisco_ca,2025-09,67296733.0
san_francisco_ca,2025-10,75331282.0
san_francisco_ca,2025-11,65075218.0
san_francisco_ca,2025-12,57525972.0
san_pedro_bay,2015-01,3517479770.0
san_pedro_bay,2015-02,2787614631.0
san_pedro_bay,2015-03,4176722577.0
san_pedro_bay,2015-04,4041250907.0
san_pedro_bay,2015-05,4032190783.0
san_pedro_bay,2015-06,4152606578.0
san_pedro_bay,2015-07,3988039013.0
san_pedro_bay,2015-08,4284422422.0
san_pedro_bay,2015-09,4092882898.0
san_pedro_bay,2015-10,4038844852.0
san_pedro_bay,2015-11,3790898449.0
san_pedro_bay,2015-12,3699395841.0
san_pedro_bay,2016-01,3977270303.0
san_pedro_bay,2016-02,3799350997.0
san_pedro_bay,2016-03,3248693464.0
san_pedro_bay,2016-04,3705980894.0
san_pedro_bay,2016-05,4121193207.0
san_pedro_bay,2016-06,4135660218.0
san_pedro_bay,2016-07,3886043613.0
san_pedro_bay,2016-08,4317225675.0
san_pedro_bay,2016-09,3858286475.0
san_pedro_bay,2016-10,3916887521.0
san_pedro_bay,2016-11,3941032502.0
san_pedro_bay,2016-12,3950179557.0
san_pedro_bay,2017-01,4079411890.0
san_pedro_bay,2017-02,3423754417.0
san_pedro_bay,2017-03,3801971733.0
san_pedro_bay,2017-04,3812151271.0
san_pedro_bay,2017-05,4426275615.0
san_pedro_bay,2017-06,4199157088.0
san_pedro_bay,2017-07,4287550873.0
san_pedro_bay,2017-08,4557243728.0
san_pedro_bay,2017-09,3981112765.0
san_pedro_bay,2017-10,4020517129.0
san_pedro_bay,2017-11,4281142598.0
san_pedro_bay,2017-12,3984583552.0
san_pedro_bay,2018-01,4513487089.0
san_pedro_bay,2018-02,3987391825.0
san_pedro_bay,2018-03,3324462791.0
san_pedro_bay,2018-04,4050861898.0
san_pedro_bay,2018-05,4538923107.0
san_pedro_bay,2018-06,4247271228.0
san_pedro_bay,2018-07,4400850142.0
san_pedro_bay,2018-08,4295737387.0
san_pedro_bay,2018-09,4126560923.0
san_pedro_bay,2018-10,4632239876.0
san_pedro_bay,2018-11,4198350720.0
san_pedro_bay,2018-12,4573763821.0
san_pedro_bay,2019-01,4403037285.0
san_pedro_bay,2019-02,3592724063.0
san_pedro_bay,2019-03,3186860023.0
san_pedro_bay,2019-04,3666823611.0
san_pedro_bay,2019-05,4167877543.0
san_pedro_bay,2019-06,3785389309.0
san_pedro_bay,2019-07,4316396487.0
san_pedro_bay,2019-08,4039068928.0
san_pedro_bay,2019-09,3903891941.0
san_pedro_bay,2019-10,3857698906.0
san_pedro_bay,2019-11,3604856144.0
san_pedro_bay,2019-12,3572585890.0
san_pedro_bay,2020-01,3984186289.0
san_pedro_bay,2020-02,2860201349.0
san_pedro_bay,2020-03,2739056706.0
san_pedro_bay,2020-04,3646740017.0
san_pedro_bay,2020-05,3413308822.0
san_pedro_bay,2020-06,3829560052.0
san_pedro_bay,2020-07,4434009403.0
san_pedro_bay,2020-08,4501743771.0
san_pedro_bay,2020-09,4620496709.0
san_pedro_bay,2020-10,4747273080.0
san_pedro_bay,2020-11,4516945652.0
san_pedro_bay,2020-12,4622258310.0
san_pedro_bay,2021-01,4340521191.0
san_pedro_bay,2021-02,4043897253.0
san_pedro_bay,2021-03,4758448880.0
san_pedro_bay,2021-04,4715667185.0
san_pedro_bay,2021-05,5069911047.0
san_pedro_bay,2021-06,4803712220.0
san_pedro_bay,2021-07,4745747723.0
san_pedro_bay,2021-08,4812496549.0
san_pedro_bay,2021-09,4856234121.0
san_pedro_bay,2021-10,4569710776.0
san_pedro_bay,2021-11,4292243421.0
san_pedro_bay,2021-12,4150089099.0
san_pedro_bay,2022-01,4197126243.0
san_pedro_bay,2022-02,4427188914.0
san_pedro_bay,2022-03,5513311088.0
san_pedro_bay,2022-04,5090712335.0
san_pedro_bay,2022-05,5324532324.0
san_pedro_bay,2022-06,4937522774.0
san_pedro_bay,2022-07,4855238951.0
san_pedro_bay,2022-08,4708981890.0
san_pedro_bay,2022-09,4091785286.0
san_pedro_bay,2022-10,3940404832.0
san_pedro_bay,2022-11,3335682656.0
san_pedro_bay,2022-12,3718464038.0
san_pedro_bay,2023-01,3921714803.0
san_pedro_bay,2023-02,2886838835.0
san_pedro_bay,2023-03,3439480222.0
san_pedro_bay,2023-04,3778765758.0
san_pedro_bay,2023-05,4041134659.0
san_pedro_bay,2023-06,4026777256.0
san_pedro_bay,2023-07,3760636232.0
san_pedro_bay,2023-08,4252494291.0
san_pedro_bay,2023-09,4271836593.0
san_pedro_bay,2023-10,4201845498.0
san_pedro_bay,2023-11,4132625261.0
san_pedro_bay,2023-12,3907795995.0
san_pedro_bay,2024-01,4521936183.0
san_pedro_bay,2024-02,3991180076.0
san_pedro_bay,2024-03,4010555875.0
san_pedro_bay,2024-04,4476287825.0
san_pedro_bay,2024-05,4475161375.0
san_pedro_bay,2024-06,4852221642.0
san_pedro_bay,2024-07,5381366770.0
san_pedro_bay,2024-08,5084894003.0
san_pedro_bay,2024-09,5310590193.0
san_pedro_bay,2024-10,5307834756.0
san_pedro_bay,2024-11,4993754439.0
san_pedro_bay,2024-12,5039360159.0
san_pedro_bay,2025-01,5550204547.0
san_pedro_bay,2025-02,4400081185.0
san_pedro_bay,2025-03,4439578873.0
san_pedro_bay,2025-04,4835682674.0
san_pedro_bay,2025-05,4028456257.0
san_pedro_bay,2025-06,4602118349.0
san_pedro_bay,2025-07,5638669520.0
san_pedro_bay,2025-08,5006155883.0
san_pedro_bay,2025-09,4622634434.0
san_pedro_bay,2025-10,4378795207.0
san_pedro_bay,2025-11,4311054310.0
san_pedro_bay,2025-12,4587695343.0
savannah_ga,2015-01,992118358.0
savannah_ga,2015-02,826222884.0
savannah_ga,2015-03,999048506.0
savannah_ga,2015-04,965243657.0
savannah_ga,2015-05,1045772808.0
savannah_ga,2015-06,1028404622.0
savannah_ga,2015-07,993461245.0
savannah_ga,2015-08,965332606.0
savannah_ga,2015-09,924461336.0
savannah_ga,2015-10,942824580.0
savannah_ga,2015-11,867619741.0
savannah_ga,2015-12,815445066.0
savannah_ga,2016-01,901036869.0
savannah_ga,2016-02,973118628.0
savannah_ga,2016-03,968744399.0
savannah_ga,2016-04,946956177.0
savannah_ga,2016-05,1023010946.0
savannah_ga,2016-06,1043032831.0
savannah_ga,2016-07,1026468426.0
savannah_ga,2016-08,1105276210.0
savannah_ga,2016-09,1001715902.0
savannah_ga,2016-10,1001388562.0
savannah_ga,2016-11,971979961.0
savannah_ga,2016-12,934654589.0
savannah_ga,2017-01,1083379966.0
savannah_ga,2017-02,980308103.0
savannah_ga,2017-03,997699931.0
savannah_ga,2017-04,1056971167.0
savannah_ga,2017-05,1109354826.0
savannah_ga,2017-06,1107757792.0
savannah_ga,2017-07,1090746171.0
savannah_ga,2017-08,1092642927.0
savannah_ga,2017-09,1092928055.0
savannah_ga,2017-10,1200869798.0
savannah_ga,2017-11,970993407.0
savannah_ga,2017-12,1012824912.0
savannah_ga,2018-01,1136086166.0
savannah_ga,2018-02,1048996499.0
savannah_ga,2018-03,1255690332.0
savannah_ga,2018-04,1160944538.0
savannah_ga,2018-05,1146728481.0
savannah_ga,2018-06,1218182806.0
savannah_ga,2018-07,1196011963.0
savannah_ga,2018-08,1231529481.0
savannah_ga,2018-09,1132717722.0
savannah_ga,2018-10,1295648865.0
savannah_ga,2018-11,1149656757.0
savannah_ga,2018-12,1151711051.0
savannah_ga,2019-01,1362731308.0
savannah_ga,2019-02,1018570854.0
savannah_ga,2019-03,1263872627.0
savannah_ga,2019-04,1192693728.0
savannah_ga,2019-05,1275751244.0
savannah_ga,2019-06,1142401538.0
savannah_ga,2019-07,1310530871.0
savannah_ga,2019-08,1394876231.0
savannah_ga,2019-09,1230289588.0
savannah_ga,2019-10,1261705963.0
savannah_ga,2019-11,1192076566.0
savannah_ga,2019-12,1150529557.0
savannah_ga,2020-01,1222829396.0
savannah_ga,2020-02,1098808044.0
savannah_ga,2020-03,1074051799.0
savannah_ga,2020-04,1140126197.0
savannah_ga,2020-05,1042584225.0
savannah_ga,2020-06,1084433828.0
savannah_ga,2020-07,1189899376.0
savannah_ga,2020-08,1425894312.0
savannah_ga,2020-09,1342833387.0
savannah_ga,2020-10,1414754409.0
savannah_ga,2020-11,1508978726.0
savannah_ga,2020-12,1447592750.0
savannah_ga,2021-01,1528744955.0
savannah_ga,2021-02,1328999014.0
savannah_ga,2021-03,1619759408.0
savannah_ga,2021-04,1541532145.0
savannah_ga,2021-05,1608256293.0
savannah_ga,2021-06,1520340790.0
savannah_ga,2021-07,1588278211.0
savannah_ga,2021-08,1611472773.0
savannah_ga,2021-09,1569985109.0
savannah_ga,2021-10,1600356285.0
savannah_ga,2021-11,1546038054.0
savannah_ga,2021-12,1613160012.0
savannah_ga,2022-01,1637981858.0
savannah_ga,2022-02,1373783692.0
savannah_ga,2022-03,1498461271.0
savannah_ga,2022-04,1688224541.0
savannah_ga,2022-05,1682728650.0
savannah_ga,2022-06,1703602901.0
savannah_ga,2022-07,1733932528.0
savannah_ga,2022-08,1913076550.0
savannah_ga,2022-09,1633397261.0
savannah_ga,2022-10,1777815250.0
savannah_ga,2022-11,1535810510.0
savannah_ga,2022-12,1495565133.0
savannah_ga,2023-01,1438498153.0
savannah_ga,2023-02,1244583046.0
savannah_ga,2023-03,1207398653.0
savannah_ga,2023-04,1403462549.0
savannah_ga,2023-05,1387968227.0
savannah_ga,2023-06,1253941122.0
savannah_ga,2023-07,1568107727.0
savannah_ga,2023-08,1387490343.0
savannah_ga,2023-09,1404941084.0
savannah_ga,2023-10,1479215749.0
savannah_ga,2023-11,1468114453.0
savannah_ga,2023-12,1414597708.0
savannah_ga,2024-01,1467474716.0
savannah_ga,2024-02,1442162757.0
savannah_ga,2024-03,1458560804.0
savannah_ga,2024-04,1499248508.0
savannah_ga,2024-05,1623324286.0
savannah_ga,2024-06,1639862422.0
savannah_ga,2024-07,1697394808.0
savannah_ga,2024-08,1630592298.0
savannah_ga,2024-09,1571366068.0
savannah_ga,2024-10,1613064096.0
savannah_ga,2024-11,1553991242.0
savannah_ga,2024-12,1623702547.0
savannah_ga,2025-01,1511449039.0
savannah_ga,2025-02,1524585344.0
savannah_ga,2025-03,1808540667.0
savannah_ga,2025-04,1734532184.0
savannah_ga,2025-05,1647210498.0
savannah_ga,2025-06,1412603851.0
savannah_ga,2025-07,1766032878.0
savannah_ga,2025-08,1748578733.0
savannah_ga,2025-09,1674149069.0
savannah_ga,2025-10,1512798490.0
savannah_ga,2025-11,1462615588.0
savannah_ga,2025-12,1695419813.0
seattle_wa,2015-01,292583095.0
seattle_wa,2015-02,271951246.0
seattle_wa,2015-03,375950392.0
seattle_wa,2015-04,297525525.0
seattle_wa,2015-05,298061950.0
seattle_wa,2015-06,278949221.0
seattle_wa,2015-07,276411126.0
seattle_wa,2015-08,246909362.0
seattle_wa,2015-09,274772422.0
seattle_wa,2015-10,259661085.0
seattle_wa,2015-11,252764967.0
seattle_wa,2015-12,238053429.0
seattle_wa,2016-01,259890834.0
seattle_wa,2016-02,253383988.0
seattle_wa,2016-03,223190151.0
seattle_wa,2016-04,260185929.0
seattle_wa,2016-05,268180082.0
seattle_wa,2016-06,336091370.0
seattle_wa,2016-07,323856326.0
seattle_wa,2016-08,325941442.0
seattle_wa,2016-09,286516641.0
seattle_wa,2016-10,296897349.0
seattle_wa,2016-11,307070645.0
seattle_wa,2016-12,281132431.0
seattle_wa,2017-01,321590423.0
seattle_wa,2017-02,262590401.0
seattle_wa,2017-03,293421577.0
seattle_wa,2017-04,300490424.0
seattle_wa,2017-05,420217873.0
seattle_wa,2017-06,392839403.0
seattle_wa,2017-07,377907722.0
seattle_wa,2017-08,389025027.0
seattle_wa,2017-09,376116044.0
seattle_wa,2017-10,349985042.0
seattle_wa,2017-11,402551482.0
seattle_wa,2017-12,362706331.0
seattle_wa,2018-01,336288837.0
seattle_wa,2018-02,362369681.0
seattle_wa,2018-03,334456338.0
seattle_wa,2018-04,352232869.0
seattle_wa,2018-05,449243326.0
seattle_wa,2018-06,417491578.0
seattle_wa,2018-07,447395113.0
seattle_wa,2018-08,405672793.0
seattle_wa,2018-09,428504733.0
seattle_wa,2018-10,450808594.0
seattle_wa,2018-11,475816575.0
seattle_wa,2018-12,455768571.0
seattle_wa,2019-01,438534706.0
seattle_wa,2019-02,345498283.0
seattle_wa,2019-03,368208292.0
seattle_wa,2019-04,379204253.0
seattle_wa,2019-05,437676006.0
seattle_wa,2019-06,361482110.0
seattle_wa,2019-07,392753759.0
seattle_wa,2019-08,390262753.0
seattle_wa,2019-09,351620943.0
seattle_wa,2019-10,326795055.0
seattle_wa,2019-11,293682924.0
seattle_wa,2019-12,299213157.0
seattle_wa,2020-01,414223464.0
seattle_wa,2020-02,240907104.0
seattle_wa,2020-03,274378301.0
seattle_wa,2020-04,336952201.0
seattle_wa,2020-05,349011512.0
seattle_wa,2020-06,334446073.0
seattle_wa,2020-07,359475816.0
seattle_wa,2020-08,367633093.0
seattle_wa,2020-09,380558361.0
seattle_wa,2020-10,376813728.0
seattle_wa,2020-11,379529432.0
seattle_wa,2020-12,422287635.0
seattle_wa,2021-01,377967669.0
seattle_wa,2021-02,305751119.0
seattle_wa,2021-03,471335709.0
seattle_wa,2021-04,445493339.0
seattle_wa,2021-05,424455539.0
seattle_wa,2021-06,529496517.0
seattle_wa,2021-07,451655056.0
seattle_wa,2021-08,386339623.0
seattle_wa,2021-09,362741040.0
seattle_wa,2021-10,364255524.0
seattle_wa,2021-11,355891181.0
seattle_wa,2021-12,318154023.0
seattle_wa,2022-01,294510281.0
seattle_wa,2022-02,317237085.0
seattle_wa,2022-03,369107344.0
seattle_wa,2022-04,371358769.0
seattle_wa,2022-05,472111803.0
seattle_wa,2022-06,381826886.0
seattle_wa,2022-07,387253208.0
seattle_wa,2022-08,355058574.0
seattle_wa,2022-09,330309879.0
seattle_wa,2022-10,313522447.0
seattle_wa,2022-11,350781217.0
seattle_wa,2022-12,289587887.0
seattle_wa,2023-01,251112702.0
seattle_wa,2023-02,197671074.0
seattle_wa,2023-03,244040494.0
seattle_wa,2023-04,292504817.0
seattle_wa,2023-05,248232161.0
seattle_wa,2023-06,258301902.0
seattle_wa,2023-07,251430666.0
seattle_wa,2023-08,292189378.0
seattle_wa,2023-09,267883534.0
seattle_wa,2023-10,250683058.0
seattle_wa,2023-11,251435480.0
seattle_wa,2023-12,223069322.0
seattle_wa,2024-01,289235560.0
seattle_wa,2024-02,257668734.0
seattle_wa,2024-03,270723590.0
seattle_wa,2024-04,246459891.0
seattle_wa,2024-05,307262359.0
seattle_wa,2024-06,263198148.0
seattle_wa,2024-07,321631774.0
seattle_wa,2024-08,404717165.0
seattle_wa,2024-09,369854186.0
seattle_wa,2024-10,314616915.0
seattle_wa,2024-11,310264790.0
seattle_wa,2024-12,260961614.0
seattle_wa,2025-01,348153006.0
seattle_wa,2025-02,308800642.0
seattle_wa,2025-03,266637061.0
seattle_wa,2025-04,282132183.0
seattle_wa,2025-05,291295236.0
seattle_wa,2025-06,304523251.0
seattle_wa,2025-07,327112548.0
seattle_wa,2025-08,325780173.0
seattle_wa,2025-09,276341346.0
seattle_wa,2025-10,252958387.0
seattle_wa,2025-11,226241393.0
seattle_wa,2025-12,253020490.0
tacoma_wa,2015-01,360730218.0
tacoma_wa,2015-02,268533568.0
tacoma_wa,2015-03,500177451.0
tacoma_wa,2015-04,479332565.0
tacoma_wa,2015-05,478348878.0
tacoma_wa,2015-06,492763017.0
tacoma_wa,2015-07,484447308.0
tacoma_wa,2015-08,496248825.0
tacoma_wa,2015-09,472126694.0
tacoma_wa,2015-10,442378175.0
tacoma_wa,2015-11,445507102.0
tacoma_wa,2015-12,426746889.0
tacoma_wa,2016-01,491725242.0
tacoma_wa,2016-02,469382650.0
tacoma_wa,2016-03,412442828.0
tacoma_wa,2016-04,477245326.0
tacoma_wa,2016-05,488896808.0
tacoma_wa,2016-06,432361700.0
tacoma_wa,2016-07,467698878.0
tacoma_wa,2016-08,503419574.0
tacoma_wa,2016-09,485966688.0
tacoma_wa,2016-10,474093834.0
tacoma_wa,2016-11,459584736.0
tacoma_wa,2016-12,459205391.0
tacoma_wa,2017-01,495354418.0
tacoma_wa,2017-02,417930267.0
tacoma_wa,2017-03,440111886.0
tacoma_wa,2017-04,447224019.0
tacoma_wa,2017-05,367907216.0
tacoma_wa,2017-06,347179917.0
tacoma_wa,2017-07,349015675.0
tacoma_wa,2017-08,370749301.0
tacoma_wa,2017-09,323277665.0
tacoma_wa,2017-10,387295851.0
tacoma_wa,2017-11,351712964.0
tacoma_wa,2017-12,353468794.0
tacoma_wa,2018-01,383817819.0
tacoma_wa,2018-02,349991146.0
tacoma_wa,2018-03,326599245.0
tacoma_wa,2018-04,342623336.0
tacoma_wa,2018-05,407978580.0
tacoma_wa,2018-06,408413084.0
tacoma_wa,2018-07,390592620.0
tacoma_wa,2018-08,379930197.0
tacoma_wa,2018-09,389096369.0
tacoma_wa,2018-10,413977938.0
tacoma_wa,2018-11,405604881.0
tacoma_wa,2018-12,405985155.0
tacoma_wa,2019-01,372126894.0
tacoma_wa,2019-02,359554481.0
tacoma_wa,2019-03,328493894.0
tacoma_wa,2019-04,378997733.0
tacoma_wa,2019-05,406819005.0
tacoma_wa,2019-06,357577578.0
tacoma_wa,2019-07,408631673.0
tacoma_wa,2019-08,400305165.0
tacoma_wa,2019-09,385054408.0
tacoma_wa,2019-10,387895777.0
tacoma_wa,2019-11,375903079.0
tacoma_wa,2019-12,349664859.0
tacoma_wa,2020-01,329136255.0
tacoma_wa,2020-02,303531200.0
tacoma_wa,2020-03,348094754.0
tacoma_wa,2020-04,327515283.0
tacoma_wa,2020-05,324795907.0
tacoma_wa,2020-06,295645899.0
tacoma_wa,2020-07,344489118.0
tacoma_wa,2020-08,318328150.0
tacoma_wa,2020-09,318419538.0
tacoma_wa,2020-10,364484279.0
tacoma_wa,2020-11,363062674.0
tacoma_wa,2020-12,312663937.0
tacoma_wa,2021-01,348693696.0
tacoma_wa,2021-02,225699916.0
tacoma_wa,2021-03,431143021.0
tacoma_wa,2021-04,370898567.0
tacoma_wa,2021-05,368790790.0
tacoma_wa,2021-06,429953290.0
tacoma_wa,2021-07,383967070.0
tacoma_wa,2021-08,441875548.0
tacoma_wa,2021-09,349170417.0
tacoma_wa,2021-10,408973642.0
tacoma_wa,2021-11,300199321.0
tacoma_wa,2021-12,343920470.0
tacoma_wa,2022-01,383833308.0
tacoma_wa,2022-02,463256077.0
tacoma_wa,2022-03,426437204.0
tacoma_wa,2022-04,328414687.0
tacoma_wa,2022-05,257944682.0
tacoma_wa,2022-06,306322572.0
tacoma_wa,2022-07,273055473.0
tacoma_wa,2022-08,343076767.0
tacoma_wa,2022-09,347268786.0
tacoma_wa,2022-10,381281070.0
tacoma_wa,2022-11,353521269.0
tacoma_wa,2022-12,286210263.0
tacoma_wa,2023-01,345976462.0
tacoma_wa,2023-02,310861487.0
tacoma_wa,2023-03,309205130.0
tacoma_wa,2023-04,278790631.0
tacoma_wa,2023-05,341634903.0
tacoma_wa,2023-06,340931127.0
tacoma_wa,2023-07,363922686.0
tacoma_wa,2023-08,359505434.0
tacoma_wa,2023-09,502378390.0
tacoma_wa,2023-10,453837247.0
tacoma_wa,2023-11,419495543.0
tacoma_wa,2023-12,331958233.0
tacoma_wa,2024-01,326369080.0
tacoma_wa,2024-02,284035884.0
tacoma_wa,2024-03,356850021.0
tacoma_wa,2024-04,414182348.0
tacoma_wa,2024-05,465759516.0
tacoma_wa,2024-06,474486980.0
tacoma_wa,2024-07,538332694.0
tacoma_wa,2024-08,457716313.0
tacoma_wa,2024-09,457376255.0
tacoma_wa,2024-10,471832262.0
tacoma_wa,2024-11,435483425.0
tacoma_wa,2024-12,498354594.0
tacoma_wa,2025-01,482409342.0
tacoma_wa,2025-02,412102831.0
tacoma_wa,2025-03,457280051.0
tacoma_wa,2025-04,421199238.0
tacoma_wa,2025-05,349818129.0
tacoma_wa,2025-06,377356363.0
tacoma_wa,2025-07,423166624.0
tacoma_wa,2025-08,365194211.0
tacoma_wa,2025-09,381691589.0
tacoma_wa,2025-10,539000547.0
tacoma_wa,2025-11,373464769.0
tacoma_wa,2025-12,336586011.0
wilmington_nc,2015-01,111012265.0
wilmington_nc,2015-02,132647820.0
wilmington_nc,2015-03,98161549.0
wilmington_nc,2015-04,119546699.0
wilmington_nc,2015-05,102782878.0
wilmington_nc,2015-06,91931402.0
wilmington_nc,2015-07,132568376.0
wilmington_nc,2015-08,112914484.0
wilmington_nc,2015-09,72587480.0
wilmington_nc,2015-10,93245406.0
wilmington_nc,2015-11,70097576.0
wilmington_nc,2015-12,75686198.0
wilmington_nc,2016-01,75421191.0
wilmington_nc,2016-02,76679062.0
wilmington_nc,2016-03,81704790.0
wilmington_nc,2016-04,94046788.0
wilmington_nc,2016-05,83705228.0
wilmington_nc,2016-06,69685379.0
wilmington_nc,2016-07,93328496.0
wilmington_nc,2016-08,104298351.0
wilmington_nc,2016-09,77176585.0
wilmington_nc,2016-10,51894077.0
wilmington_nc,2016-11,41727141.0
wilmington_nc,2016-12,69747407.0
wilmington_nc,2017-01,22683847.0
wilmington_nc,2017-02,35144870.0
wilmington_nc,2017-03,39803229.0
wilmington_nc,2017-04,36447168.0
wilmington_nc,2017-05,42310546.0
wilmington_nc,2017-06,75605878.0
wilmington_nc,2017-07,67122419.0
wilmington_nc,2017-08,61395966.0
wilmington_nc,2017-09,98686348.0
wilmington_nc,2017-10,70811055.0
wilmington_nc,2017-11,61728263.0
wilmington_nc,2017-12,91298154.0
wilmington_nc,2018-01,72925477.0
wilmington_nc,2018-02,90114083.0
wilmington_nc,2018-03,101041262.0
wilmington_nc,2018-04,99957989.0
wilmington_nc,2018-05,80816083.0
wilmington_nc,2018-06,71059452.0
wilmington_nc,2018-07,88340576.0
wilmington_nc,2018-08,114142533.0
wilmington_nc,2018-09,87376359.0
wilmington_nc,2018-10,74653695.0
wilmington_nc,2018-11,68403418.0
wilmington_nc,2018-12,121627281.0
wilmington_nc,2019-01,67387374.0
wilmington_nc,2019-02,54477338.0
wilmington_nc,2019-03,100256136.0
wilmington_nc,2019-04,68960032.0
wilmington_nc,2019-05,68075639.0
wilmington_nc,2019-06,69437225.0
wilmington_nc,2019-07,109094084.0
wilmington_nc,2019-08,75665424.0
wilmington_nc,2019-09,64711574.0
wilmington_nc,2019-10,78180545.0
wilmington_nc,2019-11,72446723.0
wilmington_nc,2019-12,74077319.0
wilmington_nc,2020-01,76409997.0
wilmington_nc,2020-02,82912405.0
wilmington_nc,2020-03,58959839.0
wilmington_nc,2020-04,73968221.0
wilmington_nc,2020-05,106384033.0
wilmington_nc,2020-06,58094456.0
wilmington_nc,2020-07,71849479.0
wilmington_nc,2020-08,79760817.0
wilmington_nc,2020-09,67209580.0
wilmington_nc,2020-10,78699152.0
wilmington_nc,2020-11,116474794.0
wilmington_nc,2020-12,66369164.0
wilmington_nc,2021-01,87034048.0
wilmington_nc,2021-02,95385704.0
wilmington_nc,2021-03,86912223.0
wilmington_nc,2021-04,96925458.0
wilmington_nc,2021-05,76892373.0
wilmington_nc,2021-06,133110176.0
wilmington_nc,2021-07,100138594.0
wilmington_nc,2021-08,80429038.0
wilmington_nc,2021-09,118542524.0
wilmington_nc,2021-10,98066059.0
wilmington_nc,2021-11,133426744.0
wilmington_nc,2021-12,100859109.0
wilmington_nc,2022-01,77245154.0
wilmington_nc,2022-02,103424960.0
wilmington_nc,2022-03,106388474.0
wilmington_nc,2022-04,113857269.0
wilmington_nc,2022-05,122962849.0
wilmington_nc,2022-06,129886167.0
wilmington_nc,2022-07,98206234.0
wilmington_nc,2022-08,97320240.0
wilmington_nc,2022-09,100337312.0
wilmington_nc,2022-10,101473148.0
wilmington_nc,2022-11,79430942.0
wilmington_nc,2022-12,72864983.0
wilmington_nc,2023-01,128140467.0
wilmington_nc,2023-02,64367886.0
wilmington_nc,2023-03,74751630.0
wilmington_nc,2023-04,98537189.0
wilmington_nc,2023-05,157202164.0
wilmington_nc,2023-06,85524217.0
wilmington_nc,2023-07,80901135.0
wilmington_nc,2023-08,69552637.0
wilmington_nc,2023-09,87510313.0
wilmington_nc,2023-10,96981801.0
wilmington_nc,2023-11,82384232.0
wilmington_nc,2023-12,69535071.0
wilmington_nc,2024-01,115133678.0
wilmington_nc,2024-02,76803960.0
wilmington_nc,2024-03,74485245.0
wilmington_nc,2024-04,73325832.0
wilmington_nc,2024-05,99006403.0
wilmington_nc,2024-06,89289381.0
wilmington_nc,2024-07,82095691.0
wilmington_nc,2024-08,81279517.0
wilmington_nc,2024-09,95279645.0
wilmington_nc,2024-10,60788149.0
wilmington_nc,2024-11,97862824.0
wilmington_nc,2024-12,97636644.0
wilmington_nc,2025-01,80292186.0
wilmington_nc,2025-02,88231854.0
wilmington_nc,2025-03,76441369.0
wilmington_nc,2025-04,76223692.0
wilmington_nc,2025-05,116067848.0
wilmington_nc,2025-06,61371878.0
wilmington_nc,2025-07,45385248.0
wilmington_nc,2025-08,92004821.0
wilmington_nc,2025-09,65901925.0
wilmington_nc,2025-10,53972735.0
wilmington_nc,2025-11,46690073.0
wilmington_nc,2025-12,39122371.0
