rank,port_complex_id,port_complex_name,coast,component_port_codes,geometry_version,source_vintage,ranking_value_2017_2019,cumulative_share,inclusion_status,inclusion_reason
1,san_pedro_bay,San Pedro Bay (Los Angeles/Long Beach),Pacific,2704;2709,crosswalk-v1-2026-07-13,Census Port-HS 2017-2019; UN/LOCODE 2025-1; USACE Port/PSA metadata accessed 2026-07-13,286294960801.6667,0.36568157992223,included,top_20
2,new_york_new_jersey,Port of New York and New Jersey,Atlantic,1001;1003,crosswalk-v1-2026-07-13,Census Port-HS 2017-2019; UN/LOCODE 2025-1; USACE Port/PSA metadata accessed 2026-07-13,127269614832.66666,0.5282417371034258,included,top_20
3,savannah_ga,"Savannah, Ga",Atlantic,1703,crosswalk-v1-2026-07-13,Census Port-HS 2017-2019; UN/LOCODE 2025-1; USACE Port/PSA metadata accessed 2026-07-13,67355579126.0,0.6142743187541926,included,top_20
4,norfolk_newport_news_va,"Norfolk-Newport News, Va",Atlantic,1401,crosswalk-v1-2026-07-13,Census Port-HS 2017-2019; UN/LOCODE 2025-1; USACE Port/PSA metadata accessed 2026-07-13,46619801623.0,0.673821307165804,included,top_20
5,charleston_sc,"Charleston, Sc",Atlantic,1601,crosswalk-v1-2026-07-13,Census Port-HS 2017-2019; UN/LOCODE 2025-1; USACE Port/PSA metadata accessed 2026-07-13,43508895710.333336,0.7293947677655814,included,top_20
6,tacoma_wa,"Tacoma, Wa",Pacific,3002,crosswalk-v1-2026-07-13,Census Port-HS 2017-2019; UN/LOCODE 2025-1; USACE Port/PSA metadata accessed 2026-07-13,35608416917.666664,0.7748770288592457,included,top_20
7,houston_tx,"Houston, Tx",Gulf,5301,crosswalk-v1-2026-07-13,Census Port-HS 2017-2019; UN/LOCODE 2025-1; USACE Port/PSA metadata accessed 2026-07-13,35478150631.333336,0.8201929021783451,included,top_20
8,oakland_ca,"Oakland, Ca",Pacific,2811,crosswalk-v1-2026-07-13,Census Port-HS 2017-2019; UN/LOCODE 2025-1; USACE Port/PSA metadata accessed 2026-07-13,27689589936.0,0.8555605278146543,included,top_20
9,baltimore_md,"Baltimore, Md",Atlantic,1303,crosswalk-v1-2026-07-13,Census Port-HS 2017-2019; UN/LOCODE 2025-1; USACE Port/PSA metadata accessed 2026-07-13,19581904375.0,0.8805722908917442,included,top_20
10,seattle_wa,"Seattle, Wa",Pacific,3001,crosswalk-v1-2026-07-13,Census Port-HS 2017-2019; UN/LOCODE 2025-1; USACE Port/PSA metadata accessed 2026-07-13,18561533109.333332,0.9042807443489532,included,top_20
11,miami_fl,"Miami, Fl",Atlantic,5201,crosswalk-v1-2026-07-13,Census Port-HS 2017-2019; UN/LOCODE 2025-1; USACE Port/PSA metadata accessed 2026-07-13,14783790592.333334,0.9231639265254954,included,top_20
12,philadelphia_pa,"Philadelphia, Pa",Atlantic,1101,crosswalk-v1-2026-07-13,Census Port-HS 2017-2019; UN/LOCODE 2025-1; USACE Port/PSA metadata accessed 2026-07-13,9491363328.0,0.9352871463253835,included,top_20
13,port_everglades_fl,"Port Everglades, Fl",Atlantic,5203,crosswalk-v1-2026-07-13,Census Port-HS 2017-2019; UN/LOCODE 2025-1; USACE Port/PSA metadata accessed 2026-07-13,9052004159.0,0.9468491772219694,included,top_20
14,jacksonville_fl,"Jacksonville, Fl",Atlantic,1803,crosswalk-v1-2026-07-13,Census Port-HS 2017-2019; UN/LOCODE 2025-1; USACE Port/PSA metadata accessed 2026-07-13,6846076319.0,0.9555935993996773,included,top_20
15,new_orleans_la,"New Orleans, La",Gulf,2002,crosswalk-v1-2026-07-13,Census Port-HS 2017-2019; UN/LOCODE 2025-1; USACE Port/PSA metadata accessed 2026-07-13,5191051044.333333,0.9622240749834365,included,top_20
16,mobile_al,"Mobile, Al",Gulf,1901,crosswalk-v1-2026-07-13,Census Port-HS 2017-2019; UN/LOCODE 2025-1; USACE Port/PSA metadata accessed 2026-07-13,4771581855.333333,0.9683187669287667,included,top_20
17,boston_ma,"Boston, Ma",Atlantic,0401,crosswalk-v1-2026-07-13,Census Port-HS 2017-2019; UN/LOCODE 2025-1; USACE Port/PSA metadata accessed 2026-07-13,4591238674.0,0.9741831084016558,included,top_20
18,chester_pa,"Chester, Pa",Atlantic,1102,crosswalk-v1-2026-07-13,Census Port-HS 2017-2019; UN/LOCODE 2025-1; USACE Port/PSA metadata accessed 2026-07-13,4359672671.333333,0.979751673024424,included,top_20
19,wilmington_nc,"Wilmington, Nc",Atlantic,1501,crosswalk-v1-2026-07-13,Census Port-HS 2017-2019; UN/LOCODE 2025-1; USACE Port/PSA metadata accessed 2026-07-13,3559590843.6666665,0.9842983014385037,included,top_20
20,san_francisco_ca,"San Francisco, Ca",Pacific,2809,crosswalk-v1-2026-07-13,Census Port-HS 2017-2019; UN/LOCODE 2025-1; USACE Port/PSA metadata accessed 2026-07-13,1942091879.6666667,0.9867789152254947,included,top_20
21,gulfport_ms,"Gulfport, Ms",Gulf,1902,crosswalk-v1-2026-07-13,Census Port-HS 2017-2019; UN/LOCODE 2025-1; USACE Port/PSA metadata accessed 2026-07-13,1495683886.3333333,0.9886893367190728,excluded_by_selection_rule,outside_selected_coverage
22,everett_wa,"Everett, Wa",Pacific,3006,crosswalk-v1-2026-07-13,Census Port-HS 2017-2019; UN/LOCODE 2025-1; USACE Port/PSA metadata accessed 2026-07-13,1063862821.3333334,0.9900481976512958,excluded_by_selection_rule,outside_selected_coverage
23,tampa_fl,"Tampa, Fl",Gulf,1801,crosswalk-v1-2026-07-13,Census Port-HS 2017-2019; UN/LOCODE 2025-1; USACE Port/PSA metadata accessed 2026-07-13,991380733.0,0.9913144779649022,excluded_by_selection_rule,outside_selected_coverage
24,wilmington_de,"Wilmington, De",Atlantic,1103,crosswalk-v1-2026-07-13,Census Port-HS 2017-2019; UN/LOCODE 2025-1; USACE Port/PSA metadata accessed 2026-07-13,883260790.3333334,0.9924426577986935,excluded_by_selection_rule,outside_selected_coverage
25,port_hueneme_ca,"Port Hueneme, Ca",Pacific,2713,crosswalk-v1-2026-07-13,Census Port-HS 2017-2019; UN/LOCODE 2025-1; USACE Port/PSA metadata accessed 2026-07-13,657043134.3333334,0.9932818921700121,excluded_by_selection_rule,outside_selected_coverage
26,brunswick_ga,"Brunswick, Ga",Atlantic,1701,crosswalk-v1-2026-07-13,Census Port-HS 2017-2019; UN/LOCODE 2025-1; USACE Port/PSA metadata accessed 2026-07-13,568729997.0,0.9940083250882505,excluded_by_selection_rule,outside_selected_coverage
27,panama_city_fl,"Panama City, Fl",Gulf,1818,crosswalk-v1-2026-07-13,Census Port-HS 2017-2019; UN/LOCODE 2025-1; USACE Port/PSA metadata accessed 2026-07-13,497657584.0,0.9946439779515347,excluded_by_selection_rule,outside_selected_coverage
28,galveston_tx,"Galveston, Tx",Gulf,5310,crosswalk-v1-2026-07-13,Census Port-HS 2017-2019; UN/LOCODE 2025-1; USACE Port/PSA metadata accessed 2026-07-13,489601450.3333333,0.9952693407989589,excluded_by_selection_rule,outside_selected_coverage
29,portland_me,"Portland, Me",Atlantic,0101,crosswalk-v1-2026-07-13,Census Port-HS 2017-2019; UN/LOCODE 2025-1; USACE Port/PSA metadata accessed 2026-07-13,475053012.3333333,0.9958761210776282,excluded_by_selection_rule,outside_selected_coverage
30,san_diego_ca,"San Diego, Ca",Pacific,2501,crosswalk-v1-2026-07-13,Census Port-HS 2017-2019; UN/LOCODE 2025-1; USACE Port/PSA metadata accessed 2026-07-13,454943199.0,0.9964572153005911,excluded_by_selection_rule,outside_selected_coverage
31,port_manatee_fl,"Port Manatee, Fl",Gulf,1821,crosswalk-v1-2026-07-13,Census Port-HS 2017-2019; UN/LOCODE 2025-1; USACE Port/PSA metadata accessed 2026-07-13,311516597.0,0.996855112214473,excluded_by_selection_rule,outside_selected_coverage
32,corpus_christi_tx,"Corpus Christi, Tx",Gulf,5312,crosswalk-v1-2026-07-13,Census Port-HS 2017-2019; UN/LOCODE 2025-1; USACE Port/PSA metadata accessed 2026-07-13,288319956.6666667,0.9972233803005816,excluded_by_selection_rule,outside_selected_coverage
33,west_palm_beach_fl,"West Palm Beach, Fl",Atlantic,5204,crosswalk-v1-2026-07-13,Census Port-HS 2017-2019; UN/LOCODE 2025-1; USACE Port/PSA metadata accessed 2026-07-13,237505715.0,0.9975267438835751,excluded_by_selection_rule,outside_selected_coverage
34,freeport_tx,"Freeport, Tx",Gulf,5311,crosswalk-v1-2026-07-13,Census Port-HS 2017-2019; UN/LOCODE 2025-1; USACE Port/PSA metadata accessed 2026-07-13,187571502.66666666,0.9977663270157806,excluded_by_selection_rule,outside_selected_coverage
35,richmond_ca,"Richmond, Ca",Pacific,2812,crosswalk-v1-2026-07-13,Census Port-HS 2017-2019; UN/LOCODE 2025-1; USACE Port/PSA metadata accessed 2026-07-13,176674214.0,0.9979919911543533,excluded_by_selection_rule,outside_selected_coverage
36,morgan_city_la,"Morgan City, La",Gulf,2001,crosswalk-v1-2026-07-13,Census Port-HS 2017-2019; UN/LOCODE 2025-1; USACE Port/PSA metadata accessed 2026-07-13,166526827.0,0.9982046941409036,excluded_by_selection_rule,outside_selected_coverage
37,port_lavaca_tx,"Port Lavaca, Tx",Gulf,5313,crosswalk-v1-2026-07-13,Census Port-HS 2017-2019; UN/LOCODE 2025-1; USACE Port/PSA metadata accessed 2026-07-13,158266666.66666666,0.9984068465104514,excluded_by_selection_rule,outside_selected_coverage
38,beaufort_morehead_city_nc,"Beaufort-Morehead City, Nc",Atlantic,1511,crosswalk-v1-2026-07-13,Census Port-HS 2017-2019; UN/LOCODE 2025-1; USACE Port/PSA metadata accessed 2026-07-13,138971094.33333334,0.9985843528458653,excluded_by_selection_rule,outside_selected_coverage
39,carquinez_strait_ca,"Carquinez Strait, Ca",Pacific,2830,crosswalk-v1-2026-07-13,Census Port-HS 2017-2019; UN/LOCODE 2025-1; USACE Port/PSA metadata accessed 2026-07-13,92464609.33333333,0.9987024569310131,excluded_by_selection_rule,outside_selected_coverage
40,lake_charles_la,"Lake Charles, La",Gulf,2017,crosswalk-v1-2026-07-13,Census Port-HS 2017-2019; UN/LOCODE 2025-1; USACE Port/PSA metadata accessed 2026-07-13,89060642.33333333,0.9988162131644661,excluded_by_selection_rule,outside_selected_coverage
41,perth_amboy_nj,"Perth Amboy, Nj",Atlantic,1004,crosswalk-v1-2026-07-13,Census Port-HS 2017-2019; UN/LOCODE 2025-1; USACE Port/PSA metadata accessed 2026-07-13,88448649.0,0.9989291877051906,excluded_by_selection_rule,outside_selected_coverage
42,gramercy_la,"Gramercy, La",Gulf,2010,crosswalk-v1-2026-07-13,Census Port-HS 2017-2019; UN/LOCODE 2025-1; USACE Port/PSA metadata accessed 2026-07-13,88369508.66666667,0.9990420611607892,excluded_by_selection_rule,outside_selected_coverage
43,baton_rouge_la,"Baton Rouge, La",Gulf,2004,crosswalk-v1-2026-07-13,Census Port-HS 2017-2019; UN/LOCODE 2025-1; USACE Port/PSA metadata accessed 2026-07-13,86059578.66666667,0.9991519841667902,excluded_by_selection_rule,outside_selected_coverage
44,albany_ny,"Albany, Ny",Atlantic,1002,crosswalk-v1-2026-07-13,Census Port-HS 2017-2019; UN/LOCODE 2025-1; USACE Port/PSA metadata accessed 2026-07-13,70568411.66666667,0.9992421204660761,excluded_by_selection_rule,outside_selected_coverage
45,aberdeen_hoquiam_wa,"Aberdeen-Hoquiam, Wa",Pacific,3003,crosswalk-v1-2026-07-13,Census Port-HS 2017-2019; UN/LOCODE 2025-1; USACE Port/PSA metadata accessed 2026-07-13,67445698.33333333,0.9993282681560545,excluded_by_selection_rule,outside_selected_coverage
46,providence_ri,"Providence, Ri",Atlantic,0502,crosswalk-v1-2026-07-13,Census Port-HS 2017-2019; UN/LOCODE 2025-1; USACE Port/PSA metadata accessed 2026-07-13,66097087.666666664,0.999412693279635,excluded_by_selection_rule,outside_selected_coverage
47,brownsville_tx,"Brownsville, Tx",Gulf,2301,crosswalk-v1-2026-07-13,Census Port-HS 2017-2019; UN/LOCODE 2025-1; USACE Port/PSA metadata accessed 2026-07-13,65243423.333333336,0.9994960280266291,excluded_by_selection_rule,outside_selected_coverage
48,stockton_ca,"Stockton, Ca",Pacific,2810,crosswalk-v1-2026-07-13,Census Port-HS 2017-2019; UN/LOCODE 2025-1; USACE Port/PSA metadata accessed 2026-07-13,47692795.0,0.9995569455383368,excluded_by_selection_rule,outside_selected_coverage
49,port_arthur_tx,"Port Arthur, Tx",Gulf,2101,crosswalk-v1-2026-07-13,Census Port-HS 2017-2019; UN/LOCODE 2025-1; USACE Port/PSA metadata accessed 2026-07-13,40361121.333333336,0.9996084983794183,excluded_by_selection_rule,outside_selected_coverage
50,beaumont_tx,"Beaumont, Tx",Gulf,2104,crosswalk-v1-2026-07-13,Census Port-HS 2017-2019; UN/LOCODE 2025-1; USACE Port/PSA metadata accessed 2026-07-13,38484491.666666664,0.9996576542209173,excluded_by_selection_rule,outside_selected_coverage
51,portland_or,"Portland, Or",Pacific,2904,crosswalk-v1-2026-07-13,Census Port-HS 2017-2019; UN/LOCODE 2025-1; USACE Port/PSA metadata accessed 2026-07-13,38390434.666666664,0.9997066899243873,excluded_by_selection_rule,outside_selected_coverage
52,port_canaveral_fl,"Port Canaveral, Fl",Atlantic,1816,crosswalk-v1-2026-07-13,Census Port-HS 2017-2019; UN/LOCODE 2025-1; USACE Port/PSA metadata accessed 2026-07-13,37871545.666666664,0.9997550628563268,excluded_by_selection_rule,outside_selected_coverage
53,washington_dc,"Washington, Dc",Atlantic,5401,crosswalk-v1-2026-07-13,Census Port-HS 2017-2019; UN/LOCODE 2025-1; USACE Port/PSA metadata accessed 2026-07-13,31453295.0,0.9997952378233508,excluded_by_selection_rule,outside_selected_coverage
54,vancouver_wa,"Vancouver, Wa",Pacific,2908,crosswalk-v1-2026-07-13,Census Port-HS 2017-2019; UN/LOCODE 2025-1; USACE Port/PSA metadata accessed 2026-07-13,16820296.333333332,0.9998167222131589,excluded_by_selection_rule,outside_selected_coverage
55,portsmouth_nh,"Portsmouth, Nh",Atlantic,0131,crosswalk-v1-2026-07-13,Census Port-HS 2017-2019; UN/LOCODE 2025-1; USACE Port/PSA metadata accessed 2026-07-13,16518863.666666666,0.9998378215861524,excluded_by_selection_rule,outside_selected_coverage
56,new_bedford_ma,"New Bedford, Ma",Atlantic,0405,crosswalk-v1-2026-07-13,Census Port-HS 2017-2019; UN/LOCODE 2025-1; USACE Port/PSA metadata accessed 2026-07-13,10993840.333333334,0.9998518639042263,excluded_by_selection_rule,outside_selected_coverage
57,pascagoula_ms,"Pascagoula, Ms",Gulf,1903,crosswalk-v1-2026-07-13,Census Port-HS 2017-2019; UN/LOCODE 2025-1; USACE Port/PSA metadata accessed 2026-07-13,10919628.333333334,0.9998658114320833,excluded_by_selection_rule,outside_selected_coverage
58,longview_wa,"Longview, Wa",Pacific,2905,crosswalk-v1-2026-07-13,Census Port-HS 2017-2019; UN/LOCODE 2025-1; USACE Port/PSA metadata accessed 2026-07-13,10531308.0,0.9998792629624117,excluded_by_selection_rule,outside_selected_coverage
59,port_san_luis_ca,"Port San Luis, Ca",Pacific,2707,crosswalk-v1-2026-07-13,Census Port-HS 2017-2019; UN/LOCODE 2025-1; USACE Port/PSA metadata accessed 2026-07-13,9828937.333333334,0.9998918173619825,excluded_by_selection_rule,outside_selected_coverage
60,new_haven_ct,"New Haven, Ct",Atlantic,0412,crosswalk-v1-2026-07-13,Census Port-HS 2017-2019; UN/LOCODE 2025-1; USACE Port/PSA metadata accessed 2026-07-13,9828487.333333334,0.9999043711867731,excluded_by_selection_rule,outside_selected_coverage
61,blaine_wa,"Blaine, Wa",Pacific,3004,crosswalk-v1-2026-07-13,Census Port-HS 2017-2019; UN/LOCODE 2025-1; USACE Port/PSA metadata accessed 2026-07-13,8706613.666666666,0.999915492053981,excluded_by_selection_rule,outside_selected_coverage
62,richmond_petersburg_va,"Richmond-Petersburg, Va",Atlantic,1404,crosswalk-v1-2026-07-13,Census Port-HS 2017-2019; UN/LOCODE 2025-1; USACE Port/PSA metadata accessed 2026-07-13,7359193.666666667,0.9999248918756175,excluded_by_selection_rule,outside_selected_coverage
63,new_london_ct,"New London, Ct",Atlantic,0413,crosswalk-v1-2026-07-13,Census Port-HS 2017-2019; UN/LOCODE 2025-1; USACE Port/PSA metadata accessed 2026-07-13,6609810.333333333,0.9999333345177057,excluded_by_selection_rule,outside_selected_coverage
64,georgetown_sc,"Georgetown, Sc",Atlantic,1602,crosswalk-v1-2026-07-13,Census Port-HS 2017-2019; UN/LOCODE 2025-1; USACE Port/PSA metadata accessed 2026-07-13,6405341.0,0.999941515993238,excluded_by_selection_rule,outside_selected_coverage
65,searsport_me,"Searsport, Me",Atlantic,0152,crosswalk-v1-2026-07-13,Census Port-HS 2017-2019; UN/LOCODE 2025-1; USACE Port/PSA metadata accessed 2026-07-13,5468625.666666667,0.9999485010120039,excluded_by_selection_rule,outside_selected_coverage
66,port_sulphur_la,"Port Sulphur, La",Gulf,2005,crosswalk-v1-2026-07-13,Census Port-HS 2017-2019; UN/LOCODE 2025-1; USACE Port/PSA metadata accessed 2026-07-13,5069651.666666667,0.9999549764254234,excluded_by_selection_rule,outside_selected_coverage
67,kalama_wa,"Kalama, Wa",Pacific,2909,crosswalk-v1-2026-07-13,Census Port-HS 2017-2019; UN/LOCODE 2025-1; USACE Port/PSA metadata accessed 2026-07-13,4875018.0,0.999961203235282,excluded_by_selection_rule,outside_selected_coverage
68,annapolis_md,"Annapolis, Md",Atlantic,1301,crosswalk-v1-2026-07-13,Census Port-HS 2017-2019; UN/LOCODE 2025-1; USACE Port/PSA metadata accessed 2026-07-13,3979706.6666666665,0.9999662864732733,excluded_by_selection_rule,outside_selected_coverage
69,pensacola_fl,"Pensacola, Fl",Gulf,1819,crosswalk-v1-2026-07-13,Census Port-HS 2017-2019; UN/LOCODE 2025-1; USACE Port/PSA metadata accessed 2026-07-13,3394281.6666666665,0.9999706219539926,excluded_by_selection_rule,outside_selected_coverage
70,anacortes_wa,"Anacortes, Wa",Pacific,3010,crosswalk-v1-2026-07-13,Census Port-HS 2017-2019; UN/LOCODE 2025-1; USACE Port/PSA metadata accessed 2026-07-13,3315982.6666666665,0.9999748574242122,excluded_by_selection_rule,outside_selected_coverage
71,el_segundo_ca,"El Segundo, Ca",Pacific,2711,crosswalk-v1-2026-07-13,Census Port-HS 2017-2019; UN/LOCODE 2025-1; USACE Port/PSA metadata accessed 2026-07-13,2771630.6666666665,0.9999783975992761,excluded_by_selection_rule,outside_selected_coverage
72,eureka_ca,"Eureka, Ca",Pacific,2802,crosswalk-v1-2026-07-13,Census Port-HS 2017-2019; UN/LOCODE 2025-1; USACE Port/PSA metadata accessed 2026-07-13,1568809.3333333333,0.9999804014231436,excluded_by_selection_rule,outside_selected_coverage
73,fernandina_fl,"Fernandina, Fl",Atlantic,1805,crosswalk-v1-2026-07-13,Census Port-HS 2017-2019; UN/LOCODE 2025-1; USACE Port/PSA metadata accessed 2026-07-13,1451460.3333333333,0.9999822553583524,excluded_by_selection_rule,outside_selected_coverage
74,salem_ma,"Salem, Ma",Atlantic,0408,crosswalk-v1-2026-07-13,Census Port-HS 2017-2019; UN/LOCODE 2025-1; USACE Port/PSA metadata accessed 2026-07-13,1341123.6666666667,0.9999839683616826,excluded_by_selection_rule,outside_selected_coverage
75,fall_river_ma,"Fall River, Ma",Atlantic,0407,crosswalk-v1-2026-07-13,Census Port-HS 2017-2019; UN/LOCODE 2025-1; USACE Port/PSA metadata accessed 2026-07-13,1266698.3333333333,0.9999855863023076,excluded_by_selection_rule,outside_selected_coverage
76,newport_ri,"Newport, Ri",Atlantic,0501,crosswalk-v1-2026-07-13,Census Port-HS 2017-2019; UN/LOCODE 2025-1; USACE Port/PSA metadata accessed 2026-07-13,1177716.0,0.9999870905867225,excluded_by_selection_rule,outside_selected_coverage
77,camden_nj,"Camden, Nj",Atlantic,1107,crosswalk-v1-2026-07-13,Census Port-HS 2017-2019; UN/LOCODE 2025-1; USACE Port/PSA metadata accessed 2026-07-13,948762.3333333334,0.9999883024309969,excluded_by_selection_rule,outside_selected_coverage
78,cambridge_md,"Cambridge, Md",Atlantic,1302,crosswalk-v1-2026-07-13,Census Port-HS 2017-2019; UN/LOCODE 2025-1; USACE Port/PSA metadata accessed 2026-07-13,945034.6666666666,0.9999895095139613,excluded_by_selection_rule,outside_selected_coverage
79,san_pablo_bay_ca,"San Pablo Bay, Ca",Pacific,2829,crosswalk-v1-2026-07-13,Census Port-HS 2017-2019; UN/LOCODE 2025-1; USACE Port/PSA metadata accessed 2026-07-13,711613.3333333334,0.999990418450281,excluded_by_selection_rule,outside_selected_coverage
80,calais_me,"Calais, Me",Atlantic,0115,crosswalk-v1-2026-07-13,Census Port-HS 2017-2019; UN/LOCODE 2025-1; USACE Port/PSA metadata accessed 2026-07-13,598096.0,0.99999118239209,excluded_by_selection_rule,outside_selected_coverage
81,monterey_ca,"Monterey, Ca",Pacific,2805,crosswalk-v1-2026-07-13,Census Port-HS 2017-2019; UN/LOCODE 2025-1; USACE Port/PSA metadata accessed 2026-07-13,469489.3333333333,0.9999917820659392,excluded_by_selection_rule,outside_selected_coverage
82,astoria_or,"Astoria, Or",Pacific,2901,crosswalk-v1-2026-07-13,Census Port-HS 2017-2019; UN/LOCODE 2025-1; USACE Port/PSA metadata accessed 2026-07-13,466710.3333333333,0.9999923781902007,excluded_by_selection_rule,outside_selected_coverage
83,port_townsend_wa,"Port Townsend, Wa",Pacific,3008,crosswalk-v1-2026-07-13,Census Port-HS 2017-2019; UN/LOCODE 2025-1; USACE Port/PSA metadata accessed 2026-07-13,464698.3333333333,0.9999929717445555,excluded_by_selection_rule,outside_selected_coverage
84,hartford_ct,"Hartford, Ct",Atlantic,0411,crosswalk-v1-2026-07-13,Census Port-HS 2017-2019; UN/LOCODE 2025-1; USACE Port/PSA metadata accessed 2026-07-13,439485.6666666667,0.9999935330950329,excluded_by_selection_rule,outside_selected_coverage
85,coos_bay_or,"Coos Bay, Or",Pacific,2903,crosswalk-v1-2026-07-13,Census Port-HS 2017-2019; UN/LOCODE 2025-1; USACE Port/PSA metadata accessed 2026-07-13,435243.6666666667,0.9999940890272477,excluded_by_selection_rule,outside_selected_coverage
86,boca_grande_fl,"Boca Grande, Fl",Gulf,1807,crosswalk-v1-2026-07-13,Census Port-HS 2017-2019; UN/LOCODE 2025-1; USACE Port/PSA metadata accessed 2026-07-13,417044.3333333333,0.9999946217136433,excluded_by_selection_rule,outside_selected_coverage
87,bellingham_wa,"Bellingham, Wa",Pacific,3005,crosswalk-v1-2026-07-13,Census Port-HS 2017-2019; UN/LOCODE 2025-1; USACE Port/PSA metadata accessed 2026-07-13,395575.0,0.9999951269774823,excluded_by_selection_rule,outside_selected_coverage
88,texas_city_tx,"Texas City, Tx",Gulf,5306,crosswalk-v1-2026-07-13,Census Port-HS 2017-2019; UN/LOCODE 2025-1; USACE Port/PSA metadata accessed 2026-07-13,382449.3333333333,0.9999956154760437,excluded_by_selection_rule,outside_selected_coverage
89,redwood_city_ca,"Redwood City, Ca",Pacific,2821,crosswalk-v1-2026-07-13,Census Port-HS 2017-2019; UN/LOCODE 2025-1; USACE Port/PSA metadata accessed 2026-07-13,365149.6666666667,0.9999960818779203,excluded_by_selection_rule,outside_selected_coverage
90,olympia_wa,"Olympia, Wa",Pacific,3026,crosswalk-v1-2026-07-13,Census Port-HS 2017-2019; UN/LOCODE 2025-1; USACE Port/PSA metadata accessed 2026-07-13,355452.0,0.9999965358930681,excluded_by_selection_rule,outside_selected_coverage
91,orange_tx,"Orange, Tx",Gulf,2103,crosswalk-v1-2026-07-13,Census Port-HS 2017-2019; UN/LOCODE 2025-1; USACE Port/PSA metadata accessed 2026-07-13,285296.3333333333,0.9999969002991116,excluded_by_selection_rule,outside_selected_coverage
92,sabine_tx,"Sabine, Tx",Gulf,2102,crosswalk-v1-2026-07-13,Census Port-HS 2017-2019; UN/LOCODE 2025-1; USACE Port/PSA metadata accessed 2026-07-13,267453.6666666667,0.9999972419149021,excluded_by_selection_rule,outside_selected_coverage
93,greenville_ms,"Greenville, Ms",Gulf,2011,crosswalk-v1-2026-07-13,Census Port-HS 2017-2019; UN/LOCODE 2025-1; USACE Port/PSA metadata accessed 2026-07-13,223048.0,0.9999975268117959,excluded_by_selection_rule,outside_selected_coverage
94,bridgeport_ct,"Bridgeport, Ct",Atlantic,0410,crosswalk-v1-2026-07-13,Census Port-HS 2017-2019; UN/LOCODE 2025-1; USACE Port/PSA metadata accessed 2026-07-13,189010.0,0.9999977682323058,excluded_by_selection_rule,outside_selected_coverage
95,san_joaquin_river_ca,"San Joaquin River, Ca",Pacific,2828,crosswalk-v1-2026-07-13,Census Port-HS 2017-2019; UN/LOCODE 2025-1; USACE Port/PSA metadata accessed 2026-07-13,173301.33333333334,0.999997989588299,excluded_by_selection_rule,outside_selected_coverage
96,key_west_fl,"Key West, Fl",Gulf,5202,crosswalk-v1-2026-07-13,Census Port-HS 2017-2019; UN/LOCODE 2025-1; USACE Port/PSA metadata accessed 2026-07-13,169862.66666666666,0.9999982065521189,excluded_by_selection_rule,outside_selected_coverage
97,gloucester_ma,"Gloucester, Ma",Atlantic,0404,crosswalk-v1-2026-07-13,Census Port-HS 2017-2019; UN/LOCODE 2025-1; USACE Port/PSA metadata accessed 2026-07-13,163887.33333333334,0.9999984158837076,excluded_by_selection_rule,outside_selected_coverage
98,fort_pierce_fl,"Fort Pierce, Fl",Atlantic,5205,crosswalk-v1-2026-07-13,Census Port-HS 2017-2019; UN/LOCODE 2025-1; USACE Port/PSA metadata accessed 2026-07-13,162454.33333333334,0.9999986233849404,excluded_by_selection_rule,outside_selected_coverage
99,vicksburg_ms,"Vicksburg, Ms",Gulf,2015,crosswalk-v1-2026-07-13,Census Port-HS 2017-2019; UN/LOCODE 2025-1; USACE Port/PSA metadata accessed 2026-07-13,152437.66666666666,0.9999988180919888,excluded_by_selection_rule,outside_selected_coverage
100,morro_bay_ca,"Morro Bay, Ca",Pacific,2719,crosswalk-v1-2026-07-13,Census Port-HS 2017-2019; UN/LOCODE 2025-1; USACE Port/PSA metadata accessed 2026-07-13,143687.33333333334,0.9999990016223272,excluded_by_selection_rule,outside_selected_coverage
101,plymouth_ma,"Plymouth, Ma",Atlantic,0406,crosswalk-v1-2026-07-13,Census Port-HS 2017-2019; UN/LOCODE 2025-1; USACE Port/PSA metadata accessed 2026-07-13,143410.0,0.9999991847984308,excluded_by_selection_rule,outside_selected_coverage
102,crisfield_md,"Crisfield, Md",Atlantic,1304,crosswalk-v1-2026-07-13,Census Port-HS 2017-2019; UN/LOCODE 2025-1; USACE Port/PSA metadata accessed 2026-07-13,139352.0,0.9999993627912931,excluded_by_selection_rule,outside_selected_coverage
103,alexandria_va,"Alexandria, Va",Atlantic,5402,crosswalk-v1-2026-07-13,Census Port-HS 2017-2019; UN/LOCODE 2025-1; USACE Port/PSA metadata accessed 2026-07-13,87321.66666666667,0.999999474326351,excluded_by_selection_rule,outside_selected_coverage
104,paulsboro_nj,"Paulsboro, Nj",Atlantic,1105,crosswalk-v1-2026-07-13,Census Port-HS 2017-2019; UN/LOCODE 2025-1; USACE Port/PSA metadata accessed 2026-07-13,77045.33333333333,0.999999572735555,excluded_by_selection_rule,outside_selected_coverage
105,destrehan_la,"Destrehan, La",Gulf,2009,crosswalk-v1-2026-07-13,Census Port-HS 2017-2019; UN/LOCODE 2025-1; USACE Port/PSA metadata accessed 2026-07-13,74294.0,0.9999996676305096,excluded_by_selection_rule,outside_selected_coverage
106,port_angeles_wa,"Port Angeles, Wa",Pacific,3007,crosswalk-v1-2026-07-13,Census Port-HS 2017-2019; UN/LOCODE 2025-1; USACE Port/PSA metadata accessed 2026-07-13,54464.666666666664,0.9999997371976626,excluded_by_selection_rule,outside_selected_coverage
107,st_petersburg_fl,"St. Petersburg, Fl",Gulf,1814,crosswalk-v1-2026-07-13,Census Port-HS 2017-2019; UN/LOCODE 2025-1; USACE Port/PSA metadata accessed 2026-07-13,49454.666666666664,0.9999998003655947,excluded_by_selection_rule,outside_selected_coverage
108,alameda_ca,"Alameda, Ca",Pacific,2813,crosswalk-v1-2026-07-13,Census Port-HS 2017-2019; UN/LOCODE 2025-1; USACE Port/PSA metadata accessed 2026-07-13,45363.333333333336,0.9999998583077092,excluded_by_selection_rule,outside_selected_coverage
109,eastport_me,"Eastport, Me",Atlantic,0103,crosswalk-v1-2026-07-13,Census Port-HS 2017-2019; UN/LOCODE 2025-1; USACE Port/PSA metadata accessed 2026-07-13,26175.333333333332,0.9999998917411906,excluded_by_selection_rule,outside_selected_coverage
110,bangor_me,"Bangor, Me",Atlantic,0102,crosswalk-v1-2026-07-13,Census Port-HS 2017-2019; UN/LOCODE 2025-1; USACE Port/PSA metadata accessed 2026-07-13,22655.333333333332,0.9999999206786127,excluded_by_selection_rule,outside_selected_coverage
111,ventura_ca,"Ventura, Ca",Pacific,2712,crosswalk-v1-2026-07-13,Census Port-HS 2017-2019; UN/LOCODE 2025-1; USACE Port/PSA metadata accessed 2026-07-13,19432.666666666668,0.9999999454997559,excluded_by_selection_rule,outside_selected_coverage
112,mellville_ri,"Mellville, Ri",Atlantic,0503,crosswalk-v1-2026-07-13,Census Port-HS 2017-2019; UN/LOCODE 2025-1; USACE Port/PSA metadata accessed 2026-07-13,16375.333333333334,0.9999999664157991,excluded_by_selection_rule,outside_selected_coverage
113,newport_or,"Newport, Or",Pacific,2902,crosswalk-v1-2026-07-13,Census Port-HS 2017-2019; UN/LOCODE 2025-1; USACE Port/PSA metadata accessed 2026-07-13,9007.0,0.9999999779203467,excluded_by_selection_rule,outside_selected_coverage
114,martinez_ca,"Martinez, Ca",Pacific,2820,crosswalk-v1-2026-07-13,Census Port-HS 2017-2019; UN/LOCODE 2025-1; USACE Port/PSA metadata accessed 2026-07-13,6106.0,0.9999999857194771,excluded_by_selection_rule,outside_selected_coverage
115,selby_ca,"Selby, Ca",Pacific,2827,crosswalk-v1-2026-07-13,Census Port-HS 2017-2019; UN/LOCODE 2025-1; USACE Port/PSA metadata accessed 2026-07-13,5892.666666666667,0.999999993246119,excluded_by_selection_rule,outside_selected_coverage
116,hopewell_va,"Hopewell, Va",Atlantic,1408,crosswalk-v1-2026-07-13,Census Port-HS 2017-2019; UN/LOCODE 2025-1; USACE Port/PSA metadata accessed 2026-07-13,5287.666666666667,1.0000000000000007,excluded_by_selection_rule,outside_selected_coverage
