candidate_start_h,candidate_end_h,candidate_duration_h,n_context_pings,n_candidate_pings,max_gap_min,median_sog,p90_sog,stationary_share,moving_share,path_km,net_displacement_km,heading_variation,berth_fraction,anchor_fraction,blind_id
24.0,24.9336,0.9336,495,39,6.017,3.1,4.52,0.0,0.538,5.333,4.979,0.089,1.0,0.0,BLIND_001
24.0,28.3,4.3,723,87,60.0,0.1,0.2,1.0,0.0,0.675,0.262,0.836,0.0,1.0,BLIND_002
24.0,24.25,0.25,505,5,123.017,0.8,1.02,0.0,0.0,0.015,0.005,0.052,1.0,0.0,BLIND_003
24.0,181.7406,157.7406,2569,2049,579.983,0.0,0.0,1.0,0.0,1.182,0.001,0.926,1.0,0.0,BLIND_004
24.0,24.0,0.0,923,1,12.0,0.5,0.5,0.0,0.0,0.0,0.0,0.0,0.0,1.0,BLIND_005
24.0,24.0389,0.0389,596,3,293.833,7.9,8.14,0.0,1.0,0.581,0.58,0.007,1.0,0.0,BLIND_006
24.0,46.0033,22.0033,432,4,1318.1,9.0,9.9,0.0,0.75,6.285,5.798,0.504,1.0,0.0,BLIND_007
24.0,43.2456,19.2456,634,286,126.017,0.1,0.1,1.0,0.0,2.197,0.178,0.701,0.0,1.0,BLIND_008
24.0,24.0,0.0,294,1,580.05,0.6,0.6,0.0,0.0,0.0,0.0,0.0,1.0,0.0,BLIND_009
24.0,24.0,0.0,71,1,1010.2,0.0,0.0,1.0,0.0,0.0,0.0,0.0,1.0,0.0,BLIND_010
24.0,24.0,0.0,1054,1,6.05,1.1,1.1,0.0,0.0,0.0,0.0,0.0,1.0,0.0,BLIND_011
24.0,24.0194,0.0194,333,2,790.383,1.9,3.02,0.0,0.5,0.025,0.025,0.365,1.0,0.0,BLIND_012
24.0,24.0,0.0,862,1,11.9,1.5,1.5,0.0,0.0,0.0,0.0,0.0,1.0,0.0,BLIND_013
24.0,30.4503,6.4503,805,127,51.0,0.2,0.3,1.0,0.0,0.778,0.368,0.698,0.0,1.0,BLIND_014
24.0,24.3064,0.3064,184,17,662.533,7.0,9.7,0.0,1.0,4.253,3.953,0.072,1.0,0.0,BLIND_015
24.0,24.05,0.05,712,2,571.533,0.25,0.37,1.0,0.0,0.005,0.005,0.935,1.0,0.0,BLIND_016
24.0,29.6,5.6,500,111,126.0,0.0,0.1,1.0,0.0,0.326,0.002,0.398,1.0,0.0,BLIND_017
24.0,24.0,0.0,492,1,725.3,0.0,0.0,1.0,0.0,0.0,0.0,0.0,0.0,1.0,BLIND_018
24.0,24.05,0.05,505,2,123.017,0.55,0.59,0.0,0.0,0.001,0.001,0.0,1.0,0.0,BLIND_019
24.0,24.8336,0.8336,505,44,23.983,4.4,9.31,0.0,0.795,8.163,7.048,0.198,1.0,0.0,BLIND_020
24.0,24.0394,0.0394,484,3,17.933,0.4,0.4,1.0,0.0,0.028,0.028,0.001,0.0,1.0,BLIND_021
24.0,24.075,0.075,273,5,11.983,0.5,0.6,0.0,0.0,0.084,0.084,0.005,0.0,1.0,BLIND_022
24.0,24.0,0.0,931,1,39.0,0.5,0.5,0.0,0.0,0.0,0.0,0.0,1.0,0.0,BLIND_023
24.0,24.0417,0.0417,489,3,6.0,0.6,0.6,0.0,0.0,0.042,0.042,0.004,0.0,1.0,BLIND_024
24.0,24.0,0.0,563,1,6.017,0.4,0.4,1.0,0.0,0.0,0.0,0.0,0.0,1.0,BLIND_025
24.0,24.0,0.0,684,1,15.0,0.5,0.5,0.0,0.0,0.0,0.0,0.0,1.0,0.0,BLIND_026
24.0,28.0975,4.0975,235,83,69.0,0.1,0.2,1.0,0.0,0.407,0.089,0.827,0.0,1.0,BLIND_027
24.0,24.0,0.0,670,1,32.967,0.1,0.1,1.0,0.0,0.0,0.0,0.0,1.0,0.0,BLIND_028
24.0,24.05,0.05,902,2,15.0,1.1,1.26,0.0,0.0,0.001,0.001,0.009,1.0,0.0,BLIND_029
24.0,28.5511,4.5511,537,83,48.033,0.0,0.0,1.0,0.0,0.481,0.016,0.086,1.0,0.0,BLIND_030
24.0,24.2817,0.2817,518,16,6.083,1.7,2.35,0.0,0.0,0.975,0.864,0.144,1.0,0.0,BLIND_031
24.0,24.0,0.0,283,1,447.017,7.7,7.7,0.0,1.0,0.0,0.0,0.0,1.0,0.0,BLIND_032
24.0,32.11,8.11,161,45,957.817,6.9,8.7,0.0,0.956,10.746,0.039,0.968,1.0,0.0,BLIND_033
24.0,24.0,0.0,175,1,875.267,0.2,0.2,1.0,0.0,0.0,0.0,0.0,0.0,1.0,BLIND_034
24.0,25.0869,1.0869,445,59,12.017,2.1,7.3,0.0,0.424,7.268,6.273,0.131,1.0,0.0,BLIND_035
24.0,25.3114,1.3114,266,69,36.0,2.8,5.76,0.0,0.493,7.514,5.906,0.168,1.0,0.0,BLIND_036
24.0,24.1889,0.1889,942,6,15.0,0.0,0.05,1.0,0.0,0.044,0.042,0.005,0.0,1.0,BLIND_037
24.0,25.2722,1.2722,1747,68,53.133,0.0,0.2,1.0,0.0,0.201,0.0,0.836,1.0,0.0,BLIND_038
24.0,25.1617,1.1617,457,44,893.3,5.8,6.17,0.0,0.955,11.638,8.543,0.229,0.659,0.341,BLIND_039
24.0,24.6981,0.6981,541,38,174.617,4.65,9.43,0.0,0.684,6.758,6.038,0.149,1.0,0.0,BLIND_040
24.0,24.6558,0.6558,480,35,18.017,3.1,6.66,0.0,0.543,3.997,2.544,0.319,1.0,0.0,BLIND_041
24.0,24.0,0.0,1333,1,43.983,0.5,0.5,0.0,0.0,0.0,0.0,0.0,0.0,1.0,BLIND_042
24.0,24.3981,0.3981,481,21,9.033,5.3,5.8,0.0,0.857,3.485,3.185,0.111,0.333,0.667,BLIND_043
24.0,24.0,0.0,851,1,6.083,0.7,0.7,0.0,0.0,0.0,0.0,0.0,1.0,0.0,BLIND_044
24.0,43.5064,19.5064,431,389,6.033,0.1,0.1,1.0,0.0,2.106,0.064,0.663,0.0,1.0,BLIND_045
24.0,24.0175,0.0175,701,2,11.9,1.5,2.06,0.0,0.0,0.002,0.002,0.0,1.0,0.0,BLIND_046
24.0,24.45,0.45,392,25,6.033,4.0,5.46,0.0,0.92,3.565,3.448,0.048,0.72,0.28,BLIND_047
24.0,24.0392,0.0392,500,3,29.867,0.8,0.96,0.0,0.0,0.069,0.069,0.001,0.0,1.0,BLIND_048
24.0,24.1525,0.1525,1072,6,3.85,0.3,0.4,1.0,0.0,0.1,0.069,0.552,0.0,1.0,BLIND_049
24.0,29.1519,5.1519,753,103,34.333,0.1,0.2,1.0,0.0,0.872,0.288,0.686,0.0,1.0,BLIND_050
24.0,24.7164,0.7164,325,38,9.0,5.0,7.9,0.0,0.553,6.093,5.909,0.058,1.0,0.0,BLIND_051
24.0,24.2675,0.2675,509,15,30.0,7.4,7.98,0.0,1.0,3.562,3.454,0.05,0.6,0.4,BLIND_052
24.0,24.1,0.1,534,3,9.0,0.1,0.26,1.0,0.0,0.013,0.002,0.542,1.0,0.0,BLIND_053
24.0,24.3225,0.3225,142,13,912.317,0.0,0.0,1.0,0.0,0.032,0.001,0.106,1.0,0.0,BLIND_054
24.0,24.0,0.0,670,1,32.967,0.1,0.1,1.0,0.0,0.0,0.0,0.0,1.0,0.0,BLIND_055
24.0,24.0667,0.0667,823,4,719.183,0.7,0.87,0.0,0.0,0.113,0.04,0.764,1.0,0.0,BLIND_056
24.0,24.0,0.0,323,1,12.0,0.3,0.3,1.0,0.0,0.0,0.0,0.0,1.0,0.0,BLIND_057
24.0,24.7042,0.7042,516,39,14.967,3.2,5.84,0.0,0.564,4.363,2.584,0.495,1.0,0.0,BLIND_058
24.0,24.0,0.0,892,1,51.0,0.4,0.4,1.0,0.0,0.0,0.0,0.0,0.0,1.0,BLIND_059
24.0,24.0383,0.0383,493,3,344.833,0.6,0.68,0.0,0.0,0.028,0.028,0.0,1.0,0.0,BLIND_060
24.0,44.9808,20.9808,838,404,59.367,0.1,0.2,1.0,0.0,2.682,0.281,0.887,0.0,1.0,BLIND_061
24.0,24.0,0.0,111,1,6.05,0.5,0.5,0.0,0.0,0.0,0.0,0.0,0.0,1.0,BLIND_062
24.0,25.6419,1.6419,942,86,12.05,4.75,7.5,0.0,0.616,13.18,5.415,0.681,0.871,0.129,BLIND_063
24.0,24.2,0.2,584,5,15.1,0.6,0.7,0.0,0.0,0.249,0.247,0.049,0.0,1.0,BLIND_064
24.0,24.0944,0.0944,2447,6,37.667,1.45,1.95,0.0,0.0,0.238,0.098,0.854,1.0,0.0,BLIND_065
24.0,24.0194,0.0194,570,2,6.0,0.35,0.39,1.0,0.0,0.012,0.012,0.0,0.0,1.0,BLIND_066
24.0,24.0,0.0,157,1,1.7,0.5,0.5,0.0,0.0,0.0,0.0,0.0,1.0,0.0,BLIND_067
24.0,24.0,0.0,893,1,9.0,0.5,0.5,0.0,0.0,0.0,0.0,0.0,1.0,0.0,BLIND_068
24.0,24.0,0.0,505,1,123.017,0.5,0.5,0.0,0.0,0.0,0.0,0.0,1.0,0.0,BLIND_069
24.0,74.6228,50.6228,1039,933,96.0,0.0,0.1,1.0,0.0,2.481,0.045,0.583,1.0,0.0,BLIND_070
24.0,24.0,0.0,585,1,9.0,0.7,0.7,0.0,0.0,0.0,0.0,0.0,1.0,0.0,BLIND_071
24.0,24.0,0.0,922,1,12.0,0.5,0.5,0.0,0.0,0.0,0.0,0.0,0.0,1.0,BLIND_072
24.0,24.8333,0.8333,870,48,9.067,3.3,5.7,0.0,0.771,5.775,5.147,0.121,0.723,0.277,BLIND_073
24.0,26.6022,2.6022,275,49,1067.133,0.0,0.0,1.0,0.0,0.076,0.005,0.607,1.0,0.0,BLIND_074
24.0,24.0,0.0,837,1,12.033,0.5,0.5,0.0,0.0,0.0,0.0,0.0,0.0,1.0,BLIND_075
24.0,24.0,0.0,387,1,331.35,0.3,0.3,1.0,0.0,0.0,0.0,0.0,0.0,1.0,BLIND_076
24.0,24.45,0.45,111,8,6.05,0.3,0.4,1.0,0.0,0.072,0.032,0.44,0.0,1.0,BLIND_077
24.0,24.0614,0.0614,503,5,8.967,0.6,0.8,0.0,0.0,0.084,0.084,0.007,0.0,1.0,BLIND_078
24.0,24.0,0.0,931,1,9.017,0.7,0.7,0.0,0.0,0.0,0.0,0.0,1.0,0.0,BLIND_079
24.0,24.0,0.0,722,1,60.0,0.5,0.5,0.0,0.0,0.0,0.0,0.0,1.0,0.0,BLIND_080
24.0,24.0,0.0,2490,1,5.483,0.4,0.4,1.0,0.0,0.0,0.0,0.0,1.0,0.0,BLIND_081
24.0,24.0169,0.0169,626,2,608.0,0.5,0.5,0.0,0.0,0.012,0.012,0.0,1.0,0.0,BLIND_082
24.0,24.0,0.0,500,1,6.1,0.3,0.3,1.0,0.0,0.0,0.0,0.0,1.0,0.0,BLIND_083
24.0,24.0192,0.0192,494,2,9.017,0.4,0.4,1.0,0.0,0.015,0.015,0.007,1.0,0.0,BLIND_084
24.0,24.0,0.0,895,1,22.283,0.6,0.6,0.0,0.0,0.0,0.0,0.0,1.0,0.0,BLIND_085
24.0,24.2494,0.2494,111,6,6.05,0.3,0.35,1.0,0.0,0.02,0.006,0.041,0.0,1.0,BLIND_086
24.0,24.0,0.0,711,1,243.05,0.5,0.5,0.0,0.0,0.0,0.0,0.0,0.0,1.0,BLIND_087
24.0,24.0,0.0,165,1,900.917,0.4,0.4,1.0,0.0,0.0,0.0,0.0,1.0,0.0,BLIND_088
24.0,24.0,0.0,500,1,7.667,0.4,0.4,1.0,0.0,0.0,0.0,0.0,1.0,0.0,BLIND_089
24.0,24.0,0.0,2195,1,53.133,0.6,0.6,0.0,0.0,0.0,0.0,0.0,1.0,0.0,BLIND_090
24.0,24.0219,0.0219,569,2,9.0,0.35,0.39,1.0,0.0,0.016,0.016,0.214,1.0,0.0,BLIND_091
24.0,24.0414,0.0414,2195,3,53.133,0.7,0.7,0.0,0.0,0.016,0.016,0.391,1.0,0.0,BLIND_092
24.0,24.0,0.0,2237,1,9.0,0.5,0.5,0.0,0.0,0.0,0.0,0.0,1.0,0.0,BLIND_093
24.0,24.0,0.0,705,1,9.017,0.4,0.4,1.0,0.0,0.0,0.0,0.0,0.0,1.0,BLIND_094
24.0,24.0197,0.0197,644,2,625.683,0.7,0.78,0.0,0.0,0.014,0.014,0.001,1.0,0.0,BLIND_095
24.0,24.0194,0.0194,1853,2,53.133,0.6,0.68,0.0,0.0,0.016,0.016,0.434,1.0,0.0,BLIND_096
