port,year,source_category,pollutant,reported_quantity,reported_unit,page,source_file,source_sha256
POLA,2018,ocean_going_vessels,PM10,57.000000,short_tons,72,pola_2018_air_emissions_inventory.pdf,5af800d5f06e94b674b95ac0a4e62d9399d71a863236951422a2cedfbc823f1f
POLA,2018,harbor_craft,PM10,27.000000,short_tons,72,pola_2018_air_emissions_inventory.pdf,5af800d5f06e94b674b95ac0a4e62d9399d71a863236951422a2cedfbc823f1f
POLA,2018,cargo_handling_equipment,PM10,8.000000,short_tons,72,pola_2018_air_emissions_inventory.pdf,5af800d5f06e94b674b95ac0a4e62d9399d71a863236951422a2cedfbc823f1f
POLA,2018,locomotives,PM10,33.000000,short_tons,72,pola_2018_air_emissions_inventory.pdf,5af800d5f06e94b674b95ac0a4e62d9399d71a863236951422a2cedfbc823f1f
POLA,2018,heavy_duty_vehicles,PM10,9.000000,short_tons,72,pola_2018_air_emissions_inventory.pdf,5af800d5f06e94b674b95ac0a4e62d9399d71a863236951422a2cedfbc823f1f
POLA,2018,ocean_going_vessels,PM2.5,53.000000,short_tons,72,pola_2018_air_emissions_inventory.pdf,5af800d5f06e94b674b95ac0a4e62d9399d71a863236951422a2cedfbc823f1f
POLA,2018,harbor_craft,PM2.5,25.000000,short_tons,72,pola_2018_air_emissions_inventory.pdf,5af800d5f06e94b674b95ac0a4e62d9399d71a863236951422a2cedfbc823f1f
POLA,2018,cargo_handling_equipment,PM2.5,7.000000,short_tons,72,pola_2018_air_emissions_inventory.pdf,5af800d5f06e94b674b95ac0a4e62d9399d71a863236951422a2cedfbc823f1f
POLA,2018,locomotives,PM2.5,31.000000,short_tons,72,pola_2018_air_emissions_inventory.pdf,5af800d5f06e94b674b95ac0a4e62d9399d71a863236951422a2cedfbc823f1f
POLA,2018,heavy_duty_vehicles,PM2.5,9.000000,short_tons,72,pola_2018_air_emissions_inventory.pdf,5af800d5f06e94b674b95ac0a4e62d9399d71a863236951422a2cedfbc823f1f
POLA,2018,ocean_going_vessels,DPM,43.000000,short_tons,72,pola_2018_air_emissions_inventory.pdf,5af800d5f06e94b674b95ac0a4e62d9399d71a863236951422a2cedfbc823f1f
POLA,2018,harbor_craft,DPM,27.000000,short_tons,72,pola_2018_air_emissions_inventory.pdf,5af800d5f06e94b674b95ac0a4e62d9399d71a863236951422a2cedfbc823f1f
POLA,2018,cargo_handling_equipment,DPM,6.000000,short_tons,72,pola_2018_air_emissions_inventory.pdf,5af800d5f06e94b674b95ac0a4e62d9399d71a863236951422a2cedfbc823f1f
POLA,2018,locomotives,DPM,33.000000,short_tons,72,pola_2018_air_emissions_inventory.pdf,5af800d5f06e94b674b95ac0a4e62d9399d71a863236951422a2cedfbc823f1f
POLA,2018,heavy_duty_vehicles,DPM,9.000000,short_tons,72,pola_2018_air_emissions_inventory.pdf,5af800d5f06e94b674b95ac0a4e62d9399d71a863236951422a2cedfbc823f1f
POLA,2018,ocean_going_vessels,NOx,2909.000000,short_tons,72,pola_2018_air_emissions_inventory.pdf,5af800d5f06e94b674b95ac0a4e62d9399d71a863236951422a2cedfbc823f1f
POLA,2018,harbor_craft,NOx,813.000000,short_tons,72,pola_2018_air_emissions_inventory.pdf,5af800d5f06e94b674b95ac0a4e62d9399d71a863236951422a2cedfbc823f1f
POLA,2018,cargo_handling_equipment,NOx,464.000000,short_tons,72,pola_2018_air_emissions_inventory.pdf,5af800d5f06e94b674b95ac0a4e62d9399d71a863236951422a2cedfbc823f1f
POLA,2018,locomotives,NOx,886.000000,short_tons,72,pola_2018_air_emissions_inventory.pdf,5af800d5f06e94b674b95ac0a4e62d9399d71a863236951422a2cedfbc823f1f
POLA,2018,heavy_duty_vehicles,NOx,1482.000000,short_tons,72,pola_2018_air_emissions_inventory.pdf,5af800d5f06e94b674b95ac0a4e62d9399d71a863236951422a2cedfbc823f1f
POLA,2018,ocean_going_vessels,SOx,110.000000,short_tons,72,pola_2018_air_emissions_inventory.pdf,5af800d5f06e94b674b95ac0a4e62d9399d71a863236951422a2cedfbc823f1f
POLA,2018,harbor_craft,SOx,1.000000,short_tons,72,pola_2018_air_emissions_inventory.pdf,5af800d5f06e94b674b95ac0a4e62d9399d71a863236951422a2cedfbc823f1f
POLA,2018,cargo_handling_equipment,SOx,2.000000,short_tons,72,pola_2018_air_emissions_inventory.pdf,5af800d5f06e94b674b95ac0a4e62d9399d71a863236951422a2cedfbc823f1f
POLA,2018,locomotives,SOx,1.000000,short_tons,72,pola_2018_air_emissions_inventory.pdf,5af800d5f06e94b674b95ac0a4e62d9399d71a863236951422a2cedfbc823f1f
POLA,2018,heavy_duty_vehicles,SOx,4.000000,short_tons,72,pola_2018_air_emissions_inventory.pdf,5af800d5f06e94b674b95ac0a4e62d9399d71a863236951422a2cedfbc823f1f
POLA,2018,ocean_going_vessels,CO,250.000000,short_tons,72,pola_2018_air_emissions_inventory.pdf,5af800d5f06e94b674b95ac0a4e62d9399d71a863236951422a2cedfbc823f1f
POLA,2018,harbor_craft,CO,581.000000,short_tons,72,pola_2018_air_emissions_inventory.pdf,5af800d5f06e94b674b95ac0a4e62d9399d71a863236951422a2cedfbc823f1f
POLA,2018,cargo_handling_equipment,CO,877.000000,short_tons,72,pola_2018_air_emissions_inventory.pdf,5af800d5f06e94b674b95ac0a4e62d9399d71a863236951422a2cedfbc823f1f
POLA,2018,locomotives,CO,216.000000,short_tons,72,pola_2018_air_emissions_inventory.pdf,5af800d5f06e94b674b95ac0a4e62d9399d71a863236951422a2cedfbc823f1f
POLA,2018,heavy_duty_vehicles,CO,209.000000,short_tons,72,pola_2018_air_emissions_inventory.pdf,5af800d5f06e94b674b95ac0a4e62d9399d71a863236951422a2cedfbc823f1f
POLA,2018,ocean_going_vessels,HC,119.000000,short_tons,72,pola_2018_air_emissions_inventory.pdf,5af800d5f06e94b674b95ac0a4e62d9399d71a863236951422a2cedfbc823f1f
POLA,2018,harbor_craft,HC,89.000000,short_tons,72,pola_2018_air_emissions_inventory.pdf,5af800d5f06e94b674b95ac0a4e62d9399d71a863236951422a2cedfbc823f1f
POLA,2018,cargo_handling_equipment,HC,86.000000,short_tons,72,pola_2018_air_emissions_inventory.pdf,5af800d5f06e94b674b95ac0a4e62d9399d71a863236951422a2cedfbc823f1f
POLA,2018,locomotives,HC,51.000000,short_tons,72,pola_2018_air_emissions_inventory.pdf,5af800d5f06e94b674b95ac0a4e62d9399d71a863236951422a2cedfbc823f1f
POLA,2018,heavy_duty_vehicles,HC,34.000000,short_tons,72,pola_2018_air_emissions_inventory.pdf,5af800d5f06e94b674b95ac0a4e62d9399d71a863236951422a2cedfbc823f1f
POLA,2018,ocean_going_vessels,CO2e,205486.000000,metric_tonnes,72,pola_2018_air_emissions_inventory.pdf,5af800d5f06e94b674b95ac0a4e62d9399d71a863236951422a2cedfbc823f1f
POLA,2018,harbor_craft,CO2e,66092.000000,metric_tonnes,72,pola_2018_air_emissions_inventory.pdf,5af800d5f06e94b674b95ac0a4e62d9399d71a863236951422a2cedfbc823f1f
POLA,2018,cargo_handling_equipment,CO2e,188894.000000,metric_tonnes,72,pola_2018_air_emissions_inventory.pdf,5af800d5f06e94b674b95ac0a4e62d9399d71a863236951422a2cedfbc823f1f
POLA,2018,locomotives,CO2e,76073.000000,metric_tonnes,72,pola_2018_air_emissions_inventory.pdf,5af800d5f06e94b674b95ac0a4e62d9399d71a863236951422a2cedfbc823f1f
POLA,2018,heavy_duty_vehicles,CO2e,397027.000000,metric_tonnes,72,pola_2018_air_emissions_inventory.pdf,5af800d5f06e94b674b95ac0a4e62d9399d71a863236951422a2cedfbc823f1f
POLB,2018,ocean_going_vessels,PM10,85.000000,short_tons,50,polb_2018_air_emissions_inventory.pdf,e829a5609b000c76e7751fb2c688430fbad36b8931f0daa2d1e49937b12fd1a6
POLB,2018,harbor_craft,PM10,23.000000,short_tons,50,polb_2018_air_emissions_inventory.pdf,e829a5609b000c76e7751fb2c688430fbad36b8931f0daa2d1e49937b12fd1a6
POLB,2018,cargo_handling_equipment,PM10,4.000000,short_tons,50,polb_2018_air_emissions_inventory.pdf,e829a5609b000c76e7751fb2c688430fbad36b8931f0daa2d1e49937b12fd1a6
POLB,2018,locomotives,PM10,23.000000,short_tons,50,polb_2018_air_emissions_inventory.pdf,e829a5609b000c76e7751fb2c688430fbad36b8931f0daa2d1e49937b12fd1a6
POLB,2018,heavy_duty_vehicles,PM10,7.000000,short_tons,50,polb_2018_air_emissions_inventory.pdf,e829a5609b000c76e7751fb2c688430fbad36b8931f0daa2d1e49937b12fd1a6
POLB,2018,ocean_going_vessels,PM2.5,80.000000,short_tons,50,polb_2018_air_emissions_inventory.pdf,e829a5609b000c76e7751fb2c688430fbad36b8931f0daa2d1e49937b12fd1a6
POLB,2018,harbor_craft,PM2.5,21.000000,short_tons,50,polb_2018_air_emissions_inventory.pdf,e829a5609b000c76e7751fb2c688430fbad36b8931f0daa2d1e49937b12fd1a6
POLB,2018,cargo_handling_equipment,PM2.5,4.000000,short_tons,50,polb_2018_air_emissions_inventory.pdf,e829a5609b000c76e7751fb2c688430fbad36b8931f0daa2d1e49937b12fd1a6
POLB,2018,locomotives,PM2.5,22.000000,short_tons,50,polb_2018_air_emissions_inventory.pdf,e829a5609b000c76e7751fb2c688430fbad36b8931f0daa2d1e49937b12fd1a6
POLB,2018,heavy_duty_vehicles,PM2.5,7.000000,short_tons,50,polb_2018_air_emissions_inventory.pdf,e829a5609b000c76e7751fb2c688430fbad36b8931f0daa2d1e49937b12fd1a6
POLB,2018,ocean_going_vessels,DPM,63.000000,short_tons,50,polb_2018_air_emissions_inventory.pdf,e829a5609b000c76e7751fb2c688430fbad36b8931f0daa2d1e49937b12fd1a6
POLB,2018,harbor_craft,DPM,23.000000,short_tons,50,polb_2018_air_emissions_inventory.pdf,e829a5609b000c76e7751fb2c688430fbad36b8931f0daa2d1e49937b12fd1a6
POLB,2018,cargo_handling_equipment,DPM,3.000000,short_tons,50,polb_2018_air_emissions_inventory.pdf,e829a5609b000c76e7751fb2c688430fbad36b8931f0daa2d1e49937b12fd1a6
POLB,2018,locomotives,DPM,23.000000,short_tons,50,polb_2018_air_emissions_inventory.pdf,e829a5609b000c76e7751fb2c688430fbad36b8931f0daa2d1e49937b12fd1a6
POLB,2018,heavy_duty_vehicles,DPM,7.000000,short_tons,50,polb_2018_air_emissions_inventory.pdf,e829a5609b000c76e7751fb2c688430fbad36b8931f0daa2d1e49937b12fd1a6
POLB,2018,ocean_going_vessels,NOx,4169.000000,short_tons,50,polb_2018_air_emissions_inventory.pdf,e829a5609b000c76e7751fb2c688430fbad36b8931f0daa2d1e49937b12fd1a6
POLB,2018,harbor_craft,NOx,682.000000,short_tons,50,polb_2018_air_emissions_inventory.pdf,e829a5609b000c76e7751fb2c688430fbad36b8931f0daa2d1e49937b12fd1a6
POLB,2018,cargo_handling_equipment,NOx,327.000000,short_tons,50,polb_2018_air_emissions_inventory.pdf,e829a5609b000c76e7751fb2c688430fbad36b8931f0daa2d1e49937b12fd1a6
POLB,2018,locomotives,NOx,619.000000,short_tons,50,polb_2018_air_emissions_inventory.pdf,e829a5609b000c76e7751fb2c688430fbad36b8931f0daa2d1e49937b12fd1a6
POLB,2018,heavy_duty_vehicles,NOx,1151.000000,short_tons,50,polb_2018_air_emissions_inventory.pdf,e829a5609b000c76e7751fb2c688430fbad36b8931f0daa2d1e49937b12fd1a6
POLB,2018,ocean_going_vessels,SOx,213.000000,short_tons,50,polb_2018_air_emissions_inventory.pdf,e829a5609b000c76e7751fb2c688430fbad36b8931f0daa2d1e49937b12fd1a6
POLB,2018,harbor_craft,SOx,1.000000,short_tons,50,polb_2018_air_emissions_inventory.pdf,e829a5609b000c76e7751fb2c688430fbad36b8931f0daa2d1e49937b12fd1a6
POLB,2018,cargo_handling_equipment,SOx,1.000000,short_tons,50,polb_2018_air_emissions_inventory.pdf,e829a5609b000c76e7751fb2c688430fbad36b8931f0daa2d1e49937b12fd1a6
POLB,2018,locomotives,SOx,1.000000,short_tons,50,polb_2018_air_emissions_inventory.pdf,e829a5609b000c76e7751fb2c688430fbad36b8931f0daa2d1e49937b12fd1a6
POLB,2018,heavy_duty_vehicles,SOx,3.000000,short_tons,50,polb_2018_air_emissions_inventory.pdf,e829a5609b000c76e7751fb2c688430fbad36b8931f0daa2d1e49937b12fd1a6
POLB,2018,ocean_going_vessels,CO,341.000000,short_tons,50,polb_2018_air_emissions_inventory.pdf,e829a5609b000c76e7751fb2c688430fbad36b8931f0daa2d1e49937b12fd1a6
POLB,2018,harbor_craft,CO,483.000000,short_tons,50,polb_2018_air_emissions_inventory.pdf,e829a5609b000c76e7751fb2c688430fbad36b8931f0daa2d1e49937b12fd1a6
POLB,2018,cargo_handling_equipment,CO,632.000000,short_tons,50,polb_2018_air_emissions_inventory.pdf,e829a5609b000c76e7751fb2c688430fbad36b8931f0daa2d1e49937b12fd1a6
POLB,2018,locomotives,CO,149.000000,short_tons,50,polb_2018_air_emissions_inventory.pdf,e829a5609b000c76e7751fb2c688430fbad36b8931f0daa2d1e49937b12fd1a6
POLB,2018,heavy_duty_vehicles,CO,156.000000,short_tons,50,polb_2018_air_emissions_inventory.pdf,e829a5609b000c76e7751fb2c688430fbad36b8931f0daa2d1e49937b12fd1a6
POLB,2018,ocean_going_vessels,HC,151.000000,short_tons,50,polb_2018_air_emissions_inventory.pdf,e829a5609b000c76e7751fb2c688430fbad36b8931f0daa2d1e49937b12fd1a6
POLB,2018,harbor_craft,HC,73.000000,short_tons,50,polb_2018_air_emissions_inventory.pdf,e829a5609b000c76e7751fb2c688430fbad36b8931f0daa2d1e49937b12fd1a6
POLB,2018,cargo_handling_equipment,HC,34.000000,short_tons,50,polb_2018_air_emissions_inventory.pdf,e829a5609b000c76e7751fb2c688430fbad36b8931f0daa2d1e49937b12fd1a6
POLB,2018,locomotives,HC,36.000000,short_tons,50,polb_2018_air_emissions_inventory.pdf,e829a5609b000c76e7751fb2c688430fbad36b8931f0daa2d1e49937b12fd1a6
POLB,2018,heavy_duty_vehicles,HC,27.000000,short_tons,50,polb_2018_air_emissions_inventory.pdf,e829a5609b000c76e7751fb2c688430fbad36b8931f0daa2d1e49937b12fd1a6
POLB,2018,ocean_going_vessels,CO2e,297800.000000,metric_tonnes,50,polb_2018_air_emissions_inventory.pdf,e829a5609b000c76e7751fb2c688430fbad36b8931f0daa2d1e49937b12fd1a6
POLB,2018,harbor_craft,CO2e,55364.000000,metric_tonnes,50,polb_2018_air_emissions_inventory.pdf,e829a5609b000c76e7751fb2c688430fbad36b8931f0daa2d1e49937b12fd1a6
POLB,2018,cargo_handling_equipment,CO2e,121766.000000,metric_tonnes,50,polb_2018_air_emissions_inventory.pdf,e829a5609b000c76e7751fb2c688430fbad36b8931f0daa2d1e49937b12fd1a6
POLB,2018,locomotives,CO2e,52382.000000,metric_tonnes,50,polb_2018_air_emissions_inventory.pdf,e829a5609b000c76e7751fb2c688430fbad36b8931f0daa2d1e49937b12fd1a6
POLB,2018,heavy_duty_vehicles,CO2e,308378.000000,metric_tonnes,50,polb_2018_air_emissions_inventory.pdf,e829a5609b000c76e7751fb2c688430fbad36b8931f0daa2d1e49937b12fd1a6
POLA,2019,ocean_going_vessels,PM10,54.000000,short_tons,74,pola_2019_air_emissions_inventory.pdf,ebdf6620acee1be30821ff0276c0d087aebca2e2f0b0452f7004d10fc597c5da
POLA,2019,harbor_craft,PM10,26.000000,short_tons,74,pola_2019_air_emissions_inventory.pdf,ebdf6620acee1be30821ff0276c0d087aebca2e2f0b0452f7004d10fc597c5da
POLA,2019,cargo_handling_equipment,PM10,7.000000,short_tons,74,pola_2019_air_emissions_inventory.pdf,ebdf6620acee1be30821ff0276c0d087aebca2e2f0b0452f7004d10fc597c5da
POLA,2019,locomotives,PM10,32.000000,short_tons,74,pola_2019_air_emissions_inventory.pdf,ebdf6620acee1be30821ff0276c0d087aebca2e2f0b0452f7004d10fc597c5da
POLA,2019,heavy_duty_vehicles,PM10,9.000000,short_tons,74,pola_2019_air_emissions_inventory.pdf,ebdf6620acee1be30821ff0276c0d087aebca2e2f0b0452f7004d10fc597c5da
POLA,2019,ocean_going_vessels,PM2.5,50.000000,short_tons,74,pola_2019_air_emissions_inventory.pdf,ebdf6620acee1be30821ff0276c0d087aebca2e2f0b0452f7004d10fc597c5da
POLA,2019,harbor_craft,PM2.5,24.000000,short_tons,74,pola_2019_air_emissions_inventory.pdf,ebdf6620acee1be30821ff0276c0d087aebca2e2f0b0452f7004d10fc597c5da
POLA,2019,cargo_handling_equipment,PM2.5,6.000000,short_tons,74,pola_2019_air_emissions_inventory.pdf,ebdf6620acee1be30821ff0276c0d087aebca2e2f0b0452f7004d10fc597c5da
POLA,2019,locomotives,PM2.5,29.000000,short_tons,74,pola_2019_air_emissions_inventory.pdf,ebdf6620acee1be30821ff0276c0d087aebca2e2f0b0452f7004d10fc597c5da
POLA,2019,heavy_duty_vehicles,PM2.5,9.000000,short_tons,74,pola_2019_air_emissions_inventory.pdf,ebdf6620acee1be30821ff0276c0d087aebca2e2f0b0452f7004d10fc597c5da
POLA,2019,ocean_going_vessels,DPM,41.000000,short_tons,74,pola_2019_air_emissions_inventory.pdf,ebdf6620acee1be30821ff0276c0d087aebca2e2f0b0452f7004d10fc597c5da
POLA,2019,harbor_craft,DPM,26.000000,short_tons,74,pola_2019_air_emissions_inventory.pdf,ebdf6620acee1be30821ff0276c0d087aebca2e2f0b0452f7004d10fc597c5da
POLA,2019,cargo_handling_equipment,DPM,5.000000,short_tons,74,pola_2019_air_emissions_inventory.pdf,ebdf6620acee1be30821ff0276c0d087aebca2e2f0b0452f7004d10fc597c5da
POLA,2019,locomotives,DPM,32.000000,short_tons,74,pola_2019_air_emissions_inventory.pdf,ebdf6620acee1be30821ff0276c0d087aebca2e2f0b0452f7004d10fc597c5da
POLA,2019,heavy_duty_vehicles,DPM,9.000000,short_tons,74,pola_2019_air_emissions_inventory.pdf,ebdf6620acee1be30821ff0276c0d087aebca2e2f0b0452f7004d10fc597c5da
POLA,2019,ocean_going_vessels,NOx,2743.000000,short_tons,74,pola_2019_air_emissions_inventory.pdf,ebdf6620acee1be30821ff0276c0d087aebca2e2f0b0452f7004d10fc597c5da
POLA,2019,harbor_craft,NOx,755.000000,short_tons,74,pola_2019_air_emissions_inventory.pdf,ebdf6620acee1be30821ff0276c0d087aebca2e2f0b0452f7004d10fc597c5da
POLA,2019,cargo_handling_equipment,NOx,410.000000,short_tons,74,pola_2019_air_emissions_inventory.pdf,ebdf6620acee1be30821ff0276c0d087aebca2e2f0b0452f7004d10fc597c5da
POLA,2019,locomotives,NOx,882.000000,short_tons,74,pola_2019_air_emissions_inventory.pdf,ebdf6620acee1be30821ff0276c0d087aebca2e2f0b0452f7004d10fc597c5da
POLA,2019,heavy_duty_vehicles,NOx,1382.000000,short_tons,74,pola_2019_air_emissions_inventory.pdf,ebdf6620acee1be30821ff0276c0d087aebca2e2f0b0452f7004d10fc597c5da
POLA,2019,ocean_going_vessels,SOx,102.000000,short_tons,74,pola_2019_air_emissions_inventory.pdf,ebdf6620acee1be30821ff0276c0d087aebca2e2f0b0452f7004d10fc597c5da
POLA,2019,harbor_craft,SOx,1.000000,short_tons,74,pola_2019_air_emissions_inventory.pdf,ebdf6620acee1be30821ff0276c0d087aebca2e2f0b0452f7004d10fc597c5da
POLA,2019,cargo_handling_equipment,SOx,2.000000,short_tons,74,pola_2019_air_emissions_inventory.pdf,ebdf6620acee1be30821ff0276c0d087aebca2e2f0b0452f7004d10fc597c5da
POLA,2019,locomotives,SOx,1.000000,short_tons,74,pola_2019_air_emissions_inventory.pdf,ebdf6620acee1be30821ff0276c0d087aebca2e2f0b0452f7004d10fc597c5da
POLA,2019,heavy_duty_vehicles,SOx,4.000000,short_tons,74,pola_2019_air_emissions_inventory.pdf,ebdf6620acee1be30821ff0276c0d087aebca2e2f0b0452f7004d10fc597c5da
POLA,2019,ocean_going_vessels,CO,243.000000,short_tons,74,pola_2019_air_emissions_inventory.pdf,ebdf6620acee1be30821ff0276c0d087aebca2e2f0b0452f7004d10fc597c5da
POLA,2019,harbor_craft,CO,543.000000,short_tons,74,pola_2019_air_emissions_inventory.pdf,ebdf6620acee1be30821ff0276c0d087aebca2e2f0b0452f7004d10fc597c5da
POLA,2019,cargo_handling_equipment,CO,805.000000,short_tons,74,pola_2019_air_emissions_inventory.pdf,ebdf6620acee1be30821ff0276c0d087aebca2e2f0b0452f7004d10fc597c5da
POLA,2019,locomotives,CO,205.000000,short_tons,74,pola_2019_air_emissions_inventory.pdf,ebdf6620acee1be30821ff0276c0d087aebca2e2f0b0452f7004d10fc597c5da
POLA,2019,heavy_duty_vehicles,CO,207.000000,short_tons,74,pola_2019_air_emissions_inventory.pdf,ebdf6620acee1be30821ff0276c0d087aebca2e2f0b0452f7004d10fc597c5da
POLA,2019,ocean_going_vessels,HC,115.000000,short_tons,74,pola_2019_air_emissions_inventory.pdf,ebdf6620acee1be30821ff0276c0d087aebca2e2f0b0452f7004d10fc597c5da
POLA,2019,harbor_craft,HC,83.000000,short_tons,74,pola_2019_air_emissions_inventory.pdf,ebdf6620acee1be30821ff0276c0d087aebca2e2f0b0452f7004d10fc597c5da
POLA,2019,cargo_handling_equipment,HC,83.000000,short_tons,74,pola_2019_air_emissions_inventory.pdf,ebdf6620acee1be30821ff0276c0d087aebca2e2f0b0452f7004d10fc597c5da
POLA,2019,locomotives,HC,49.000000,short_tons,74,pola_2019_air_emissions_inventory.pdf,ebdf6620acee1be30821ff0276c0d087aebca2e2f0b0452f7004d10fc597c5da
POLA,2019,heavy_duty_vehicles,HC,33.000000,short_tons,74,pola_2019_air_emissions_inventory.pdf,ebdf6620acee1be30821ff0276c0d087aebca2e2f0b0452f7004d10fc597c5da
POLA,2019,ocean_going_vessels,CO2e,192247.000000,metric_tonnes,74,pola_2019_air_emissions_inventory.pdf,ebdf6620acee1be30821ff0276c0d087aebca2e2f0b0452f7004d10fc597c5da
POLA,2019,harbor_craft,CO2e,60884.000000,metric_tonnes,74,pola_2019_air_emissions_inventory.pdf,ebdf6620acee1be30821ff0276c0d087aebca2e2f0b0452f7004d10fc597c5da
POLA,2019,cargo_handling_equipment,CO2e,177264.000000,metric_tonnes,74,pola_2019_air_emissions_inventory.pdf,ebdf6620acee1be30821ff0276c0d087aebca2e2f0b0452f7004d10fc597c5da
POLA,2019,locomotives,CO2e,71364.000000,metric_tonnes,74,pola_2019_air_emissions_inventory.pdf,ebdf6620acee1be30821ff0276c0d087aebca2e2f0b0452f7004d10fc597c5da
POLA,2019,heavy_duty_vehicles,CO2e,378015.000000,metric_tonnes,74,pola_2019_air_emissions_inventory.pdf,ebdf6620acee1be30821ff0276c0d087aebca2e2f0b0452f7004d10fc597c5da
POLB,2019,ocean_going_vessels,PM10,83.000000,short_tons,51,polb_2019_air_emissions_inventory.pdf,a360b4cf9c46aa94f344c6b134f1183fac07076b9977e31e1dab1d4251a00eab
POLB,2019,harbor_craft,PM10,22.000000,short_tons,51,polb_2019_air_emissions_inventory.pdf,a360b4cf9c46aa94f344c6b134f1183fac07076b9977e31e1dab1d4251a00eab
POLB,2019,cargo_handling_equipment,PM10,4.000000,short_tons,51,polb_2019_air_emissions_inventory.pdf,a360b4cf9c46aa94f344c6b134f1183fac07076b9977e31e1dab1d4251a00eab
POLB,2019,locomotives,PM10,21.000000,short_tons,51,polb_2019_air_emissions_inventory.pdf,a360b4cf9c46aa94f344c6b134f1183fac07076b9977e31e1dab1d4251a00eab
POLB,2019,heavy_duty_vehicles,PM10,7.000000,short_tons,51,polb_2019_air_emissions_inventory.pdf,a360b4cf9c46aa94f344c6b134f1183fac07076b9977e31e1dab1d4251a00eab
POLB,2019,ocean_going_vessels,PM2.5,78.000000,short_tons,51,polb_2019_air_emissions_inventory.pdf,a360b4cf9c46aa94f344c6b134f1183fac07076b9977e31e1dab1d4251a00eab
POLB,2019,harbor_craft,PM2.5,20.000000,short_tons,51,polb_2019_air_emissions_inventory.pdf,a360b4cf9c46aa94f344c6b134f1183fac07076b9977e31e1dab1d4251a00eab
POLB,2019,cargo_handling_equipment,PM2.5,4.000000,short_tons,51,polb_2019_air_emissions_inventory.pdf,a360b4cf9c46aa94f344c6b134f1183fac07076b9977e31e1dab1d4251a00eab
POLB,2019,locomotives,PM2.5,20.000000,short_tons,51,polb_2019_air_emissions_inventory.pdf,a360b4cf9c46aa94f344c6b134f1183fac07076b9977e31e1dab1d4251a00eab
POLB,2019,heavy_duty_vehicles,PM2.5,7.000000,short_tons,51,polb_2019_air_emissions_inventory.pdf,a360b4cf9c46aa94f344c6b134f1183fac07076b9977e31e1dab1d4251a00eab
POLB,2019,ocean_going_vessels,DPM,62.000000,short_tons,51,polb_2019_air_emissions_inventory.pdf,a360b4cf9c46aa94f344c6b134f1183fac07076b9977e31e1dab1d4251a00eab
POLB,2019,harbor_craft,DPM,22.000000,short_tons,51,polb_2019_air_emissions_inventory.pdf,a360b4cf9c46aa94f344c6b134f1183fac07076b9977e31e1dab1d4251a00eab
POLB,2019,cargo_handling_equipment,DPM,3.000000,short_tons,51,polb_2019_air_emissions_inventory.pdf,a360b4cf9c46aa94f344c6b134f1183fac07076b9977e31e1dab1d4251a00eab
POLB,2019,locomotives,DPM,21.000000,short_tons,51,polb_2019_air_emissions_inventory.pdf,a360b4cf9c46aa94f344c6b134f1183fac07076b9977e31e1dab1d4251a00eab
POLB,2019,heavy_duty_vehicles,DPM,7.000000,short_tons,51,polb_2019_air_emissions_inventory.pdf,a360b4cf9c46aa94f344c6b134f1183fac07076b9977e31e1dab1d4251a00eab
POLB,2019,ocean_going_vessels,NOx,3983.000000,short_tons,51,polb_2019_air_emissions_inventory.pdf,a360b4cf9c46aa94f344c6b134f1183fac07076b9977e31e1dab1d4251a00eab
POLB,2019,harbor_craft,NOx,637.000000,short_tons,51,polb_2019_air_emissions_inventory.pdf,a360b4cf9c46aa94f344c6b134f1183fac07076b9977e31e1dab1d4251a00eab
POLB,2019,cargo_handling_equipment,NOx,274.000000,short_tons,51,polb_2019_air_emissions_inventory.pdf,a360b4cf9c46aa94f344c6b134f1183fac07076b9977e31e1dab1d4251a00eab
POLB,2019,locomotives,NOx,592.000000,short_tons,51,polb_2019_air_emissions_inventory.pdf,a360b4cf9c46aa94f344c6b134f1183fac07076b9977e31e1dab1d4251a00eab
POLB,2019,heavy_duty_vehicles,NOx,1127.000000,short_tons,51,polb_2019_air_emissions_inventory.pdf,a360b4cf9c46aa94f344c6b134f1183fac07076b9977e31e1dab1d4251a00eab
POLB,2019,ocean_going_vessels,SOx,209.000000,short_tons,51,polb_2019_air_emissions_inventory.pdf,a360b4cf9c46aa94f344c6b134f1183fac07076b9977e31e1dab1d4251a00eab
POLB,2019,harbor_craft,SOx,1.000000,short_tons,51,polb_2019_air_emissions_inventory.pdf,a360b4cf9c46aa94f344c6b134f1183fac07076b9977e31e1dab1d4251a00eab
POLB,2019,cargo_handling_equipment,SOx,1.000000,short_tons,51,polb_2019_air_emissions_inventory.pdf,a360b4cf9c46aa94f344c6b134f1183fac07076b9977e31e1dab1d4251a00eab
POLB,2019,locomotives,SOx,1.000000,short_tons,51,polb_2019_air_emissions_inventory.pdf,a360b4cf9c46aa94f344c6b134f1183fac07076b9977e31e1dab1d4251a00eab
POLB,2019,heavy_duty_vehicles,SOx,3.000000,short_tons,51,polb_2019_air_emissions_inventory.pdf,a360b4cf9c46aa94f344c6b134f1183fac07076b9977e31e1dab1d4251a00eab
POLB,2019,ocean_going_vessels,CO,336.000000,short_tons,51,polb_2019_air_emissions_inventory.pdf,a360b4cf9c46aa94f344c6b134f1183fac07076b9977e31e1dab1d4251a00eab
POLB,2019,harbor_craft,CO,458.000000,short_tons,51,polb_2019_air_emissions_inventory.pdf,a360b4cf9c46aa94f344c6b134f1183fac07076b9977e31e1dab1d4251a00eab
POLB,2019,cargo_handling_equipment,CO,697.000000,short_tons,51,polb_2019_air_emissions_inventory.pdf,a360b4cf9c46aa94f344c6b134f1183fac07076b9977e31e1dab1d4251a00eab
POLB,2019,locomotives,CO,135.000000,short_tons,51,polb_2019_air_emissions_inventory.pdf,a360b4cf9c46aa94f344c6b134f1183fac07076b9977e31e1dab1d4251a00eab
POLB,2019,heavy_duty_vehicles,CO,172.000000,short_tons,51,polb_2019_air_emissions_inventory.pdf,a360b4cf9c46aa94f344c6b134f1183fac07076b9977e31e1dab1d4251a00eab
POLB,2019,ocean_going_vessels,HC,151.000000,short_tons,51,polb_2019_air_emissions_inventory.pdf,a360b4cf9c46aa94f344c6b134f1183fac07076b9977e31e1dab1d4251a00eab
POLB,2019,harbor_craft,HC,69.000000,short_tons,51,polb_2019_air_emissions_inventory.pdf,a360b4cf9c46aa94f344c6b134f1183fac07076b9977e31e1dab1d4251a00eab
POLB,2019,cargo_handling_equipment,HC,29.000000,short_tons,51,polb_2019_air_emissions_inventory.pdf,a360b4cf9c46aa94f344c6b134f1183fac07076b9977e31e1dab1d4251a00eab
POLB,2019,locomotives,HC,33.000000,short_tons,51,polb_2019_air_emissions_inventory.pdf,a360b4cf9c46aa94f344c6b134f1183fac07076b9977e31e1dab1d4251a00eab
POLB,2019,heavy_duty_vehicles,HC,28.000000,short_tons,51,polb_2019_air_emissions_inventory.pdf,a360b4cf9c46aa94f344c6b134f1183fac07076b9977e31e1dab1d4251a00eab
POLB,2019,ocean_going_vessels,CO2e,291774.000000,metric_tonnes,51,polb_2019_air_emissions_inventory.pdf,a360b4cf9c46aa94f344c6b134f1183fac07076b9977e31e1dab1d4251a00eab
POLB,2019,harbor_craft,CO2e,51698.000000,metric_tonnes,51,polb_2019_air_emissions_inventory.pdf,a360b4cf9c46aa94f344c6b134f1183fac07076b9977e31e1dab1d4251a00eab
POLB,2019,cargo_handling_equipment,CO2e,109052.000000,metric_tonnes,51,polb_2019_air_emissions_inventory.pdf,a360b4cf9c46aa94f344c6b134f1183fac07076b9977e31e1dab1d4251a00eab
POLB,2019,locomotives,CO2e,47239.000000,metric_tonnes,51,polb_2019_air_emissions_inventory.pdf,a360b4cf9c46aa94f344c6b134f1183fac07076b9977e31e1dab1d4251a00eab
POLB,2019,heavy_duty_vehicles,CO2e,307104.000000,metric_tonnes,51,polb_2019_air_emissions_inventory.pdf,a360b4cf9c46aa94f344c6b134f1183fac07076b9977e31e1dab1d4251a00eab
POLA,2020,ocean_going_vessels,PM10,52.000000,short_tons,80,pola_2020_air_emissions_inventory.pdf,96ee5b101216e212492586ae439d43172eedacc18e09545ab1b33781f3cb49e3
POLA,2020,harbor_craft,PM10,24.000000,short_tons,80,pola_2020_air_emissions_inventory.pdf,96ee5b101216e212492586ae439d43172eedacc18e09545ab1b33781f3cb49e3
POLA,2020,cargo_handling_equipment,PM10,6.000000,short_tons,80,pola_2020_air_emissions_inventory.pdf,96ee5b101216e212492586ae439d43172eedacc18e09545ab1b33781f3cb49e3
POLA,2020,locomotives,PM10,29.000000,short_tons,80,pola_2020_air_emissions_inventory.pdf,96ee5b101216e212492586ae439d43172eedacc18e09545ab1b33781f3cb49e3
POLA,2020,heavy_duty_vehicles,PM10,6.000000,short_tons,80,pola_2020_air_emissions_inventory.pdf,96ee5b101216e212492586ae439d43172eedacc18e09545ab1b33781f3cb49e3
POLA,2020,ocean_going_vessels,PM2.5,48.000000,short_tons,80,pola_2020_air_emissions_inventory.pdf,96ee5b101216e212492586ae439d43172eedacc18e09545ab1b33781f3cb49e3
POLA,2020,harbor_craft,PM2.5,22.000000,short_tons,80,pola_2020_air_emissions_inventory.pdf,96ee5b101216e212492586ae439d43172eedacc18e09545ab1b33781f3cb49e3
POLA,2020,cargo_handling_equipment,PM2.5,5.000000,short_tons,80,pola_2020_air_emissions_inventory.pdf,96ee5b101216e212492586ae439d43172eedacc18e09545ab1b33781f3cb49e3
POLA,2020,locomotives,PM2.5,27.000000,short_tons,80,pola_2020_air_emissions_inventory.pdf,96ee5b101216e212492586ae439d43172eedacc18e09545ab1b33781f3cb49e3
POLA,2020,heavy_duty_vehicles,PM2.5,6.000000,short_tons,80,pola_2020_air_emissions_inventory.pdf,96ee5b101216e212492586ae439d43172eedacc18e09545ab1b33781f3cb49e3
POLA,2020,ocean_going_vessels,DPM,34.000000,short_tons,80,pola_2020_air_emissions_inventory.pdf,96ee5b101216e212492586ae439d43172eedacc18e09545ab1b33781f3cb49e3
POLA,2020,harbor_craft,DPM,24.000000,short_tons,80,pola_2020_air_emissions_inventory.pdf,96ee5b101216e212492586ae439d43172eedacc18e09545ab1b33781f3cb49e3
POLA,2020,cargo_handling_equipment,DPM,4.000000,short_tons,80,pola_2020_air_emissions_inventory.pdf,96ee5b101216e212492586ae439d43172eedacc18e09545ab1b33781f3cb49e3
POLA,2020,locomotives,DPM,29.000000,short_tons,80,pola_2020_air_emissions_inventory.pdf,96ee5b101216e212492586ae439d43172eedacc18e09545ab1b33781f3cb49e3
POLA,2020,heavy_duty_vehicles,DPM,6.000000,short_tons,80,pola_2020_air_emissions_inventory.pdf,96ee5b101216e212492586ae439d43172eedacc18e09545ab1b33781f3cb49e3
POLA,2020,ocean_going_vessels,NOx,2867.000000,short_tons,80,pola_2020_air_emissions_inventory.pdf,96ee5b101216e212492586ae439d43172eedacc18e09545ab1b33781f3cb49e3
POLA,2020,harbor_craft,NOx,721.000000,short_tons,80,pola_2020_air_emissions_inventory.pdf,96ee5b101216e212492586ae439d43172eedacc18e09545ab1b33781f3cb49e3
POLA,2020,cargo_handling_equipment,NOx,366.000000,short_tons,80,pola_2020_air_emissions_inventory.pdf,96ee5b101216e212492586ae439d43172eedacc18e09545ab1b33781f3cb49e3
POLA,2020,locomotives,NOx,786.000000,short_tons,80,pola_2020_air_emissions_inventory.pdf,96ee5b101216e212492586ae439d43172eedacc18e09545ab1b33781f3cb49e3
POLA,2020,heavy_duty_vehicles,NOx,1075.000000,short_tons,80,pola_2020_air_emissions_inventory.pdf,96ee5b101216e212492586ae439d43172eedacc18e09545ab1b33781f3cb49e3
POLA,2020,ocean_going_vessels,SOx,96.000000,short_tons,80,pola_2020_air_emissions_inventory.pdf,96ee5b101216e212492586ae439d43172eedacc18e09545ab1b33781f3cb49e3
POLA,2020,harbor_craft,SOx,1.000000,short_tons,80,pola_2020_air_emissions_inventory.pdf,96ee5b101216e212492586ae439d43172eedacc18e09545ab1b33781f3cb49e3
POLA,2020,cargo_handling_equipment,SOx,2.000000,short_tons,80,pola_2020_air_emissions_inventory.pdf,96ee5b101216e212492586ae439d43172eedacc18e09545ab1b33781f3cb49e3
POLA,2020,locomotives,SOx,1.000000,short_tons,80,pola_2020_air_emissions_inventory.pdf,96ee5b101216e212492586ae439d43172eedacc18e09545ab1b33781f3cb49e3
POLA,2020,heavy_duty_vehicles,SOx,4.000000,short_tons,80,pola_2020_air_emissions_inventory.pdf,96ee5b101216e212492586ae439d43172eedacc18e09545ab1b33781f3cb49e3
POLA,2020,ocean_going_vessels,CO,273.000000,short_tons,80,pola_2020_air_emissions_inventory.pdf,96ee5b101216e212492586ae439d43172eedacc18e09545ab1b33781f3cb49e3
POLA,2020,harbor_craft,CO,539.000000,short_tons,80,pola_2020_air_emissions_inventory.pdf,96ee5b101216e212492586ae439d43172eedacc18e09545ab1b33781f3cb49e3
POLA,2020,cargo_handling_equipment,CO,643.000000,short_tons,80,pola_2020_air_emissions_inventory.pdf,96ee5b101216e212492586ae439d43172eedacc18e09545ab1b33781f3cb49e3
POLA,2020,locomotives,CO,189.000000,short_tons,80,pola_2020_air_emissions_inventory.pdf,96ee5b101216e212492586ae439d43172eedacc18e09545ab1b33781f3cb49e3
POLA,2020,heavy_duty_vehicles,CO,284.000000,short_tons,80,pola_2020_air_emissions_inventory.pdf,96ee5b101216e212492586ae439d43172eedacc18e09545ab1b33781f3cb49e3
POLA,2020,ocean_going_vessels,HC,127.000000,short_tons,80,pola_2020_air_emissions_inventory.pdf,96ee5b101216e212492586ae439d43172eedacc18e09545ab1b33781f3cb49e3
POLA,2020,harbor_craft,HC,82.000000,short_tons,80,pola_2020_air_emissions_inventory.pdf,96ee5b101216e212492586ae439d43172eedacc18e09545ab1b33781f3cb49e3
POLA,2020,cargo_handling_equipment,HC,66.000000,short_tons,80,pola_2020_air_emissions_inventory.pdf,96ee5b101216e212492586ae439d43172eedacc18e09545ab1b33781f3cb49e3
POLA,2020,locomotives,HC,45.000000,short_tons,80,pola_2020_air_emissions_inventory.pdf,96ee5b101216e212492586ae439d43172eedacc18e09545ab1b33781f3cb49e3
POLA,2020,heavy_duty_vehicles,HC,43.000000,short_tons,80,pola_2020_air_emissions_inventory.pdf,96ee5b101216e212492586ae439d43172eedacc18e09545ab1b33781f3cb49e3
POLA,2020,ocean_going_vessels,CO2e,212248.000000,metric_tonnes,80,pola_2020_air_emissions_inventory.pdf,96ee5b101216e212492586ae439d43172eedacc18e09545ab1b33781f3cb49e3
POLA,2020,harbor_craft,CO2e,60374.000000,metric_tonnes,80,pola_2020_air_emissions_inventory.pdf,96ee5b101216e212492586ae439d43172eedacc18e09545ab1b33781f3cb49e3
POLA,2020,cargo_handling_equipment,CO2e,165961.000000,metric_tonnes,80,pola_2020_air_emissions_inventory.pdf,96ee5b101216e212492586ae439d43172eedacc18e09545ab1b33781f3cb49e3
POLA,2020,locomotives,CO2e,65987.000000,metric_tonnes,80,pola_2020_air_emissions_inventory.pdf,96ee5b101216e212492586ae439d43172eedacc18e09545ab1b33781f3cb49e3
POLA,2020,heavy_duty_vehicles,CO2e,398679.000000,metric_tonnes,80,pola_2020_air_emissions_inventory.pdf,96ee5b101216e212492586ae439d43172eedacc18e09545ab1b33781f3cb49e3
POLB,2020,ocean_going_vessels,PM10,73.000000,short_tons,57,polb_2020_air_emissions_inventory.pdf,7f4c547c8579fb03e95bacde9d92aecf0bf5bfd821f3a1ac4eab9de7154fb5ba
POLB,2020,harbor_craft,PM10,20.000000,short_tons,57,polb_2020_air_emissions_inventory.pdf,7f4c547c8579fb03e95bacde9d92aecf0bf5bfd821f3a1ac4eab9de7154fb5ba
POLB,2020,cargo_handling_equipment,PM10,4.000000,short_tons,57,polb_2020_air_emissions_inventory.pdf,7f4c547c8579fb03e95bacde9d92aecf0bf5bfd821f3a1ac4eab9de7154fb5ba
POLB,2020,locomotives,PM10,20.000000,short_tons,57,polb_2020_air_emissions_inventory.pdf,7f4c547c8579fb03e95bacde9d92aecf0bf5bfd821f3a1ac4eab9de7154fb5ba
POLB,2020,heavy_duty_vehicles,PM10,6.000000,short_tons,57,polb_2020_air_emissions_inventory.pdf,7f4c547c8579fb03e95bacde9d92aecf0bf5bfd821f3a1ac4eab9de7154fb5ba
POLB,2020,ocean_going_vessels,PM2.5,67.000000,short_tons,57,polb_2020_air_emissions_inventory.pdf,7f4c547c8579fb03e95bacde9d92aecf0bf5bfd821f3a1ac4eab9de7154fb5ba
POLB,2020,harbor_craft,PM2.5,18.000000,short_tons,57,polb_2020_air_emissions_inventory.pdf,7f4c547c8579fb03e95bacde9d92aecf0bf5bfd821f3a1ac4eab9de7154fb5ba
POLB,2020,cargo_handling_equipment,PM2.5,4.000000,short_tons,57,polb_2020_air_emissions_inventory.pdf,7f4c547c8579fb03e95bacde9d92aecf0bf5bfd821f3a1ac4eab9de7154fb5ba
POLB,2020,locomotives,PM2.5,19.000000,short_tons,57,polb_2020_air_emissions_inventory.pdf,7f4c547c8579fb03e95bacde9d92aecf0bf5bfd821f3a1ac4eab9de7154fb5ba
POLB,2020,heavy_duty_vehicles,PM2.5,6.000000,short_tons,57,polb_2020_air_emissions_inventory.pdf,7f4c547c8579fb03e95bacde9d92aecf0bf5bfd821f3a1ac4eab9de7154fb5ba
POLB,2020,ocean_going_vessels,DPM,40.000000,short_tons,57,polb_2020_air_emissions_inventory.pdf,7f4c547c8579fb03e95bacde9d92aecf0bf5bfd821f3a1ac4eab9de7154fb5ba
POLB,2020,harbor_craft,DPM,20.000000,short_tons,57,polb_2020_air_emissions_inventory.pdf,7f4c547c8579fb03e95bacde9d92aecf0bf5bfd821f3a1ac4eab9de7154fb5ba
POLB,2020,cargo_handling_equipment,DPM,3.000000,short_tons,57,polb_2020_air_emissions_inventory.pdf,7f4c547c8579fb03e95bacde9d92aecf0bf5bfd821f3a1ac4eab9de7154fb5ba
POLB,2020,locomotives,DPM,20.000000,short_tons,57,polb_2020_air_emissions_inventory.pdf,7f4c547c8579fb03e95bacde9d92aecf0bf5bfd821f3a1ac4eab9de7154fb5ba
POLB,2020,heavy_duty_vehicles,DPM,6.000000,short_tons,57,polb_2020_air_emissions_inventory.pdf,7f4c547c8579fb03e95bacde9d92aecf0bf5bfd821f3a1ac4eab9de7154fb5ba
POLB,2020,ocean_going_vessels,NOx,3490.000000,short_tons,57,polb_2020_air_emissions_inventory.pdf,7f4c547c8579fb03e95bacde9d92aecf0bf5bfd821f3a1ac4eab9de7154fb5ba
POLB,2020,harbor_craft,NOx,597.000000,short_tons,57,polb_2020_air_emissions_inventory.pdf,7f4c547c8579fb03e95bacde9d92aecf0bf5bfd821f3a1ac4eab9de7154fb5ba
POLB,2020,cargo_handling_equipment,NOx,245.000000,short_tons,57,polb_2020_air_emissions_inventory.pdf,7f4c547c8579fb03e95bacde9d92aecf0bf5bfd821f3a1ac4eab9de7154fb5ba
POLB,2020,locomotives,NOx,536.000000,short_tons,57,polb_2020_air_emissions_inventory.pdf,7f4c547c8579fb03e95bacde9d92aecf0bf5bfd821f3a1ac4eab9de7154fb5ba
POLB,2020,heavy_duty_vehicles,NOx,1052.000000,short_tons,57,polb_2020_air_emissions_inventory.pdf,7f4c547c8579fb03e95bacde9d92aecf0bf5bfd821f3a1ac4eab9de7154fb5ba
POLB,2020,ocean_going_vessels,SOx,189.000000,short_tons,57,polb_2020_air_emissions_inventory.pdf,7f4c547c8579fb03e95bacde9d92aecf0bf5bfd821f3a1ac4eab9de7154fb5ba
POLB,2020,harbor_craft,SOx,1.000000,short_tons,57,polb_2020_air_emissions_inventory.pdf,7f4c547c8579fb03e95bacde9d92aecf0bf5bfd821f3a1ac4eab9de7154fb5ba
POLB,2020,cargo_handling_equipment,SOx,1.000000,short_tons,57,polb_2020_air_emissions_inventory.pdf,7f4c547c8579fb03e95bacde9d92aecf0bf5bfd821f3a1ac4eab9de7154fb5ba
POLB,2020,locomotives,SOx,0.000000,short_tons,57,polb_2020_air_emissions_inventory.pdf,7f4c547c8579fb03e95bacde9d92aecf0bf5bfd821f3a1ac4eab9de7154fb5ba
POLB,2020,heavy_duty_vehicles,SOx,4.000000,short_tons,57,polb_2020_air_emissions_inventory.pdf,7f4c547c8579fb03e95bacde9d92aecf0bf5bfd821f3a1ac4eab9de7154fb5ba
POLB,2020,ocean_going_vessels,CO,294.000000,short_tons,57,polb_2020_air_emissions_inventory.pdf,7f4c547c8579fb03e95bacde9d92aecf0bf5bfd821f3a1ac4eab9de7154fb5ba
POLB,2020,harbor_craft,CO,444.000000,short_tons,57,polb_2020_air_emissions_inventory.pdf,7f4c547c8579fb03e95bacde9d92aecf0bf5bfd821f3a1ac4eab9de7154fb5ba
POLB,2020,cargo_handling_equipment,CO,742.000000,short_tons,57,polb_2020_air_emissions_inventory.pdf,7f4c547c8579fb03e95bacde9d92aecf0bf5bfd821f3a1ac4eab9de7154fb5ba
POLB,2020,locomotives,CO,127.000000,short_tons,57,polb_2020_air_emissions_inventory.pdf,7f4c547c8579fb03e95bacde9d92aecf0bf5bfd821f3a1ac4eab9de7154fb5ba
POLB,2020,heavy_duty_vehicles,CO,269.000000,short_tons,57,polb_2020_air_emissions_inventory.pdf,7f4c547c8579fb03e95bacde9d92aecf0bf5bfd821f3a1ac4eab9de7154fb5ba
POLB,2020,ocean_going_vessels,HC,132.000000,short_tons,57,polb_2020_air_emissions_inventory.pdf,7f4c547c8579fb03e95bacde9d92aecf0bf5bfd821f3a1ac4eab9de7154fb5ba
POLB,2020,harbor_craft,HC,66.000000,short_tons,57,polb_2020_air_emissions_inventory.pdf,7f4c547c8579fb03e95bacde9d92aecf0bf5bfd821f3a1ac4eab9de7154fb5ba
POLB,2020,cargo_handling_equipment,HC,31.000000,short_tons,57,polb_2020_air_emissions_inventory.pdf,7f4c547c8579fb03e95bacde9d92aecf0bf5bfd821f3a1ac4eab9de7154fb5ba
POLB,2020,locomotives,HC,31.000000,short_tons,57,polb_2020_air_emissions_inventory.pdf,7f4c547c8579fb03e95bacde9d92aecf0bf5bfd821f3a1ac4eab9de7154fb5ba
POLB,2020,heavy_duty_vehicles,HC,42.000000,short_tons,57,polb_2020_air_emissions_inventory.pdf,7f4c547c8579fb03e95bacde9d92aecf0bf5bfd821f3a1ac4eab9de7154fb5ba
POLB,2020,ocean_going_vessels,CO2e,286037.000000,metric_tonnes,57,polb_2020_air_emissions_inventory.pdf,7f4c547c8579fb03e95bacde9d92aecf0bf5bfd821f3a1ac4eab9de7154fb5ba
POLB,2020,harbor_craft,CO2e,50171.000000,metric_tonnes,57,polb_2020_air_emissions_inventory.pdf,7f4c547c8579fb03e95bacde9d92aecf0bf5bfd821f3a1ac4eab9de7154fb5ba
POLB,2020,cargo_handling_equipment,CO2e,121060.000000,metric_tonnes,57,polb_2020_air_emissions_inventory.pdf,7f4c547c8579fb03e95bacde9d92aecf0bf5bfd821f3a1ac4eab9de7154fb5ba
POLB,2020,locomotives,CO2e,44453.000000,metric_tonnes,57,polb_2020_air_emissions_inventory.pdf,7f4c547c8579fb03e95bacde9d92aecf0bf5bfd821f3a1ac4eab9de7154fb5ba
POLB,2020,heavy_duty_vehicles,CO2e,386990.000000,metric_tonnes,57,polb_2020_air_emissions_inventory.pdf,7f4c547c8579fb03e95bacde9d92aecf0bf5bfd821f3a1ac4eab9de7154fb5ba
POLA,2021,ocean_going_vessels,PM10,127.000000,short_tons,87,pola_2021_air_emissions_inventory.pdf,18f9857dbc1a7b54fa270cc545db670ceee32bc80c716094654336e8230b2597
POLA,2021,harbor_craft,PM10,15.000000,short_tons,87,pola_2021_air_emissions_inventory.pdf,18f9857dbc1a7b54fa270cc545db670ceee32bc80c716094654336e8230b2597
POLA,2021,cargo_handling_equipment,PM10,6.000000,short_tons,87,pola_2021_air_emissions_inventory.pdf,18f9857dbc1a7b54fa270cc545db670ceee32bc80c716094654336e8230b2597
POLA,2021,locomotives,PM10,27.000000,short_tons,87,pola_2021_air_emissions_inventory.pdf,18f9857dbc1a7b54fa270cc545db670ceee32bc80c716094654336e8230b2597
POLA,2021,heavy_duty_vehicles,PM10,6.000000,short_tons,87,pola_2021_air_emissions_inventory.pdf,18f9857dbc1a7b54fa270cc545db670ceee32bc80c716094654336e8230b2597
POLA,2021,ocean_going_vessels,PM2.5,117.000000,short_tons,87,pola_2021_air_emissions_inventory.pdf,18f9857dbc1a7b54fa270cc545db670ceee32bc80c716094654336e8230b2597
POLA,2021,harbor_craft,PM2.5,15.000000,short_tons,87,pola_2021_air_emissions_inventory.pdf,18f9857dbc1a7b54fa270cc545db670ceee32bc80c716094654336e8230b2597
POLA,2021,cargo_handling_equipment,PM2.5,6.000000,short_tons,87,pola_2021_air_emissions_inventory.pdf,18f9857dbc1a7b54fa270cc545db670ceee32bc80c716094654336e8230b2597
POLA,2021,locomotives,PM2.5,25.000000,short_tons,87,pola_2021_air_emissions_inventory.pdf,18f9857dbc1a7b54fa270cc545db670ceee32bc80c716094654336e8230b2597
POLA,2021,heavy_duty_vehicles,PM2.5,6.000000,short_tons,87,pola_2021_air_emissions_inventory.pdf,18f9857dbc1a7b54fa270cc545db670ceee32bc80c716094654336e8230b2597
POLA,2021,ocean_going_vessels,DPM,83.000000,short_tons,87,pola_2021_air_emissions_inventory.pdf,18f9857dbc1a7b54fa270cc545db670ceee32bc80c716094654336e8230b2597
POLA,2021,harbor_craft,DPM,15.000000,short_tons,87,pola_2021_air_emissions_inventory.pdf,18f9857dbc1a7b54fa270cc545db670ceee32bc80c716094654336e8230b2597
POLA,2021,cargo_handling_equipment,DPM,5.000000,short_tons,87,pola_2021_air_emissions_inventory.pdf,18f9857dbc1a7b54fa270cc545db670ceee32bc80c716094654336e8230b2597
POLA,2021,locomotives,DPM,27.000000,short_tons,87,pola_2021_air_emissions_inventory.pdf,18f9857dbc1a7b54fa270cc545db670ceee32bc80c716094654336e8230b2597
POLA,2021,heavy_duty_vehicles,DPM,6.000000,short_tons,87,pola_2021_air_emissions_inventory.pdf,18f9857dbc1a7b54fa270cc545db670ceee32bc80c716094654336e8230b2597
POLA,2021,ocean_going_vessels,NOx,5956.000000,short_tons,87,pola_2021_air_emissions_inventory.pdf,18f9857dbc1a7b54fa270cc545db670ceee32bc80c716094654336e8230b2597
POLA,2021,harbor_craft,NOx,565.000000,short_tons,87,pola_2021_air_emissions_inventory.pdf,18f9857dbc1a7b54fa270cc545db670ceee32bc80c716094654336e8230b2597
POLA,2021,cargo_handling_equipment,NOx,414.000000,short_tons,87,pola_2021_air_emissions_inventory.pdf,18f9857dbc1a7b54fa270cc545db670ceee32bc80c716094654336e8230b2597
POLA,2021,locomotives,NOx,751.000000,short_tons,87,pola_2021_air_emissions_inventory.pdf,18f9857dbc1a7b54fa270cc545db670ceee32bc80c716094654336e8230b2597
POLA,2021,heavy_duty_vehicles,NOx,1042.000000,short_tons,87,pola_2021_air_emissions_inventory.pdf,18f9857dbc1a7b54fa270cc545db670ceee32bc80c716094654336e8230b2597
POLA,2021,ocean_going_vessels,SOx,248.000000,short_tons,87,pola_2021_air_emissions_inventory.pdf,18f9857dbc1a7b54fa270cc545db670ceee32bc80c716094654336e8230b2597
POLA,2021,harbor_craft,SOx,1.000000,short_tons,87,pola_2021_air_emissions_inventory.pdf,18f9857dbc1a7b54fa270cc545db670ceee32bc80c716094654336e8230b2597
POLA,2021,cargo_handling_equipment,SOx,2.000000,short_tons,87,pola_2021_air_emissions_inventory.pdf,18f9857dbc1a7b54fa270cc545db670ceee32bc80c716094654336e8230b2597
POLA,2021,locomotives,SOx,1.000000,short_tons,87,pola_2021_air_emissions_inventory.pdf,18f9857dbc1a7b54fa270cc545db670ceee32bc80c716094654336e8230b2597
POLA,2021,heavy_duty_vehicles,SOx,4.000000,short_tons,87,pola_2021_air_emissions_inventory.pdf,18f9857dbc1a7b54fa270cc545db670ceee32bc80c716094654336e8230b2597
POLA,2021,ocean_going_vessels,CO,605.000000,short_tons,87,pola_2021_air_emissions_inventory.pdf,18f9857dbc1a7b54fa270cc545db670ceee32bc80c716094654336e8230b2597
POLA,2021,harbor_craft,CO,112.000000,short_tons,87,pola_2021_air_emissions_inventory.pdf,18f9857dbc1a7b54fa270cc545db670ceee32bc80c716094654336e8230b2597
POLA,2021,cargo_handling_equipment,CO,780.000000,short_tons,87,pola_2021_air_emissions_inventory.pdf,18f9857dbc1a7b54fa270cc545db670ceee32bc80c716094654336e8230b2597
POLA,2021,locomotives,CO,187.000000,short_tons,87,pola_2021_air_emissions_inventory.pdf,18f9857dbc1a7b54fa270cc545db670ceee32bc80c716094654336e8230b2597
POLA,2021,heavy_duty_vehicles,CO,356.000000,short_tons,87,pola_2021_air_emissions_inventory.pdf,18f9857dbc1a7b54fa270cc545db670ceee32bc80c716094654336e8230b2597
POLA,2021,ocean_going_vessels,HC,255.000000,short_tons,87,pola_2021_air_emissions_inventory.pdf,18f9857dbc1a7b54fa270cc545db670ceee32bc80c716094654336e8230b2597
POLA,2021,harbor_craft,HC,29.000000,short_tons,87,pola_2021_air_emissions_inventory.pdf,18f9857dbc1a7b54fa270cc545db670ceee32bc80c716094654336e8230b2597
POLA,2021,cargo_handling_equipment,HC,86.000000,short_tons,87,pola_2021_air_emissions_inventory.pdf,18f9857dbc1a7b54fa270cc545db670ceee32bc80c716094654336e8230b2597
POLA,2021,locomotives,HC,42.000000,short_tons,87,pola_2021_air_emissions_inventory.pdf,18f9857dbc1a7b54fa270cc545db670ceee32bc80c716094654336e8230b2597
POLA,2021,heavy_duty_vehicles,HC,52.000000,short_tons,87,pola_2021_air_emissions_inventory.pdf,18f9857dbc1a7b54fa270cc545db670ceee32bc80c716094654336e8230b2597
POLA,2021,ocean_going_vessels,CO2e,504842.000000,metric_tonnes,87,pola_2021_air_emissions_inventory.pdf,18f9857dbc1a7b54fa270cc545db670ceee32bc80c716094654336e8230b2597
POLA,2021,harbor_craft,CO2e,53521.000000,metric_tonnes,87,pola_2021_air_emissions_inventory.pdf,18f9857dbc1a7b54fa270cc545db670ceee32bc80c716094654336e8230b2597
POLA,2021,cargo_handling_equipment,CO2e,184837.000000,metric_tonnes,87,pola_2021_air_emissions_inventory.pdf,18f9857dbc1a7b54fa270cc545db670ceee32bc80c716094654336e8230b2597
POLA,2021,locomotives,CO2e,65216.000000,metric_tonnes,87,pola_2021_air_emissions_inventory.pdf,18f9857dbc1a7b54fa270cc545db670ceee32bc80c716094654336e8230b2597
POLA,2021,heavy_duty_vehicles,CO2e,444814.000000,metric_tonnes,87,pola_2021_air_emissions_inventory.pdf,18f9857dbc1a7b54fa270cc545db670ceee32bc80c716094654336e8230b2597
POLB,2021,ocean_going_vessels,PM10,133.000000,short_tons,69,polb_2021_air_emissions_inventory.pdf,1eee08a5ba294b6dcdbfa0770cb408bee1722556281881d3600d407d0d3d2d0a
POLB,2021,harbor_craft,PM10,9.000000,short_tons,69,polb_2021_air_emissions_inventory.pdf,1eee08a5ba294b6dcdbfa0770cb408bee1722556281881d3600d407d0d3d2d0a
POLB,2021,cargo_handling_equipment,PM10,6.000000,short_tons,69,polb_2021_air_emissions_inventory.pdf,1eee08a5ba294b6dcdbfa0770cb408bee1722556281881d3600d407d0d3d2d0a
POLB,2021,locomotives,PM10,20.000000,short_tons,69,polb_2021_air_emissions_inventory.pdf,1eee08a5ba294b6dcdbfa0770cb408bee1722556281881d3600d407d0d3d2d0a
POLB,2021,heavy_duty_vehicles,PM10,6.000000,short_tons,69,polb_2021_air_emissions_inventory.pdf,1eee08a5ba294b6dcdbfa0770cb408bee1722556281881d3600d407d0d3d2d0a
POLB,2021,ocean_going_vessels,PM2.5,122.000000,short_tons,69,polb_2021_air_emissions_inventory.pdf,1eee08a5ba294b6dcdbfa0770cb408bee1722556281881d3600d407d0d3d2d0a
POLB,2021,harbor_craft,PM2.5,9.000000,short_tons,69,polb_2021_air_emissions_inventory.pdf,1eee08a5ba294b6dcdbfa0770cb408bee1722556281881d3600d407d0d3d2d0a
POLB,2021,cargo_handling_equipment,PM2.5,5.000000,short_tons,69,polb_2021_air_emissions_inventory.pdf,1eee08a5ba294b6dcdbfa0770cb408bee1722556281881d3600d407d0d3d2d0a
POLB,2021,locomotives,PM2.5,19.000000,short_tons,69,polb_2021_air_emissions_inventory.pdf,1eee08a5ba294b6dcdbfa0770cb408bee1722556281881d3600d407d0d3d2d0a
POLB,2021,heavy_duty_vehicles,PM2.5,5.000000,short_tons,69,polb_2021_air_emissions_inventory.pdf,1eee08a5ba294b6dcdbfa0770cb408bee1722556281881d3600d407d0d3d2d0a
POLB,2021,ocean_going_vessels,DPM,72.000000,short_tons,69,polb_2021_air_emissions_inventory.pdf,1eee08a5ba294b6dcdbfa0770cb408bee1722556281881d3600d407d0d3d2d0a
POLB,2021,harbor_craft,DPM,9.000000,short_tons,69,polb_2021_air_emissions_inventory.pdf,1eee08a5ba294b6dcdbfa0770cb408bee1722556281881d3600d407d0d3d2d0a
POLB,2021,cargo_handling_equipment,DPM,4.000000,short_tons,69,polb_2021_air_emissions_inventory.pdf,1eee08a5ba294b6dcdbfa0770cb408bee1722556281881d3600d407d0d3d2d0a
POLB,2021,locomotives,DPM,20.000000,short_tons,69,polb_2021_air_emissions_inventory.pdf,1eee08a5ba294b6dcdbfa0770cb408bee1722556281881d3600d407d0d3d2d0a
POLB,2021,heavy_duty_vehicles,DPM,6.000000,short_tons,69,polb_2021_air_emissions_inventory.pdf,1eee08a5ba294b6dcdbfa0770cb408bee1722556281881d3600d407d0d3d2d0a
POLB,2021,ocean_going_vessels,NOx,5587.000000,short_tons,69,polb_2021_air_emissions_inventory.pdf,1eee08a5ba294b6dcdbfa0770cb408bee1722556281881d3600d407d0d3d2d0a
POLB,2021,harbor_craft,NOx,383.000000,short_tons,69,polb_2021_air_emissions_inventory.pdf,1eee08a5ba294b6dcdbfa0770cb408bee1722556281881d3600d407d0d3d2d0a
POLB,2021,cargo_handling_equipment,NOx,284.000000,short_tons,69,polb_2021_air_emissions_inventory.pdf,1eee08a5ba294b6dcdbfa0770cb408bee1722556281881d3600d407d0d3d2d0a
POLB,2021,locomotives,NOx,556.000000,short_tons,69,polb_2021_air_emissions_inventory.pdf,1eee08a5ba294b6dcdbfa0770cb408bee1722556281881d3600d407d0d3d2d0a
POLB,2021,heavy_duty_vehicles,NOx,951.000000,short_tons,69,polb_2021_air_emissions_inventory.pdf,1eee08a5ba294b6dcdbfa0770cb408bee1722556281881d3600d407d0d3d2d0a
POLB,2021,ocean_going_vessels,SOx,270.000000,short_tons,69,polb_2021_air_emissions_inventory.pdf,1eee08a5ba294b6dcdbfa0770cb408bee1722556281881d3600d407d0d3d2d0a
POLB,2021,harbor_craft,SOx,0.000000,short_tons,69,polb_2021_air_emissions_inventory.pdf,1eee08a5ba294b6dcdbfa0770cb408bee1722556281881d3600d407d0d3d2d0a
POLB,2021,cargo_handling_equipment,SOx,2.000000,short_tons,69,polb_2021_air_emissions_inventory.pdf,1eee08a5ba294b6dcdbfa0770cb408bee1722556281881d3600d407d0d3d2d0a
POLB,2021,locomotives,SOx,1.000000,short_tons,69,polb_2021_air_emissions_inventory.pdf,1eee08a5ba294b6dcdbfa0770cb408bee1722556281881d3600d407d0d3d2d0a
POLB,2021,heavy_duty_vehicles,SOx,4.000000,short_tons,69,polb_2021_air_emissions_inventory.pdf,1eee08a5ba294b6dcdbfa0770cb408bee1722556281881d3600d407d0d3d2d0a
POLB,2021,ocean_going_vessels,CO,527.000000,short_tons,69,polb_2021_air_emissions_inventory.pdf,1eee08a5ba294b6dcdbfa0770cb408bee1722556281881d3600d407d0d3d2d0a
POLB,2021,harbor_craft,CO,70.000000,short_tons,69,polb_2021_air_emissions_inventory.pdf,1eee08a5ba294b6dcdbfa0770cb408bee1722556281881d3600d407d0d3d2d0a
POLB,2021,cargo_handling_equipment,CO,1128.000000,short_tons,69,polb_2021_air_emissions_inventory.pdf,1eee08a5ba294b6dcdbfa0770cb408bee1722556281881d3600d407d0d3d2d0a
POLB,2021,locomotives,CO,137.000000,short_tons,69,polb_2021_air_emissions_inventory.pdf,1eee08a5ba294b6dcdbfa0770cb408bee1722556281881d3600d407d0d3d2d0a
POLB,2021,heavy_duty_vehicles,CO,307.000000,short_tons,69,polb_2021_air_emissions_inventory.pdf,1eee08a5ba294b6dcdbfa0770cb408bee1722556281881d3600d407d0d3d2d0a
POLB,2021,ocean_going_vessels,HC,217.000000,short_tons,69,polb_2021_air_emissions_inventory.pdf,1eee08a5ba294b6dcdbfa0770cb408bee1722556281881d3600d407d0d3d2d0a
POLB,2021,harbor_craft,HC,14.000000,short_tons,69,polb_2021_air_emissions_inventory.pdf,1eee08a5ba294b6dcdbfa0770cb408bee1722556281881d3600d407d0d3d2d0a
POLB,2021,cargo_handling_equipment,HC,35.000000,short_tons,69,polb_2021_air_emissions_inventory.pdf,1eee08a5ba294b6dcdbfa0770cb408bee1722556281881d3600d407d0d3d2d0a
POLB,2021,locomotives,HC,31.000000,short_tons,69,polb_2021_air_emissions_inventory.pdf,1eee08a5ba294b6dcdbfa0770cb408bee1722556281881d3600d407d0d3d2d0a
POLB,2021,heavy_duty_vehicles,HC,46.000000,short_tons,69,polb_2021_air_emissions_inventory.pdf,1eee08a5ba294b6dcdbfa0770cb408bee1722556281881d3600d407d0d3d2d0a
POLB,2021,ocean_going_vessels,CO2e,551049.000000,metric_tonnes,69,polb_2021_air_emissions_inventory.pdf,1eee08a5ba294b6dcdbfa0770cb408bee1722556281881d3600d407d0d3d2d0a
POLB,2021,harbor_craft,CO2e,37500.000000,metric_tonnes,69,polb_2021_air_emissions_inventory.pdf,1eee08a5ba294b6dcdbfa0770cb408bee1722556281881d3600d407d0d3d2d0a
POLB,2021,cargo_handling_equipment,CO2e,142802.000000,metric_tonnes,69,polb_2021_air_emissions_inventory.pdf,1eee08a5ba294b6dcdbfa0770cb408bee1722556281881d3600d407d0d3d2d0a
POLB,2021,locomotives,CO2e,47684.000000,metric_tonnes,69,polb_2021_air_emissions_inventory.pdf,1eee08a5ba294b6dcdbfa0770cb408bee1722556281881d3600d407d0d3d2d0a
POLB,2021,heavy_duty_vehicles,CO2e,409849.000000,metric_tonnes,69,polb_2021_air_emissions_inventory.pdf,1eee08a5ba294b6dcdbfa0770cb408bee1722556281881d3600d407d0d3d2d0a
POLA,2022,ocean_going_vessels,PM10,66.000000,short_tons,81,pola_2022_air_emissions_inventory.pdf,253c3befde12ed8c20c8b906bfc52f8f9cce8cc28a93e43aab4968083c3d2b1d
POLA,2022,harbor_craft,PM10,13.000000,short_tons,81,pola_2022_air_emissions_inventory.pdf,253c3befde12ed8c20c8b906bfc52f8f9cce8cc28a93e43aab4968083c3d2b1d
POLA,2022,cargo_handling_equipment,PM10,12.000000,short_tons,81,pola_2022_air_emissions_inventory.pdf,253c3befde12ed8c20c8b906bfc52f8f9cce8cc28a93e43aab4968083c3d2b1d
POLA,2022,locomotives,PM10,26.000000,short_tons,81,pola_2022_air_emissions_inventory.pdf,253c3befde12ed8c20c8b906bfc52f8f9cce8cc28a93e43aab4968083c3d2b1d
POLA,2022,heavy_duty_vehicles,PM10,5.000000,short_tons,81,pola_2022_air_emissions_inventory.pdf,253c3befde12ed8c20c8b906bfc52f8f9cce8cc28a93e43aab4968083c3d2b1d
POLA,2022,ocean_going_vessels,PM2.5,60.000000,short_tons,81,pola_2022_air_emissions_inventory.pdf,253c3befde12ed8c20c8b906bfc52f8f9cce8cc28a93e43aab4968083c3d2b1d
POLA,2022,harbor_craft,PM2.5,13.000000,short_tons,81,pola_2022_air_emissions_inventory.pdf,253c3befde12ed8c20c8b906bfc52f8f9cce8cc28a93e43aab4968083c3d2b1d
POLA,2022,cargo_handling_equipment,PM2.5,11.000000,short_tons,81,pola_2022_air_emissions_inventory.pdf,253c3befde12ed8c20c8b906bfc52f8f9cce8cc28a93e43aab4968083c3d2b1d
POLA,2022,locomotives,PM2.5,24.000000,short_tons,81,pola_2022_air_emissions_inventory.pdf,253c3befde12ed8c20c8b906bfc52f8f9cce8cc28a93e43aab4968083c3d2b1d
POLA,2022,heavy_duty_vehicles,PM2.5,5.000000,short_tons,81,pola_2022_air_emissions_inventory.pdf,253c3befde12ed8c20c8b906bfc52f8f9cce8cc28a93e43aab4968083c3d2b1d
POLA,2022,ocean_going_vessels,DPM,43.000000,short_tons,81,pola_2022_air_emissions_inventory.pdf,253c3befde12ed8c20c8b906bfc52f8f9cce8cc28a93e43aab4968083c3d2b1d
POLA,2022,harbor_craft,DPM,13.000000,short_tons,81,pola_2022_air_emissions_inventory.pdf,253c3befde12ed8c20c8b906bfc52f8f9cce8cc28a93e43aab4968083c3d2b1d
POLA,2022,cargo_handling_equipment,DPM,11.000000,short_tons,81,pola_2022_air_emissions_inventory.pdf,253c3befde12ed8c20c8b906bfc52f8f9cce8cc28a93e43aab4968083c3d2b1d
POLA,2022,locomotives,DPM,26.000000,short_tons,81,pola_2022_air_emissions_inventory.pdf,253c3befde12ed8c20c8b906bfc52f8f9cce8cc28a93e43aab4968083c3d2b1d
POLA,2022,heavy_duty_vehicles,DPM,5.000000,short_tons,81,pola_2022_air_emissions_inventory.pdf,253c3befde12ed8c20c8b906bfc52f8f9cce8cc28a93e43aab4968083c3d2b1d
POLA,2022,ocean_going_vessels,NOx,3369.000000,short_tons,81,pola_2022_air_emissions_inventory.pdf,253c3befde12ed8c20c8b906bfc52f8f9cce8cc28a93e43aab4968083c3d2b1d
POLA,2022,harbor_craft,NOx,498.000000,short_tons,81,pola_2022_air_emissions_inventory.pdf,253c3befde12ed8c20c8b906bfc52f8f9cce8cc28a93e43aab4968083c3d2b1d
POLA,2022,cargo_handling_equipment,NOx,425.000000,short_tons,81,pola_2022_air_emissions_inventory.pdf,253c3befde12ed8c20c8b906bfc52f8f9cce8cc28a93e43aab4968083c3d2b1d
POLA,2022,locomotives,NOx,717.000000,short_tons,81,pola_2022_air_emissions_inventory.pdf,253c3befde12ed8c20c8b906bfc52f8f9cce8cc28a93e43aab4968083c3d2b1d
POLA,2022,heavy_duty_vehicles,NOx,756.000000,short_tons,81,pola_2022_air_emissions_inventory.pdf,253c3befde12ed8c20c8b906bfc52f8f9cce8cc28a93e43aab4968083c3d2b1d
POLA,2022,ocean_going_vessels,SOx,129.000000,short_tons,81,pola_2022_air_emissions_inventory.pdf,253c3befde12ed8c20c8b906bfc52f8f9cce8cc28a93e43aab4968083c3d2b1d
POLA,2022,harbor_craft,SOx,0.000000,short_tons,81,pola_2022_air_emissions_inventory.pdf,253c3befde12ed8c20c8b906bfc52f8f9cce8cc28a93e43aab4968083c3d2b1d
POLA,2022,cargo_handling_equipment,SOx,2.000000,short_tons,81,pola_2022_air_emissions_inventory.pdf,253c3befde12ed8c20c8b906bfc52f8f9cce8cc28a93e43aab4968083c3d2b1d
POLA,2022,locomotives,SOx,1.000000,short_tons,81,pola_2022_air_emissions_inventory.pdf,253c3befde12ed8c20c8b906bfc52f8f9cce8cc28a93e43aab4968083c3d2b1d
POLA,2022,heavy_duty_vehicles,SOx,4.000000,short_tons,81,pola_2022_air_emissions_inventory.pdf,253c3befde12ed8c20c8b906bfc52f8f9cce8cc28a93e43aab4968083c3d2b1d
POLA,2022,ocean_going_vessels,CO,360.000000,short_tons,81,pola_2022_air_emissions_inventory.pdf,253c3befde12ed8c20c8b906bfc52f8f9cce8cc28a93e43aab4968083c3d2b1d
POLA,2022,harbor_craft,CO,100.000000,short_tons,81,pola_2022_air_emissions_inventory.pdf,253c3befde12ed8c20c8b906bfc52f8f9cce8cc28a93e43aab4968083c3d2b1d
POLA,2022,cargo_handling_equipment,CO,672.000000,short_tons,81,pola_2022_air_emissions_inventory.pdf,253c3befde12ed8c20c8b906bfc52f8f9cce8cc28a93e43aab4968083c3d2b1d
POLA,2022,locomotives,CO,175.000000,short_tons,81,pola_2022_air_emissions_inventory.pdf,253c3befde12ed8c20c8b906bfc52f8f9cce8cc28a93e43aab4968083c3d2b1d
POLA,2022,heavy_duty_vehicles,CO,355.000000,short_tons,81,pola_2022_air_emissions_inventory.pdf,253c3befde12ed8c20c8b906bfc52f8f9cce8cc28a93e43aab4968083c3d2b1d
POLA,2022,ocean_going_vessels,HC,143.000000,short_tons,81,pola_2022_air_emissions_inventory.pdf,253c3befde12ed8c20c8b906bfc52f8f9cce8cc28a93e43aab4968083c3d2b1d
POLA,2022,harbor_craft,HC,25.000000,short_tons,81,pola_2022_air_emissions_inventory.pdf,253c3befde12ed8c20c8b906bfc52f8f9cce8cc28a93e43aab4968083c3d2b1d
POLA,2022,cargo_handling_equipment,HC,88.000000,short_tons,81,pola_2022_air_emissions_inventory.pdf,253c3befde12ed8c20c8b906bfc52f8f9cce8cc28a93e43aab4968083c3d2b1d
POLA,2022,locomotives,HC,41.000000,short_tons,81,pola_2022_air_emissions_inventory.pdf,253c3befde12ed8c20c8b906bfc52f8f9cce8cc28a93e43aab4968083c3d2b1d
POLA,2022,heavy_duty_vehicles,HC,44.000000,short_tons,81,pola_2022_air_emissions_inventory.pdf,253c3befde12ed8c20c8b906bfc52f8f9cce8cc28a93e43aab4968083c3d2b1d
POLA,2022,ocean_going_vessels,CO2e,271236.000000,metric_tonnes,81,pola_2022_air_emissions_inventory.pdf,253c3befde12ed8c20c8b906bfc52f8f9cce8cc28a93e43aab4968083c3d2b1d
POLA,2022,harbor_craft,CO2e,50811.000000,metric_tonnes,81,pola_2022_air_emissions_inventory.pdf,253c3befde12ed8c20c8b906bfc52f8f9cce8cc28a93e43aab4968083c3d2b1d
POLA,2022,cargo_handling_equipment,CO2e,170634.000000,metric_tonnes,81,pola_2022_air_emissions_inventory.pdf,253c3befde12ed8c20c8b906bfc52f8f9cce8cc28a93e43aab4968083c3d2b1d
POLA,2022,locomotives,CO2e,61145.000000,metric_tonnes,81,pola_2022_air_emissions_inventory.pdf,253c3befde12ed8c20c8b906bfc52f8f9cce8cc28a93e43aab4968083c3d2b1d
POLA,2022,heavy_duty_vehicles,CO2e,420243.000000,metric_tonnes,81,pola_2022_air_emissions_inventory.pdf,253c3befde12ed8c20c8b906bfc52f8f9cce8cc28a93e43aab4968083c3d2b1d
POLB,2022,ocean_going_vessels,PM10,85.000000,short_tons,65,polb_2022_air_emissions_inventory.pdf,01282ed3b0d057b6cd1674072b6eaaa2b8152b5e21747c0412fff32c4078fa7e
POLB,2022,harbor_craft,PM10,7.000000,short_tons,65,polb_2022_air_emissions_inventory.pdf,01282ed3b0d057b6cd1674072b6eaaa2b8152b5e21747c0412fff32c4078fa7e
POLB,2022,cargo_handling_equipment,PM10,10.000000,short_tons,65,polb_2022_air_emissions_inventory.pdf,01282ed3b0d057b6cd1674072b6eaaa2b8152b5e21747c0412fff32c4078fa7e
POLB,2022,locomotives,PM10,19.000000,short_tons,65,polb_2022_air_emissions_inventory.pdf,01282ed3b0d057b6cd1674072b6eaaa2b8152b5e21747c0412fff32c4078fa7e
POLB,2022,heavy_duty_vehicles,PM10,5.000000,short_tons,65,polb_2022_air_emissions_inventory.pdf,01282ed3b0d057b6cd1674072b6eaaa2b8152b5e21747c0412fff32c4078fa7e
POLB,2022,ocean_going_vessels,PM2.5,78.000000,short_tons,65,polb_2022_air_emissions_inventory.pdf,01282ed3b0d057b6cd1674072b6eaaa2b8152b5e21747c0412fff32c4078fa7e
POLB,2022,harbor_craft,PM2.5,6.000000,short_tons,65,polb_2022_air_emissions_inventory.pdf,01282ed3b0d057b6cd1674072b6eaaa2b8152b5e21747c0412fff32c4078fa7e
POLB,2022,cargo_handling_equipment,PM2.5,9.000000,short_tons,65,polb_2022_air_emissions_inventory.pdf,01282ed3b0d057b6cd1674072b6eaaa2b8152b5e21747c0412fff32c4078fa7e
POLB,2022,locomotives,PM2.5,17.000000,short_tons,65,polb_2022_air_emissions_inventory.pdf,01282ed3b0d057b6cd1674072b6eaaa2b8152b5e21747c0412fff32c4078fa7e
POLB,2022,heavy_duty_vehicles,PM2.5,5.000000,short_tons,65,polb_2022_air_emissions_inventory.pdf,01282ed3b0d057b6cd1674072b6eaaa2b8152b5e21747c0412fff32c4078fa7e
POLB,2022,ocean_going_vessels,DPM,45.000000,short_tons,65,polb_2022_air_emissions_inventory.pdf,01282ed3b0d057b6cd1674072b6eaaa2b8152b5e21747c0412fff32c4078fa7e
POLB,2022,harbor_craft,DPM,7.000000,short_tons,65,polb_2022_air_emissions_inventory.pdf,01282ed3b0d057b6cd1674072b6eaaa2b8152b5e21747c0412fff32c4078fa7e
POLB,2022,cargo_handling_equipment,DPM,8.000000,short_tons,65,polb_2022_air_emissions_inventory.pdf,01282ed3b0d057b6cd1674072b6eaaa2b8152b5e21747c0412fff32c4078fa7e
POLB,2022,locomotives,DPM,19.000000,short_tons,65,polb_2022_air_emissions_inventory.pdf,01282ed3b0d057b6cd1674072b6eaaa2b8152b5e21747c0412fff32c4078fa7e
POLB,2022,heavy_duty_vehicles,DPM,5.000000,short_tons,65,polb_2022_air_emissions_inventory.pdf,01282ed3b0d057b6cd1674072b6eaaa2b8152b5e21747c0412fff32c4078fa7e
POLB,2022,ocean_going_vessels,NOx,3738.000000,short_tons,65,polb_2022_air_emissions_inventory.pdf,01282ed3b0d057b6cd1674072b6eaaa2b8152b5e21747c0412fff32c4078fa7e
POLB,2022,harbor_craft,NOx,317.000000,short_tons,65,polb_2022_air_emissions_inventory.pdf,01282ed3b0d057b6cd1674072b6eaaa2b8152b5e21747c0412fff32c4078fa7e
POLB,2022,cargo_handling_equipment,NOx,248.000000,short_tons,65,polb_2022_air_emissions_inventory.pdf,01282ed3b0d057b6cd1674072b6eaaa2b8152b5e21747c0412fff32c4078fa7e
POLB,2022,locomotives,NOx,508.000000,short_tons,65,polb_2022_air_emissions_inventory.pdf,01282ed3b0d057b6cd1674072b6eaaa2b8152b5e21747c0412fff32c4078fa7e
POLB,2022,heavy_duty_vehicles,NOx,725.000000,short_tons,65,polb_2022_air_emissions_inventory.pdf,01282ed3b0d057b6cd1674072b6eaaa2b8152b5e21747c0412fff32c4078fa7e
POLB,2022,ocean_going_vessels,SOx,185.000000,short_tons,65,polb_2022_air_emissions_inventory.pdf,01282ed3b0d057b6cd1674072b6eaaa2b8152b5e21747c0412fff32c4078fa7e
POLB,2022,harbor_craft,SOx,0.000000,short_tons,65,polb_2022_air_emissions_inventory.pdf,01282ed3b0d057b6cd1674072b6eaaa2b8152b5e21747c0412fff32c4078fa7e
POLB,2022,cargo_handling_equipment,SOx,2.000000,short_tons,65,polb_2022_air_emissions_inventory.pdf,01282ed3b0d057b6cd1674072b6eaaa2b8152b5e21747c0412fff32c4078fa7e
POLB,2022,locomotives,SOx,0.000000,short_tons,65,polb_2022_air_emissions_inventory.pdf,01282ed3b0d057b6cd1674072b6eaaa2b8152b5e21747c0412fff32c4078fa7e
POLB,2022,heavy_duty_vehicles,SOx,4.000000,short_tons,65,polb_2022_air_emissions_inventory.pdf,01282ed3b0d057b6cd1674072b6eaaa2b8152b5e21747c0412fff32c4078fa7e
POLB,2022,ocean_going_vessels,CO,345.000000,short_tons,65,polb_2022_air_emissions_inventory.pdf,01282ed3b0d057b6cd1674072b6eaaa2b8152b5e21747c0412fff32c4078fa7e
POLB,2022,harbor_craft,CO,61.000000,short_tons,65,polb_2022_air_emissions_inventory.pdf,01282ed3b0d057b6cd1674072b6eaaa2b8152b5e21747c0412fff32c4078fa7e
POLB,2022,cargo_handling_equipment,CO,1151.000000,short_tons,65,polb_2022_air_emissions_inventory.pdf,01282ed3b0d057b6cd1674072b6eaaa2b8152b5e21747c0412fff32c4078fa7e
POLB,2022,locomotives,CO,123.000000,short_tons,65,polb_2022_air_emissions_inventory.pdf,01282ed3b0d057b6cd1674072b6eaaa2b8152b5e21747c0412fff32c4078fa7e
POLB,2022,heavy_duty_vehicles,CO,323.000000,short_tons,65,polb_2022_air_emissions_inventory.pdf,01282ed3b0d057b6cd1674072b6eaaa2b8152b5e21747c0412fff32c4078fa7e
POLB,2022,ocean_going_vessels,HC,146.000000,short_tons,65,polb_2022_air_emissions_inventory.pdf,01282ed3b0d057b6cd1674072b6eaaa2b8152b5e21747c0412fff32c4078fa7e
POLB,2022,harbor_craft,HC,13.000000,short_tons,65,polb_2022_air_emissions_inventory.pdf,01282ed3b0d057b6cd1674072b6eaaa2b8152b5e21747c0412fff32c4078fa7e
POLB,2022,cargo_handling_equipment,HC,40.000000,short_tons,65,polb_2022_air_emissions_inventory.pdf,01282ed3b0d057b6cd1674072b6eaaa2b8152b5e21747c0412fff32c4078fa7e
POLB,2022,locomotives,HC,29.000000,short_tons,65,polb_2022_air_emissions_inventory.pdf,01282ed3b0d057b6cd1674072b6eaaa2b8152b5e21747c0412fff32c4078fa7e
POLB,2022,heavy_duty_vehicles,HC,40.000000,short_tons,65,polb_2022_air_emissions_inventory.pdf,01282ed3b0d057b6cd1674072b6eaaa2b8152b5e21747c0412fff32c4078fa7e
POLB,2022,ocean_going_vessels,CO2e,349871.000000,metric_tonnes,65,polb_2022_air_emissions_inventory.pdf,01282ed3b0d057b6cd1674072b6eaaa2b8152b5e21747c0412fff32c4078fa7e
POLB,2022,harbor_craft,CO2e,34671.000000,metric_tonnes,65,polb_2022_air_emissions_inventory.pdf,01282ed3b0d057b6cd1674072b6eaaa2b8152b5e21747c0412fff32c4078fa7e
POLB,2022,cargo_handling_equipment,CO2e,133039.000000,metric_tonnes,65,polb_2022_air_emissions_inventory.pdf,01282ed3b0d057b6cd1674072b6eaaa2b8152b5e21747c0412fff32c4078fa7e
POLB,2022,locomotives,CO2e,42886.000000,metric_tonnes,65,polb_2022_air_emissions_inventory.pdf,01282ed3b0d057b6cd1674072b6eaaa2b8152b5e21747c0412fff32c4078fa7e
POLB,2022,heavy_duty_vehicles,CO2e,406301.000000,metric_tonnes,65,polb_2022_air_emissions_inventory.pdf,01282ed3b0d057b6cd1674072b6eaaa2b8152b5e21747c0412fff32c4078fa7e
POLA,2023,ocean_going_vessels,PM10,41.000000,short_tons,85,pola_2023_air_emissions_inventory.pdf,3bd0c855d4d55fc9572da8d6fb3224cb468493445e1cfb7a531899a1346651de
POLA,2023,harbor_craft,PM10,11.000000,short_tons,85,pola_2023_air_emissions_inventory.pdf,3bd0c855d4d55fc9572da8d6fb3224cb468493445e1cfb7a531899a1346651de
POLA,2023,cargo_handling_equipment,PM10,10.000000,short_tons,85,pola_2023_air_emissions_inventory.pdf,3bd0c855d4d55fc9572da8d6fb3224cb468493445e1cfb7a531899a1346651de
POLA,2023,locomotives,PM10,24.000000,short_tons,85,pola_2023_air_emissions_inventory.pdf,3bd0c855d4d55fc9572da8d6fb3224cb468493445e1cfb7a531899a1346651de
POLA,2023,heavy_duty_vehicles,PM10,3.000000,short_tons,85,pola_2023_air_emissions_inventory.pdf,3bd0c855d4d55fc9572da8d6fb3224cb468493445e1cfb7a531899a1346651de
POLA,2023,ocean_going_vessels,PM2.5,38.000000,short_tons,85,pola_2023_air_emissions_inventory.pdf,3bd0c855d4d55fc9572da8d6fb3224cb468493445e1cfb7a531899a1346651de
POLA,2023,harbor_craft,PM2.5,10.000000,short_tons,85,pola_2023_air_emissions_inventory.pdf,3bd0c855d4d55fc9572da8d6fb3224cb468493445e1cfb7a531899a1346651de
POLA,2023,cargo_handling_equipment,PM2.5,9.000000,short_tons,85,pola_2023_air_emissions_inventory.pdf,3bd0c855d4d55fc9572da8d6fb3224cb468493445e1cfb7a531899a1346651de
POLA,2023,locomotives,PM2.5,23.000000,short_tons,85,pola_2023_air_emissions_inventory.pdf,3bd0c855d4d55fc9572da8d6fb3224cb468493445e1cfb7a531899a1346651de
POLA,2023,heavy_duty_vehicles,PM2.5,3.000000,short_tons,85,pola_2023_air_emissions_inventory.pdf,3bd0c855d4d55fc9572da8d6fb3224cb468493445e1cfb7a531899a1346651de
POLA,2023,ocean_going_vessels,DPM,27.000000,short_tons,85,pola_2023_air_emissions_inventory.pdf,3bd0c855d4d55fc9572da8d6fb3224cb468493445e1cfb7a531899a1346651de
POLA,2023,harbor_craft,DPM,11.000000,short_tons,85,pola_2023_air_emissions_inventory.pdf,3bd0c855d4d55fc9572da8d6fb3224cb468493445e1cfb7a531899a1346651de
POLA,2023,cargo_handling_equipment,DPM,9.000000,short_tons,85,pola_2023_air_emissions_inventory.pdf,3bd0c855d4d55fc9572da8d6fb3224cb468493445e1cfb7a531899a1346651de
POLA,2023,locomotives,DPM,24.000000,short_tons,85,pola_2023_air_emissions_inventory.pdf,3bd0c855d4d55fc9572da8d6fb3224cb468493445e1cfb7a531899a1346651de
POLA,2023,heavy_duty_vehicles,DPM,3.000000,short_tons,85,pola_2023_air_emissions_inventory.pdf,3bd0c855d4d55fc9572da8d6fb3224cb468493445e1cfb7a531899a1346651de
POLA,2023,ocean_going_vessels,NOx,2258.000000,short_tons,85,pola_2023_air_emissions_inventory.pdf,3bd0c855d4d55fc9572da8d6fb3224cb468493445e1cfb7a531899a1346651de
POLA,2023,harbor_craft,NOx,482.000000,short_tons,85,pola_2023_air_emissions_inventory.pdf,3bd0c855d4d55fc9572da8d6fb3224cb468493445e1cfb7a531899a1346651de
POLA,2023,cargo_handling_equipment,NOx,329.000000,short_tons,85,pola_2023_air_emissions_inventory.pdf,3bd0c855d4d55fc9572da8d6fb3224cb468493445e1cfb7a531899a1346651de
POLA,2023,locomotives,NOx,659.000000,short_tons,85,pola_2023_air_emissions_inventory.pdf,3bd0c855d4d55fc9572da8d6fb3224cb468493445e1cfb7a531899a1346651de
POLA,2023,heavy_duty_vehicles,NOx,350.000000,short_tons,85,pola_2023_air_emissions_inventory.pdf,3bd0c855d4d55fc9572da8d6fb3224cb468493445e1cfb7a531899a1346651de
POLA,2023,ocean_going_vessels,SOx,76.000000,short_tons,85,pola_2023_air_emissions_inventory.pdf,3bd0c855d4d55fc9572da8d6fb3224cb468493445e1cfb7a531899a1346651de
POLA,2023,harbor_craft,SOx,1.000000,short_tons,85,pola_2023_air_emissions_inventory.pdf,3bd0c855d4d55fc9572da8d6fb3224cb468493445e1cfb7a531899a1346651de
POLA,2023,cargo_handling_equipment,SOx,2.000000,short_tons,85,pola_2023_air_emissions_inventory.pdf,3bd0c855d4d55fc9572da8d6fb3224cb468493445e1cfb7a531899a1346651de
POLA,2023,locomotives,SOx,1.000000,short_tons,85,pola_2023_air_emissions_inventory.pdf,3bd0c855d4d55fc9572da8d6fb3224cb468493445e1cfb7a531899a1346651de
POLA,2023,heavy_duty_vehicles,SOx,3.000000,short_tons,85,pola_2023_air_emissions_inventory.pdf,3bd0c855d4d55fc9572da8d6fb3224cb468493445e1cfb7a531899a1346651de
POLA,2023,ocean_going_vessels,CO,213.000000,short_tons,85,pola_2023_air_emissions_inventory.pdf,3bd0c855d4d55fc9572da8d6fb3224cb468493445e1cfb7a531899a1346651de
POLA,2023,harbor_craft,CO,96.000000,short_tons,85,pola_2023_air_emissions_inventory.pdf,3bd0c855d4d55fc9572da8d6fb3224cb468493445e1cfb7a531899a1346651de
POLA,2023,cargo_handling_equipment,CO,624.000000,short_tons,85,pola_2023_air_emissions_inventory.pdf,3bd0c855d4d55fc9572da8d6fb3224cb468493445e1cfb7a531899a1346651de
POLA,2023,locomotives,CO,159.000000,short_tons,85,pola_2023_air_emissions_inventory.pdf,3bd0c855d4d55fc9572da8d6fb3224cb468493445e1cfb7a531899a1346651de
POLA,2023,heavy_duty_vehicles,CO,285.000000,short_tons,85,pola_2023_air_emissions_inventory.pdf,3bd0c855d4d55fc9572da8d6fb3224cb468493445e1cfb7a531899a1346651de
POLA,2023,ocean_going_vessels,HC,106.000000,short_tons,85,pola_2023_air_emissions_inventory.pdf,3bd0c855d4d55fc9572da8d6fb3224cb468493445e1cfb7a531899a1346651de
POLA,2023,harbor_craft,HC,27.000000,short_tons,85,pola_2023_air_emissions_inventory.pdf,3bd0c855d4d55fc9572da8d6fb3224cb468493445e1cfb7a531899a1346651de
POLA,2023,cargo_handling_equipment,HC,79.000000,short_tons,85,pola_2023_air_emissions_inventory.pdf,3bd0c855d4d55fc9572da8d6fb3224cb468493445e1cfb7a531899a1346651de
POLA,2023,locomotives,HC,38.000000,short_tons,85,pola_2023_air_emissions_inventory.pdf,3bd0c855d4d55fc9572da8d6fb3224cb468493445e1cfb7a531899a1346651de
POLA,2023,heavy_duty_vehicles,HC,35.000000,short_tons,85,pola_2023_air_emissions_inventory.pdf,3bd0c855d4d55fc9572da8d6fb3224cb468493445e1cfb7a531899a1346651de
POLA,2023,ocean_going_vessels,CO2e,164054.000000,metric_tonnes,85,pola_2023_air_emissions_inventory.pdf,3bd0c855d4d55fc9572da8d6fb3224cb468493445e1cfb7a531899a1346651de
POLA,2023,harbor_craft,CO2e,51808.000000,metric_tonnes,85,pola_2023_air_emissions_inventory.pdf,3bd0c855d4d55fc9572da8d6fb3224cb468493445e1cfb7a531899a1346651de
POLA,2023,cargo_handling_equipment,CO2e,145461.000000,metric_tonnes,85,pola_2023_air_emissions_inventory.pdf,3bd0c855d4d55fc9572da8d6fb3224cb468493445e1cfb7a531899a1346651de
POLA,2023,locomotives,CO2e,55408.000000,metric_tonnes,85,pola_2023_air_emissions_inventory.pdf,3bd0c855d4d55fc9572da8d6fb3224cb468493445e1cfb7a531899a1346651de
POLA,2023,heavy_duty_vehicles,CO2e,356601.000000,metric_tonnes,85,pola_2023_air_emissions_inventory.pdf,3bd0c855d4d55fc9572da8d6fb3224cb468493445e1cfb7a531899a1346651de
POLB,2023,ocean_going_vessels,PM10,74.000000,short_tons,65,polb_2023_air_emissions_inventory.pdf,b2e01fab0b96f086edbbf4bc50e6b2edd8cbd0fd815d6a63abae1ba360c01e98
POLB,2023,harbor_craft,PM10,5.000000,short_tons,65,polb_2023_air_emissions_inventory.pdf,b2e01fab0b96f086edbbf4bc50e6b2edd8cbd0fd815d6a63abae1ba360c01e98
POLB,2023,cargo_handling_equipment,PM10,7.000000,short_tons,65,polb_2023_air_emissions_inventory.pdf,b2e01fab0b96f086edbbf4bc50e6b2edd8cbd0fd815d6a63abae1ba360c01e98
POLB,2023,locomotives,PM10,19.000000,short_tons,65,polb_2023_air_emissions_inventory.pdf,b2e01fab0b96f086edbbf4bc50e6b2edd8cbd0fd815d6a63abae1ba360c01e98
POLB,2023,heavy_duty_vehicles,PM10,3.000000,short_tons,65,polb_2023_air_emissions_inventory.pdf,b2e01fab0b96f086edbbf4bc50e6b2edd8cbd0fd815d6a63abae1ba360c01e98
POLB,2023,ocean_going_vessels,PM2.5,68.000000,short_tons,65,polb_2023_air_emissions_inventory.pdf,b2e01fab0b96f086edbbf4bc50e6b2edd8cbd0fd815d6a63abae1ba360c01e98
POLB,2023,harbor_craft,PM2.5,5.000000,short_tons,65,polb_2023_air_emissions_inventory.pdf,b2e01fab0b96f086edbbf4bc50e6b2edd8cbd0fd815d6a63abae1ba360c01e98
POLB,2023,cargo_handling_equipment,PM2.5,6.000000,short_tons,65,polb_2023_air_emissions_inventory.pdf,b2e01fab0b96f086edbbf4bc50e6b2edd8cbd0fd815d6a63abae1ba360c01e98
POLB,2023,locomotives,PM2.5,17.000000,short_tons,65,polb_2023_air_emissions_inventory.pdf,b2e01fab0b96f086edbbf4bc50e6b2edd8cbd0fd815d6a63abae1ba360c01e98
POLB,2023,heavy_duty_vehicles,PM2.5,3.000000,short_tons,65,polb_2023_air_emissions_inventory.pdf,b2e01fab0b96f086edbbf4bc50e6b2edd8cbd0fd815d6a63abae1ba360c01e98
POLB,2023,ocean_going_vessels,DPM,38.000000,short_tons,65,polb_2023_air_emissions_inventory.pdf,b2e01fab0b96f086edbbf4bc50e6b2edd8cbd0fd815d6a63abae1ba360c01e98
POLB,2023,harbor_craft,DPM,5.000000,short_tons,65,polb_2023_air_emissions_inventory.pdf,b2e01fab0b96f086edbbf4bc50e6b2edd8cbd0fd815d6a63abae1ba360c01e98
POLB,2023,cargo_handling_equipment,DPM,6.000000,short_tons,65,polb_2023_air_emissions_inventory.pdf,b2e01fab0b96f086edbbf4bc50e6b2edd8cbd0fd815d6a63abae1ba360c01e98
POLB,2023,locomotives,DPM,19.000000,short_tons,65,polb_2023_air_emissions_inventory.pdf,b2e01fab0b96f086edbbf4bc50e6b2edd8cbd0fd815d6a63abae1ba360c01e98
POLB,2023,heavy_duty_vehicles,DPM,3.000000,short_tons,65,polb_2023_air_emissions_inventory.pdf,b2e01fab0b96f086edbbf4bc50e6b2edd8cbd0fd815d6a63abae1ba360c01e98
POLB,2023,ocean_going_vessels,NOx,3120.000000,short_tons,65,polb_2023_air_emissions_inventory.pdf,b2e01fab0b96f086edbbf4bc50e6b2edd8cbd0fd815d6a63abae1ba360c01e98
POLB,2023,harbor_craft,NOx,296.000000,short_tons,65,polb_2023_air_emissions_inventory.pdf,b2e01fab0b96f086edbbf4bc50e6b2edd8cbd0fd815d6a63abae1ba360c01e98
POLB,2023,cargo_handling_equipment,NOx,159.000000,short_tons,65,polb_2023_air_emissions_inventory.pdf,b2e01fab0b96f086edbbf4bc50e6b2edd8cbd0fd815d6a63abae1ba360c01e98
POLB,2023,locomotives,NOx,503.000000,short_tons,65,polb_2023_air_emissions_inventory.pdf,b2e01fab0b96f086edbbf4bc50e6b2edd8cbd0fd815d6a63abae1ba360c01e98
POLB,2023,heavy_duty_vehicles,NOx,316.000000,short_tons,65,polb_2023_air_emissions_inventory.pdf,b2e01fab0b96f086edbbf4bc50e6b2edd8cbd0fd815d6a63abae1ba360c01e98
POLB,2023,ocean_going_vessels,SOx,165.000000,short_tons,65,polb_2023_air_emissions_inventory.pdf,b2e01fab0b96f086edbbf4bc50e6b2edd8cbd0fd815d6a63abae1ba360c01e98
POLB,2023,harbor_craft,SOx,0.000000,short_tons,65,polb_2023_air_emissions_inventory.pdf,b2e01fab0b96f086edbbf4bc50e6b2edd8cbd0fd815d6a63abae1ba360c01e98
POLB,2023,cargo_handling_equipment,SOx,1.000000,short_tons,65,polb_2023_air_emissions_inventory.pdf,b2e01fab0b96f086edbbf4bc50e6b2edd8cbd0fd815d6a63abae1ba360c01e98
POLB,2023,locomotives,SOx,0.000000,short_tons,65,polb_2023_air_emissions_inventory.pdf,b2e01fab0b96f086edbbf4bc50e6b2edd8cbd0fd815d6a63abae1ba360c01e98
POLB,2023,heavy_duty_vehicles,SOx,3.000000,short_tons,65,polb_2023_air_emissions_inventory.pdf,b2e01fab0b96f086edbbf4bc50e6b2edd8cbd0fd815d6a63abae1ba360c01e98
POLB,2023,ocean_going_vessels,CO,292.000000,short_tons,65,polb_2023_air_emissions_inventory.pdf,b2e01fab0b96f086edbbf4bc50e6b2edd8cbd0fd815d6a63abae1ba360c01e98
POLB,2023,harbor_craft,CO,60.000000,short_tons,65,polb_2023_air_emissions_inventory.pdf,b2e01fab0b96f086edbbf4bc50e6b2edd8cbd0fd815d6a63abae1ba360c01e98
POLB,2023,cargo_handling_equipment,CO,772.000000,short_tons,65,polb_2023_air_emissions_inventory.pdf,b2e01fab0b96f086edbbf4bc50e6b2edd8cbd0fd815d6a63abae1ba360c01e98
POLB,2023,locomotives,CO,119.000000,short_tons,65,polb_2023_air_emissions_inventory.pdf,b2e01fab0b96f086edbbf4bc50e6b2edd8cbd0fd815d6a63abae1ba360c01e98
POLB,2023,heavy_duty_vehicles,CO,247.000000,short_tons,65,polb_2023_air_emissions_inventory.pdf,b2e01fab0b96f086edbbf4bc50e6b2edd8cbd0fd815d6a63abae1ba360c01e98
POLB,2023,ocean_going_vessels,HC,125.000000,short_tons,65,polb_2023_air_emissions_inventory.pdf,b2e01fab0b96f086edbbf4bc50e6b2edd8cbd0fd815d6a63abae1ba360c01e98
POLB,2023,harbor_craft,HC,13.000000,short_tons,65,polb_2023_air_emissions_inventory.pdf,b2e01fab0b96f086edbbf4bc50e6b2edd8cbd0fd815d6a63abae1ba360c01e98
POLB,2023,cargo_handling_equipment,HC,28.000000,short_tons,65,polb_2023_air_emissions_inventory.pdf,b2e01fab0b96f086edbbf4bc50e6b2edd8cbd0fd815d6a63abae1ba360c01e98
POLB,2023,locomotives,HC,29.000000,short_tons,65,polb_2023_air_emissions_inventory.pdf,b2e01fab0b96f086edbbf4bc50e6b2edd8cbd0fd815d6a63abae1ba360c01e98
POLB,2023,heavy_duty_vehicles,HC,31.000000,short_tons,65,polb_2023_air_emissions_inventory.pdf,b2e01fab0b96f086edbbf4bc50e6b2edd8cbd0fd815d6a63abae1ba360c01e98
POLB,2023,ocean_going_vessels,CO2e,308086.000000,metric_tonnes,65,polb_2023_air_emissions_inventory.pdf,b2e01fab0b96f086edbbf4bc50e6b2edd8cbd0fd815d6a63abae1ba360c01e98
POLB,2023,harbor_craft,CO2e,35740.000000,metric_tonnes,65,polb_2023_air_emissions_inventory.pdf,b2e01fab0b96f086edbbf4bc50e6b2edd8cbd0fd815d6a63abae1ba360c01e98
POLB,2023,cargo_handling_equipment,CO2e,98651.000000,metric_tonnes,65,polb_2023_air_emissions_inventory.pdf,b2e01fab0b96f086edbbf4bc50e6b2edd8cbd0fd815d6a63abae1ba360c01e98
POLB,2023,locomotives,CO2e,41677.000000,metric_tonnes,65,polb_2023_air_emissions_inventory.pdf,b2e01fab0b96f086edbbf4bc50e6b2edd8cbd0fd815d6a63abae1ba360c01e98
POLB,2023,heavy_duty_vehicles,CO2e,327921.000000,metric_tonnes,65,polb_2023_air_emissions_inventory.pdf,b2e01fab0b96f086edbbf4bc50e6b2edd8cbd0fd815d6a63abae1ba360c01e98
POLA,2024,ocean_going_vessels,PM10,40.000000,short_tons,86,pola_2024_air_emissions_inventory.pdf,ab42af4978d05054a0e93560517f94e6214b273755759969f248837db8b55d95
POLA,2024,harbor_craft,PM10,11.000000,short_tons,86,pola_2024_air_emissions_inventory.pdf,ab42af4978d05054a0e93560517f94e6214b273755759969f248837db8b55d95
POLA,2024,cargo_handling_equipment,PM10,10.000000,short_tons,86,pola_2024_air_emissions_inventory.pdf,ab42af4978d05054a0e93560517f94e6214b273755759969f248837db8b55d95
POLA,2024,locomotives,PM10,31.000000,short_tons,86,pola_2024_air_emissions_inventory.pdf,ab42af4978d05054a0e93560517f94e6214b273755759969f248837db8b55d95
POLA,2024,heavy_duty_vehicles,PM10,5.000000,short_tons,86,pola_2024_air_emissions_inventory.pdf,ab42af4978d05054a0e93560517f94e6214b273755759969f248837db8b55d95
POLA,2024,ocean_going_vessels,PM2.5,36.000000,short_tons,86,pola_2024_air_emissions_inventory.pdf,ab42af4978d05054a0e93560517f94e6214b273755759969f248837db8b55d95
POLA,2024,harbor_craft,PM2.5,10.000000,short_tons,86,pola_2024_air_emissions_inventory.pdf,ab42af4978d05054a0e93560517f94e6214b273755759969f248837db8b55d95
POLA,2024,cargo_handling_equipment,PM2.5,9.000000,short_tons,86,pola_2024_air_emissions_inventory.pdf,ab42af4978d05054a0e93560517f94e6214b273755759969f248837db8b55d95
POLA,2024,locomotives,PM2.5,29.000000,short_tons,86,pola_2024_air_emissions_inventory.pdf,ab42af4978d05054a0e93560517f94e6214b273755759969f248837db8b55d95
POLA,2024,heavy_duty_vehicles,PM2.5,4.000000,short_tons,86,pola_2024_air_emissions_inventory.pdf,ab42af4978d05054a0e93560517f94e6214b273755759969f248837db8b55d95
POLA,2024,ocean_going_vessels,DPM,25.000000,short_tons,86,pola_2024_air_emissions_inventory.pdf,ab42af4978d05054a0e93560517f94e6214b273755759969f248837db8b55d95
POLA,2024,harbor_craft,DPM,11.000000,short_tons,86,pola_2024_air_emissions_inventory.pdf,ab42af4978d05054a0e93560517f94e6214b273755759969f248837db8b55d95
POLA,2024,cargo_handling_equipment,DPM,9.000000,short_tons,86,pola_2024_air_emissions_inventory.pdf,ab42af4978d05054a0e93560517f94e6214b273755759969f248837db8b55d95
POLA,2024,locomotives,DPM,31.000000,short_tons,86,pola_2024_air_emissions_inventory.pdf,ab42af4978d05054a0e93560517f94e6214b273755759969f248837db8b55d95
POLA,2024,heavy_duty_vehicles,DPM,5.000000,short_tons,86,pola_2024_air_emissions_inventory.pdf,ab42af4978d05054a0e93560517f94e6214b273755759969f248837db8b55d95
POLA,2024,ocean_going_vessels,NOx,2148.000000,short_tons,86,pola_2024_air_emissions_inventory.pdf,ab42af4978d05054a0e93560517f94e6214b273755759969f248837db8b55d95
POLA,2024,harbor_craft,NOx,483.000000,short_tons,86,pola_2024_air_emissions_inventory.pdf,ab42af4978d05054a0e93560517f94e6214b273755759969f248837db8b55d95
POLA,2024,cargo_handling_equipment,NOx,256.000000,short_tons,86,pola_2024_air_emissions_inventory.pdf,ab42af4978d05054a0e93560517f94e6214b273755759969f248837db8b55d95
POLA,2024,locomotives,NOx,834.000000,short_tons,86,pola_2024_air_emissions_inventory.pdf,ab42af4978d05054a0e93560517f94e6214b273755759969f248837db8b55d95
POLA,2024,heavy_duty_vehicles,NOx,378.000000,short_tons,86,pola_2024_air_emissions_inventory.pdf,ab42af4978d05054a0e93560517f94e6214b273755759969f248837db8b55d95
POLA,2024,ocean_going_vessels,SOx,79.000000,short_tons,86,pola_2024_air_emissions_inventory.pdf,ab42af4978d05054a0e93560517f94e6214b273755759969f248837db8b55d95
POLA,2024,harbor_craft,SOx,1.000000,short_tons,86,pola_2024_air_emissions_inventory.pdf,ab42af4978d05054a0e93560517f94e6214b273755759969f248837db8b55d95
POLA,2024,cargo_handling_equipment,SOx,2.000000,short_tons,86,pola_2024_air_emissions_inventory.pdf,ab42af4978d05054a0e93560517f94e6214b273755759969f248837db8b55d95
POLA,2024,locomotives,SOx,1.000000,short_tons,86,pola_2024_air_emissions_inventory.pdf,ab42af4978d05054a0e93560517f94e6214b273755759969f248837db8b55d95
POLA,2024,heavy_duty_vehicles,SOx,4.000000,short_tons,86,pola_2024_air_emissions_inventory.pdf,ab42af4978d05054a0e93560517f94e6214b273755759969f248837db8b55d95
POLA,2024,ocean_going_vessels,CO,196.000000,short_tons,86,pola_2024_air_emissions_inventory.pdf,ab42af4978d05054a0e93560517f94e6214b273755759969f248837db8b55d95
POLA,2024,harbor_craft,CO,103.000000,short_tons,86,pola_2024_air_emissions_inventory.pdf,ab42af4978d05054a0e93560517f94e6214b273755759969f248837db8b55d95
POLA,2024,cargo_handling_equipment,CO,502.000000,short_tons,86,pola_2024_air_emissions_inventory.pdf,ab42af4978d05054a0e93560517f94e6214b273755759969f248837db8b55d95
POLA,2024,locomotives,CO,197.000000,short_tons,86,pola_2024_air_emissions_inventory.pdf,ab42af4978d05054a0e93560517f94e6214b273755759969f248837db8b55d95
POLA,2024,heavy_duty_vehicles,CO,302.000000,short_tons,86,pola_2024_air_emissions_inventory.pdf,ab42af4978d05054a0e93560517f94e6214b273755759969f248837db8b55d95
POLA,2024,ocean_going_vessels,HC,98.000000,short_tons,86,pola_2024_air_emissions_inventory.pdf,ab42af4978d05054a0e93560517f94e6214b273755759969f248837db8b55d95
POLA,2024,harbor_craft,HC,26.000000,short_tons,86,pola_2024_air_emissions_inventory.pdf,ab42af4978d05054a0e93560517f94e6214b273755759969f248837db8b55d95
POLA,2024,cargo_handling_equipment,HC,52.000000,short_tons,86,pola_2024_air_emissions_inventory.pdf,ab42af4978d05054a0e93560517f94e6214b273755759969f248837db8b55d95
POLA,2024,locomotives,HC,49.000000,short_tons,86,pola_2024_air_emissions_inventory.pdf,ab42af4978d05054a0e93560517f94e6214b273755759969f248837db8b55d95
POLA,2024,heavy_duty_vehicles,HC,38.000000,short_tons,86,pola_2024_air_emissions_inventory.pdf,ab42af4978d05054a0e93560517f94e6214b273755759969f248837db8b55d95
POLA,2024,ocean_going_vessels,CO2e,162042.000000,metric_tonnes,86,pola_2024_air_emissions_inventory.pdf,ab42af4978d05054a0e93560517f94e6214b273755759969f248837db8b55d95
POLA,2024,harbor_craft,CO2e,55604.000000,metric_tonnes,86,pola_2024_air_emissions_inventory.pdf,ab42af4978d05054a0e93560517f94e6214b273755759969f248837db8b55d95
POLA,2024,cargo_handling_equipment,CO2e,145423.000000,metric_tonnes,86,pola_2024_air_emissions_inventory.pdf,ab42af4978d05054a0e93560517f94e6214b273755759969f248837db8b55d95
POLA,2024,locomotives,CO2e,69105.000000,metric_tonnes,86,pola_2024_air_emissions_inventory.pdf,ab42af4978d05054a0e93560517f94e6214b273755759969f248837db8b55d95
POLA,2024,heavy_duty_vehicles,CO2e,404016.000000,metric_tonnes,86,pola_2024_air_emissions_inventory.pdf,ab42af4978d05054a0e93560517f94e6214b273755759969f248837db8b55d95
POLB,2024,ocean_going_vessels,PM10,76.000000,short_tons,65,polb_2024_air_emissions_inventory.pdf,c1f4b3baef9cfd669812b343dbc665ffbf3251a7c1b503fd125a5a2c03a714c7
POLB,2024,harbor_craft,PM10,9.000000,short_tons,65,polb_2024_air_emissions_inventory.pdf,c1f4b3baef9cfd669812b343dbc665ffbf3251a7c1b503fd125a5a2c03a714c7
POLB,2024,cargo_handling_equipment,PM10,9.000000,short_tons,65,polb_2024_air_emissions_inventory.pdf,c1f4b3baef9cfd669812b343dbc665ffbf3251a7c1b503fd125a5a2c03a714c7
POLB,2024,locomotives,PM10,26.000000,short_tons,65,polb_2024_air_emissions_inventory.pdf,c1f4b3baef9cfd669812b343dbc665ffbf3251a7c1b503fd125a5a2c03a714c7
POLB,2024,heavy_duty_vehicles,PM10,5.000000,short_tons,65,polb_2024_air_emissions_inventory.pdf,c1f4b3baef9cfd669812b343dbc665ffbf3251a7c1b503fd125a5a2c03a714c7
POLB,2024,ocean_going_vessels,PM2.5,70.000000,short_tons,65,polb_2024_air_emissions_inventory.pdf,c1f4b3baef9cfd669812b343dbc665ffbf3251a7c1b503fd125a5a2c03a714c7
POLB,2024,harbor_craft,PM2.5,8.000000,short_tons,65,polb_2024_air_emissions_inventory.pdf,c1f4b3baef9cfd669812b343dbc665ffbf3251a7c1b503fd125a5a2c03a714c7
POLB,2024,cargo_handling_equipment,PM2.5,8.000000,short_tons,65,polb_2024_air_emissions_inventory.pdf,c1f4b3baef9cfd669812b343dbc665ffbf3251a7c1b503fd125a5a2c03a714c7
POLB,2024,locomotives,PM2.5,24.000000,short_tons,65,polb_2024_air_emissions_inventory.pdf,c1f4b3baef9cfd669812b343dbc665ffbf3251a7c1b503fd125a5a2c03a714c7
POLB,2024,heavy_duty_vehicles,PM2.5,4.000000,short_tons,65,polb_2024_air_emissions_inventory.pdf,c1f4b3baef9cfd669812b343dbc665ffbf3251a7c1b503fd125a5a2c03a714c7
POLB,2024,ocean_going_vessels,DPM,41.000000,short_tons,65,polb_2024_air_emissions_inventory.pdf,c1f4b3baef9cfd669812b343dbc665ffbf3251a7c1b503fd125a5a2c03a714c7
POLB,2024,harbor_craft,DPM,9.000000,short_tons,65,polb_2024_air_emissions_inventory.pdf,c1f4b3baef9cfd669812b343dbc665ffbf3251a7c1b503fd125a5a2c03a714c7
POLB,2024,cargo_handling_equipment,DPM,8.000000,short_tons,65,polb_2024_air_emissions_inventory.pdf,c1f4b3baef9cfd669812b343dbc665ffbf3251a7c1b503fd125a5a2c03a714c7
POLB,2024,locomotives,DPM,26.000000,short_tons,65,polb_2024_air_emissions_inventory.pdf,c1f4b3baef9cfd669812b343dbc665ffbf3251a7c1b503fd125a5a2c03a714c7
POLB,2024,heavy_duty_vehicles,DPM,4.000000,short_tons,65,polb_2024_air_emissions_inventory.pdf,c1f4b3baef9cfd669812b343dbc665ffbf3251a7c1b503fd125a5a2c03a714c7
POLB,2024,ocean_going_vessels,NOx,3275.000000,short_tons,65,polb_2024_air_emissions_inventory.pdf,c1f4b3baef9cfd669812b343dbc665ffbf3251a7c1b503fd125a5a2c03a714c7
POLB,2024,harbor_craft,NOx,374.000000,short_tons,65,polb_2024_air_emissions_inventory.pdf,c1f4b3baef9cfd669812b343dbc665ffbf3251a7c1b503fd125a5a2c03a714c7
POLB,2024,cargo_handling_equipment,NOx,210.000000,short_tons,65,polb_2024_air_emissions_inventory.pdf,c1f4b3baef9cfd669812b343dbc665ffbf3251a7c1b503fd125a5a2c03a714c7
POLB,2024,locomotives,NOx,674.000000,short_tons,65,polb_2024_air_emissions_inventory.pdf,c1f4b3baef9cfd669812b343dbc665ffbf3251a7c1b503fd125a5a2c03a714c7
POLB,2024,heavy_duty_vehicles,NOx,368.000000,short_tons,65,polb_2024_air_emissions_inventory.pdf,c1f4b3baef9cfd669812b343dbc665ffbf3251a7c1b503fd125a5a2c03a714c7
POLB,2024,ocean_going_vessels,SOx,161.000000,short_tons,65,polb_2024_air_emissions_inventory.pdf,c1f4b3baef9cfd669812b343dbc665ffbf3251a7c1b503fd125a5a2c03a714c7
POLB,2024,harbor_craft,SOx,0.000000,short_tons,65,polb_2024_air_emissions_inventory.pdf,c1f4b3baef9cfd669812b343dbc665ffbf3251a7c1b503fd125a5a2c03a714c7
POLB,2024,cargo_handling_equipment,SOx,2.000000,short_tons,65,polb_2024_air_emissions_inventory.pdf,c1f4b3baef9cfd669812b343dbc665ffbf3251a7c1b503fd125a5a2c03a714c7
POLB,2024,locomotives,SOx,1.000000,short_tons,65,polb_2024_air_emissions_inventory.pdf,c1f4b3baef9cfd669812b343dbc665ffbf3251a7c1b503fd125a5a2c03a714c7
POLB,2024,heavy_duty_vehicles,SOx,4.000000,short_tons,65,polb_2024_air_emissions_inventory.pdf,c1f4b3baef9cfd669812b343dbc665ffbf3251a7c1b503fd125a5a2c03a714c7
POLB,2024,ocean_going_vessels,CO,308.000000,short_tons,65,polb_2024_air_emissions_inventory.pdf,c1f4b3baef9cfd669812b343dbc665ffbf3251a7c1b503fd125a5a2c03a714c7
POLB,2024,harbor_craft,CO,89.000000,short_tons,65,polb_2024_air_emissions_inventory.pdf,c1f4b3baef9cfd669812b343dbc665ffbf3251a7c1b503fd125a5a2c03a714c7
POLB,2024,cargo_handling_equipment,CO,1172.000000,short_tons,65,polb_2024_air_emissions_inventory.pdf,c1f4b3baef9cfd669812b343dbc665ffbf3251a7c1b503fd125a5a2c03a714c7
POLB,2024,locomotives,CO,157.000000,short_tons,65,polb_2024_air_emissions_inventory.pdf,c1f4b3baef9cfd669812b343dbc665ffbf3251a7c1b503fd125a5a2c03a714c7
POLB,2024,heavy_duty_vehicles,CO,281.000000,short_tons,65,polb_2024_air_emissions_inventory.pdf,c1f4b3baef9cfd669812b343dbc665ffbf3251a7c1b503fd125a5a2c03a714c7
POLB,2024,ocean_going_vessels,HC,135.000000,short_tons,65,polb_2024_air_emissions_inventory.pdf,c1f4b3baef9cfd669812b343dbc665ffbf3251a7c1b503fd125a5a2c03a714c7
POLB,2024,harbor_craft,HC,20.000000,short_tons,65,polb_2024_air_emissions_inventory.pdf,c1f4b3baef9cfd669812b343dbc665ffbf3251a7c1b503fd125a5a2c03a714c7
POLB,2024,cargo_handling_equipment,HC,43.000000,short_tons,65,polb_2024_air_emissions_inventory.pdf,c1f4b3baef9cfd669812b343dbc665ffbf3251a7c1b503fd125a5a2c03a714c7
POLB,2024,locomotives,HC,40.000000,short_tons,65,polb_2024_air_emissions_inventory.pdf,c1f4b3baef9cfd669812b343dbc665ffbf3251a7c1b503fd125a5a2c03a714c7
POLB,2024,heavy_duty_vehicles,HC,36.000000,short_tons,65,polb_2024_air_emissions_inventory.pdf,c1f4b3baef9cfd669812b343dbc665ffbf3251a7c1b503fd125a5a2c03a714c7
POLB,2024,ocean_going_vessels,CO2e,316130.000000,metric_tonnes,65,polb_2024_air_emissions_inventory.pdf,c1f4b3baef9cfd669812b343dbc665ffbf3251a7c1b503fd125a5a2c03a714c7
POLB,2024,harbor_craft,CO2e,43408.000000,metric_tonnes,65,polb_2024_air_emissions_inventory.pdf,c1f4b3baef9cfd669812b343dbc665ffbf3251a7c1b503fd125a5a2c03a714c7
POLB,2024,cargo_handling_equipment,CO2e,142288.000000,metric_tonnes,65,polb_2024_air_emissions_inventory.pdf,c1f4b3baef9cfd669812b343dbc665ffbf3251a7c1b503fd125a5a2c03a714c7
POLB,2024,locomotives,CO2e,60127.000000,metric_tonnes,65,polb_2024_air_emissions_inventory.pdf,c1f4b3baef9cfd669812b343dbc665ffbf3251a7c1b503fd125a5a2c03a714c7
POLB,2024,heavy_duty_vehicles,CO2e,401398.000000,metric_tonnes,65,polb_2024_air_emissions_inventory.pdf,c1f4b3baef9cfd669812b343dbc665ffbf3251a7c1b503fd125a5a2c03a714c7
