year,source_category,pollutant,reported_unit,reported_quantity,spb_all_sector_total,share_of_spb_total,reported_quantity_2018,change_from_2018_pct
2018,cargo_handling_equipment,CO,short_tons,1509.000000,3894.000000,0.387519,1509.000000,0.000000
2018,cargo_handling_equipment,CO2e,metric_tonnes,310660.000000,1769262.000000,0.175587,310660.000000,0.000000
2018,cargo_handling_equipment,DPM,short_tons,9.000000,237.000000,0.037975,9.000000,0.000000
2018,cargo_handling_equipment,HC,short_tons,120.000000,700.000000,0.171429,120.000000,0.000000
2018,cargo_handling_equipment,NOx,short_tons,791.000000,13502.000000,0.058584,791.000000,0.000000
2018,cargo_handling_equipment,PM10,short_tons,12.000000,276.000000,0.043478,12.000000,0.000000
2018,cargo_handling_equipment,PM2.5,short_tons,11.000000,259.000000,0.042471,11.000000,0.000000
2018,cargo_handling_equipment,SOx,short_tons,3.000000,337.000000,0.008902,3.000000,0.000000
2018,harbor_craft,CO,short_tons,1064.000000,3894.000000,0.273241,1064.000000,0.000000
2018,harbor_craft,CO2e,metric_tonnes,121456.000000,1769262.000000,0.068648,121456.000000,0.000000
2018,harbor_craft,DPM,short_tons,50.000000,237.000000,0.210970,50.000000,0.000000
2018,harbor_craft,HC,short_tons,162.000000,700.000000,0.231429,162.000000,0.000000
2018,harbor_craft,NOx,short_tons,1495.000000,13502.000000,0.110724,1495.000000,0.000000
2018,harbor_craft,PM10,short_tons,50.000000,276.000000,0.181159,50.000000,0.000000
2018,harbor_craft,PM2.5,short_tons,46.000000,259.000000,0.177606,46.000000,0.000000
2018,harbor_craft,SOx,short_tons,2.000000,337.000000,0.005935,2.000000,0.000000
2018,heavy_duty_vehicles,CO,short_tons,365.000000,3894.000000,0.093734,365.000000,0.000000
2018,heavy_duty_vehicles,CO2e,metric_tonnes,705405.000000,1769262.000000,0.398700,705405.000000,0.000000
2018,heavy_duty_vehicles,DPM,short_tons,16.000000,237.000000,0.067511,16.000000,0.000000
2018,heavy_duty_vehicles,HC,short_tons,61.000000,700.000000,0.087143,61.000000,0.000000
2018,heavy_duty_vehicles,NOx,short_tons,2633.000000,13502.000000,0.195008,2633.000000,0.000000
2018,heavy_duty_vehicles,PM10,short_tons,16.000000,276.000000,0.057971,16.000000,0.000000
2018,heavy_duty_vehicles,PM2.5,short_tons,16.000000,259.000000,0.061776,16.000000,0.000000
2018,heavy_duty_vehicles,SOx,short_tons,7.000000,337.000000,0.020772,7.000000,0.000000
2018,locomotives,CO,short_tons,365.000000,3894.000000,0.093734,365.000000,0.000000
2018,locomotives,CO2e,metric_tonnes,128455.000000,1769262.000000,0.072604,128455.000000,0.000000
2018,locomotives,DPM,short_tons,56.000000,237.000000,0.236287,56.000000,0.000000
2018,locomotives,HC,short_tons,87.000000,700.000000,0.124286,87.000000,0.000000
2018,locomotives,NOx,short_tons,1505.000000,13502.000000,0.111465,1505.000000,0.000000
2018,locomotives,PM10,short_tons,56.000000,276.000000,0.202899,56.000000,0.000000
2018,locomotives,PM2.5,short_tons,53.000000,259.000000,0.204633,53.000000,0.000000
2018,locomotives,SOx,short_tons,2.000000,337.000000,0.005935,2.000000,0.000000
2018,ocean_going_vessels,CO,short_tons,591.000000,3894.000000,0.151772,591.000000,0.000000
2018,ocean_going_vessels,CO2e,metric_tonnes,503286.000000,1769262.000000,0.284461,503286.000000,0.000000
2018,ocean_going_vessels,DPM,short_tons,106.000000,237.000000,0.447257,106.000000,0.000000
2018,ocean_going_vessels,HC,short_tons,270.000000,700.000000,0.385714,270.000000,0.000000
2018,ocean_going_vessels,NOx,short_tons,7078.000000,13502.000000,0.524219,7078.000000,0.000000
2018,ocean_going_vessels,PM10,short_tons,142.000000,276.000000,0.514493,142.000000,0.000000
2018,ocean_going_vessels,PM2.5,short_tons,133.000000,259.000000,0.513514,133.000000,0.000000
2018,ocean_going_vessels,SOx,short_tons,323.000000,337.000000,0.958457,323.000000,0.000000
2019,cargo_handling_equipment,CO,short_tons,1502.000000,3801.000000,0.395159,1509.000000,-0.463883
2019,cargo_handling_equipment,CO2e,metric_tonnes,286316.000000,1686641.000000,0.169755,310660.000000,-7.836220
2019,cargo_handling_equipment,DPM,short_tons,8.000000,228.000000,0.035088,9.000000,-11.111111
2019,cargo_handling_equipment,HC,short_tons,112.000000,673.000000,0.166419,120.000000,-6.666667
2019,cargo_handling_equipment,NOx,short_tons,684.000000,12785.000000,0.053500,791.000000,-13.527181
2019,cargo_handling_equipment,PM10,short_tons,11.000000,265.000000,0.041509,12.000000,-8.333333
2019,cargo_handling_equipment,PM2.5,short_tons,10.000000,247.000000,0.040486,11.000000,-9.090909
2019,cargo_handling_equipment,SOx,short_tons,3.000000,325.000000,0.009231,3.000000,0.000000
2019,harbor_craft,CO,short_tons,1001.000000,3801.000000,0.263352,1064.000000,-5.921053
2019,harbor_craft,CO2e,metric_tonnes,112582.000000,1686641.000000,0.066749,121456.000000,-7.306350
2019,harbor_craft,DPM,short_tons,48.000000,228.000000,0.210526,50.000000,-4.000000
2019,harbor_craft,HC,short_tons,152.000000,673.000000,0.225854,162.000000,-6.172840
2019,harbor_craft,NOx,short_tons,1392.000000,12785.000000,0.108878,1495.000000,-6.889632
2019,harbor_craft,PM10,short_tons,48.000000,265.000000,0.181132,50.000000,-4.000000
2019,harbor_craft,PM2.5,short_tons,44.000000,247.000000,0.178138,46.000000,-4.347826
2019,harbor_craft,SOx,short_tons,2.000000,325.000000,0.006154,2.000000,0.000000
2019,heavy_duty_vehicles,CO,short_tons,379.000000,3801.000000,0.099711,365.000000,3.835616
2019,heavy_duty_vehicles,CO2e,metric_tonnes,685119.000000,1686641.000000,0.406203,705405.000000,-2.875795
2019,heavy_duty_vehicles,DPM,short_tons,16.000000,228.000000,0.070175,16.000000,0.000000
2019,heavy_duty_vehicles,HC,short_tons,61.000000,673.000000,0.090639,61.000000,0.000000
2019,heavy_duty_vehicles,NOx,short_tons,2509.000000,12785.000000,0.196246,2633.000000,-4.709457
2019,heavy_duty_vehicles,PM10,short_tons,16.000000,265.000000,0.060377,16.000000,0.000000
2019,heavy_duty_vehicles,PM2.5,short_tons,16.000000,247.000000,0.064777,16.000000,0.000000
2019,heavy_duty_vehicles,SOx,short_tons,7.000000,325.000000,0.021538,7.000000,0.000000
2019,locomotives,CO,short_tons,340.000000,3801.000000,0.089450,365.000000,-6.849315
2019,locomotives,CO2e,metric_tonnes,118603.000000,1686641.000000,0.070319,128455.000000,-7.669612
2019,locomotives,DPM,short_tons,53.000000,228.000000,0.232456,56.000000,-5.357143
2019,locomotives,HC,short_tons,82.000000,673.000000,0.121842,87.000000,-5.747126
2019,locomotives,NOx,short_tons,1474.000000,12785.000000,0.115291,1505.000000,-2.059801
2019,locomotives,PM10,short_tons,53.000000,265.000000,0.200000,56.000000,-5.357143
2019,locomotives,PM2.5,short_tons,49.000000,247.000000,0.198381,53.000000,-7.547170
2019,locomotives,SOx,short_tons,2.000000,325.000000,0.006154,2.000000,0.000000
2019,ocean_going_vessels,CO,short_tons,579.000000,3801.000000,0.152328,591.000000,-2.030457
2019,ocean_going_vessels,CO2e,metric_tonnes,484021.000000,1686641.000000,0.286973,503286.000000,-3.827843
2019,ocean_going_vessels,DPM,short_tons,103.000000,228.000000,0.451754,106.000000,-2.830189
2019,ocean_going_vessels,HC,short_tons,266.000000,673.000000,0.395245,270.000000,-1.481481
2019,ocean_going_vessels,NOx,short_tons,6726.000000,12785.000000,0.526085,7078.000000,-4.973156
2019,ocean_going_vessels,PM10,short_tons,137.000000,265.000000,0.516981,142.000000,-3.521127
2019,ocean_going_vessels,PM2.5,short_tons,128.000000,247.000000,0.518219,133.000000,-3.759398
2019,ocean_going_vessels,SOx,short_tons,311.000000,325.000000,0.956923,323.000000,-3.715170
2020,cargo_handling_equipment,CO,short_tons,1385.000000,3804.000000,0.364090,1509.000000,-8.217362
2020,cargo_handling_equipment,CO2e,metric_tonnes,287021.000000,1791960.000000,0.160172,310660.000000,-7.609283
2020,cargo_handling_equipment,DPM,short_tons,7.000000,186.000000,0.037634,9.000000,-22.222222
2020,cargo_handling_equipment,HC,short_tons,97.000000,665.000000,0.145865,120.000000,-19.166667
2020,cargo_handling_equipment,NOx,short_tons,611.000000,11735.000000,0.052066,791.000000,-22.756005
2020,cargo_handling_equipment,PM10,short_tons,10.000000,240.000000,0.041667,12.000000,-16.666667
2020,cargo_handling_equipment,PM2.5,short_tons,9.000000,222.000000,0.040541,11.000000,-18.181818
2020,cargo_handling_equipment,SOx,short_tons,3.000000,299.000000,0.010033,3.000000,0.000000
2020,harbor_craft,CO,short_tons,983.000000,3804.000000,0.258412,1064.000000,-7.612782
2020,harbor_craft,CO2e,metric_tonnes,110545.000000,1791960.000000,0.061689,121456.000000,-8.983500
2020,harbor_craft,DPM,short_tons,44.000000,186.000000,0.236559,50.000000,-12.000000
2020,harbor_craft,HC,short_tons,148.000000,665.000000,0.222556,162.000000,-8.641975
2020,harbor_craft,NOx,short_tons,1318.000000,11735.000000,0.112314,1495.000000,-11.839465
2020,harbor_craft,PM10,short_tons,44.000000,240.000000,0.183333,50.000000,-12.000000
2020,harbor_craft,PM2.5,short_tons,40.000000,222.000000,0.180180,46.000000,-13.043478
2020,harbor_craft,SOx,short_tons,2.000000,299.000000,0.006689,2.000000,0.000000
2020,heavy_duty_vehicles,CO,short_tons,553.000000,3804.000000,0.145373,365.000000,51.506849
2020,heavy_duty_vehicles,CO2e,metric_tonnes,785669.000000,1791960.000000,0.438441,705405.000000,11.378428
2020,heavy_duty_vehicles,DPM,short_tons,12.000000,186.000000,0.064516,16.000000,-25.000000
2020,heavy_duty_vehicles,HC,short_tons,85.000000,665.000000,0.127820,61.000000,39.344262
2020,heavy_duty_vehicles,NOx,short_tons,2127.000000,11735.000000,0.181253,2633.000000,-19.217622
2020,heavy_duty_vehicles,PM10,short_tons,12.000000,240.000000,0.050000,16.000000,-25.000000
2020,heavy_duty_vehicles,PM2.5,short_tons,12.000000,222.000000,0.054054,16.000000,-25.000000
2020,heavy_duty_vehicles,SOx,short_tons,8.000000,299.000000,0.026756,7.000000,14.285714
2020,locomotives,CO,short_tons,316.000000,3804.000000,0.083070,365.000000,-13.424658
2020,locomotives,CO2e,metric_tonnes,110440.000000,1791960.000000,0.061631,128455.000000,-14.024367
2020,locomotives,DPM,short_tons,49.000000,186.000000,0.263441,56.000000,-12.500000
2020,locomotives,HC,short_tons,76.000000,665.000000,0.114286,87.000000,-12.643678
2020,locomotives,NOx,short_tons,1322.000000,11735.000000,0.112654,1505.000000,-12.159468
2020,locomotives,PM10,short_tons,49.000000,240.000000,0.204167,56.000000,-12.500000
2020,locomotives,PM2.5,short_tons,46.000000,222.000000,0.207207,53.000000,-13.207547
2020,locomotives,SOx,short_tons,1.000000,299.000000,0.003344,2.000000,-50.000000
2020,ocean_going_vessels,CO,short_tons,567.000000,3804.000000,0.149054,591.000000,-4.060914
2020,ocean_going_vessels,CO2e,metric_tonnes,498285.000000,1791960.000000,0.278067,503286.000000,-0.993670
2020,ocean_going_vessels,DPM,short_tons,74.000000,186.000000,0.397849,106.000000,-30.188679
2020,ocean_going_vessels,HC,short_tons,259.000000,665.000000,0.389474,270.000000,-4.074074
2020,ocean_going_vessels,NOx,short_tons,6357.000000,11735.000000,0.541713,7078.000000,-10.186493
2020,ocean_going_vessels,PM10,short_tons,125.000000,240.000000,0.520833,142.000000,-11.971831
2020,ocean_going_vessels,PM2.5,short_tons,115.000000,222.000000,0.518018,133.000000,-13.533835
2020,ocean_going_vessels,SOx,short_tons,285.000000,299.000000,0.953177,323.000000,-11.764706
2021,cargo_handling_equipment,CO,short_tons,1908.000000,4209.000000,0.453314,1509.000000,26.441352
2021,cargo_handling_equipment,CO2e,metric_tonnes,327639.000000,2442114.000000,0.134162,310660.000000,5.465461
2021,cargo_handling_equipment,DPM,short_tons,9.000000,247.000000,0.036437,9.000000,0.000000
2021,cargo_handling_equipment,HC,short_tons,121.000000,807.000000,0.149938,120.000000,0.833333
2021,cargo_handling_equipment,NOx,short_tons,698.000000,16489.000000,0.042331,791.000000,-11.757269
2021,cargo_handling_equipment,PM10,short_tons,12.000000,355.000000,0.033803,12.000000,0.000000
2021,cargo_handling_equipment,PM2.5,short_tons,11.000000,329.000000,0.033435,11.000000,0.000000
2021,cargo_handling_equipment,SOx,short_tons,4.000000,533.000000,0.007505,3.000000,33.333333
2021,harbor_craft,CO,short_tons,182.000000,4209.000000,0.043241,1064.000000,-82.894737
2021,harbor_craft,CO2e,metric_tonnes,91021.000000,2442114.000000,0.037271,121456.000000,-25.058457
2021,harbor_craft,DPM,short_tons,24.000000,247.000000,0.097166,50.000000,-52.000000
2021,harbor_craft,HC,short_tons,43.000000,807.000000,0.053284,162.000000,-73.456790
2021,harbor_craft,NOx,short_tons,948.000000,16489.000000,0.057493,1495.000000,-36.588629
2021,harbor_craft,PM10,short_tons,24.000000,355.000000,0.067606,50.000000,-52.000000
2021,harbor_craft,PM2.5,short_tons,24.000000,329.000000,0.072948,46.000000,-47.826087
2021,harbor_craft,SOx,short_tons,1.000000,533.000000,0.001876,2.000000,-50.000000
2021,heavy_duty_vehicles,CO,short_tons,663.000000,4209.000000,0.157520,365.000000,81.643836
2021,heavy_duty_vehicles,CO2e,metric_tonnes,854663.000000,2442114.000000,0.349969,705405.000000,21.159192
2021,heavy_duty_vehicles,DPM,short_tons,12.000000,247.000000,0.048583,16.000000,-25.000000
2021,heavy_duty_vehicles,HC,short_tons,98.000000,807.000000,0.121437,61.000000,60.655738
2021,heavy_duty_vehicles,NOx,short_tons,1993.000000,16489.000000,0.120868,2633.000000,-24.306874
2021,heavy_duty_vehicles,PM10,short_tons,12.000000,355.000000,0.033803,16.000000,-25.000000
2021,heavy_duty_vehicles,PM2.5,short_tons,11.000000,329.000000,0.033435,16.000000,-31.250000
2021,heavy_duty_vehicles,SOx,short_tons,8.000000,533.000000,0.015009,7.000000,14.285714
2021,locomotives,CO,short_tons,324.000000,4209.000000,0.076978,365.000000,-11.232877
2021,locomotives,CO2e,metric_tonnes,112900.000000,2442114.000000,0.046230,128455.000000,-12.109299
2021,locomotives,DPM,short_tons,47.000000,247.000000,0.190283,56.000000,-16.071429
2021,locomotives,HC,short_tons,73.000000,807.000000,0.090458,87.000000,-16.091954
2021,locomotives,NOx,short_tons,1307.000000,16489.000000,0.079265,1505.000000,-13.156146
2021,locomotives,PM10,short_tons,47.000000,355.000000,0.132394,56.000000,-16.071429
2021,locomotives,PM2.5,short_tons,44.000000,329.000000,0.133739,53.000000,-16.981132
2021,locomotives,SOx,short_tons,2.000000,533.000000,0.003752,2.000000,0.000000
2021,ocean_going_vessels,CO,short_tons,1132.000000,4209.000000,0.268947,591.000000,91.539763
2021,ocean_going_vessels,CO2e,metric_tonnes,1055891.000000,2442114.000000,0.432368,503286.000000,109.799398
2021,ocean_going_vessels,DPM,short_tons,155.000000,247.000000,0.627530,106.000000,46.226415
2021,ocean_going_vessels,HC,short_tons,472.000000,807.000000,0.584882,270.000000,74.814815
2021,ocean_going_vessels,NOx,short_tons,11543.000000,16489.000000,0.700042,7078.000000,63.082792
2021,ocean_going_vessels,PM10,short_tons,260.000000,355.000000,0.732394,142.000000,83.098592
2021,ocean_going_vessels,PM2.5,short_tons,239.000000,329.000000,0.726444,133.000000,79.699248
2021,ocean_going_vessels,SOx,short_tons,518.000000,533.000000,0.971857,323.000000,60.371517
2022,cargo_handling_equipment,CO,short_tons,1823.000000,3665.000000,0.497408,1509.000000,20.808482
2022,cargo_handling_equipment,CO2e,metric_tonnes,303673.000000,1940837.000000,0.156465,310660.000000,-2.249083
2022,cargo_handling_equipment,DPM,short_tons,19.000000,182.000000,0.104396,9.000000,111.111111
2022,cargo_handling_equipment,HC,short_tons,128.000000,609.000000,0.210181,120.000000,6.666667
2022,cargo_handling_equipment,NOx,short_tons,673.000000,11301.000000,0.059552,791.000000,-14.917826
2022,cargo_handling_equipment,PM10,short_tons,22.000000,248.000000,0.088710,12.000000,83.333333
2022,cargo_handling_equipment,PM2.5,short_tons,20.000000,228.000000,0.087719,11.000000,81.818182
2022,cargo_handling_equipment,SOx,short_tons,4.000000,327.000000,0.012232,3.000000,33.333333
2022,harbor_craft,CO,short_tons,161.000000,3665.000000,0.043929,1064.000000,-84.868421
2022,harbor_craft,CO2e,metric_tonnes,85482.000000,1940837.000000,0.044044,121456.000000,-29.618957
2022,harbor_craft,DPM,short_tons,20.000000,182.000000,0.109890,50.000000,-60.000000
2022,harbor_craft,HC,short_tons,38.000000,609.000000,0.062397,162.000000,-76.543210
2022,harbor_craft,NOx,short_tons,815.000000,11301.000000,0.072118,1495.000000,-45.484950
2022,harbor_craft,PM10,short_tons,20.000000,248.000000,0.080645,50.000000,-60.000000
2022,harbor_craft,PM2.5,short_tons,19.000000,228.000000,0.083333,46.000000,-58.695652
2022,harbor_craft,SOx,short_tons,0.000000,327.000000,0.000000,2.000000,-100.000000
2022,heavy_duty_vehicles,CO,short_tons,678.000000,3665.000000,0.184993,365.000000,85.753425
2022,heavy_duty_vehicles,CO2e,metric_tonnes,826544.000000,1940837.000000,0.425870,705405.000000,17.172972
2022,heavy_duty_vehicles,DPM,short_tons,10.000000,182.000000,0.054945,16.000000,-37.500000
2022,heavy_duty_vehicles,HC,short_tons,84.000000,609.000000,0.137931,61.000000,37.704918
2022,heavy_duty_vehicles,NOx,short_tons,1481.000000,11301.000000,0.131050,2633.000000,-43.752374
2022,heavy_duty_vehicles,PM10,short_tons,10.000000,248.000000,0.040323,16.000000,-37.500000
2022,heavy_duty_vehicles,PM2.5,short_tons,10.000000,228.000000,0.043860,16.000000,-37.500000
2022,heavy_duty_vehicles,SOx,short_tons,8.000000,327.000000,0.024465,7.000000,14.285714
2022,locomotives,CO,short_tons,298.000000,3665.000000,0.081310,365.000000,-18.356164
2022,locomotives,CO2e,metric_tonnes,104031.000000,1940837.000000,0.053601,128455.000000,-19.013662
2022,locomotives,DPM,short_tons,45.000000,182.000000,0.247253,56.000000,-19.642857
2022,locomotives,HC,short_tons,70.000000,609.000000,0.114943,87.000000,-19.540230
2022,locomotives,NOx,short_tons,1225.000000,11301.000000,0.108397,1505.000000,-18.604651
2022,locomotives,PM10,short_tons,45.000000,248.000000,0.181452,56.000000,-19.642857
2022,locomotives,PM2.5,short_tons,41.000000,228.000000,0.179825,53.000000,-22.641509
2022,locomotives,SOx,short_tons,1.000000,327.000000,0.003058,2.000000,-50.000000
2022,ocean_going_vessels,CO,short_tons,705.000000,3665.000000,0.192360,591.000000,19.289340
2022,ocean_going_vessels,CO2e,metric_tonnes,621107.000000,1940837.000000,0.320020,503286.000000,23.410347
2022,ocean_going_vessels,DPM,short_tons,88.000000,182.000000,0.483516,106.000000,-16.981132
2022,ocean_going_vessels,HC,short_tons,289.000000,609.000000,0.474548,270.000000,7.037037
2022,ocean_going_vessels,NOx,short_tons,7107.000000,11301.000000,0.628882,7078.000000,0.409720
2022,ocean_going_vessels,PM10,short_tons,151.000000,248.000000,0.608871,142.000000,6.338028
2022,ocean_going_vessels,PM2.5,short_tons,138.000000,228.000000,0.605263,133.000000,3.759398
2022,ocean_going_vessels,SOx,short_tons,314.000000,327.000000,0.960245,323.000000,-2.786378
2023,cargo_handling_equipment,CO,short_tons,1396.000000,2867.000000,0.486920,1509.000000,-7.488403
2023,cargo_handling_equipment,CO2e,metric_tonnes,244112.000000,1585407.000000,0.153974,310660.000000,-21.421490
2023,cargo_handling_equipment,DPM,short_tons,15.000000,145.000000,0.103448,9.000000,66.666667
2023,cargo_handling_equipment,HC,short_tons,107.000000,511.000000,0.209393,120.000000,-10.833333
2023,cargo_handling_equipment,NOx,short_tons,488.000000,8472.000000,0.057602,791.000000,-38.305942
2023,cargo_handling_equipment,PM10,short_tons,17.000000,197.000000,0.086294,12.000000,41.666667
2023,cargo_handling_equipment,PM2.5,short_tons,15.000000,182.000000,0.082418,11.000000,36.363636
2023,cargo_handling_equipment,SOx,short_tons,3.000000,252.000000,0.011905,3.000000,0.000000
2023,harbor_craft,CO,short_tons,156.000000,2867.000000,0.054412,1064.000000,-85.338346
2023,harbor_craft,CO2e,metric_tonnes,87548.000000,1585407.000000,0.055221,121456.000000,-27.917929
2023,harbor_craft,DPM,short_tons,16.000000,145.000000,0.110345,50.000000,-68.000000
2023,harbor_craft,HC,short_tons,40.000000,511.000000,0.078278,162.000000,-75.308642
2023,harbor_craft,NOx,short_tons,778.000000,8472.000000,0.091832,1495.000000,-47.959866
2023,harbor_craft,PM10,short_tons,16.000000,197.000000,0.081218,50.000000,-68.000000
2023,harbor_craft,PM2.5,short_tons,15.000000,182.000000,0.082418,46.000000,-67.391304
2023,harbor_craft,SOx,short_tons,1.000000,252.000000,0.003968,2.000000,-50.000000
2023,heavy_duty_vehicles,CO,short_tons,532.000000,2867.000000,0.185560,365.000000,45.753425
2023,heavy_duty_vehicles,CO2e,metric_tonnes,684522.000000,1585407.000000,0.431764,705405.000000,-2.960427
2023,heavy_duty_vehicles,DPM,short_tons,6.000000,145.000000,0.041379,16.000000,-62.500000
2023,heavy_duty_vehicles,HC,short_tons,66.000000,511.000000,0.129159,61.000000,8.196721
2023,heavy_duty_vehicles,NOx,short_tons,666.000000,8472.000000,0.078612,2633.000000,-74.705659
2023,heavy_duty_vehicles,PM10,short_tons,6.000000,197.000000,0.030457,16.000000,-62.500000
2023,heavy_duty_vehicles,PM2.5,short_tons,6.000000,182.000000,0.032967,16.000000,-62.500000
2023,heavy_duty_vehicles,SOx,short_tons,6.000000,252.000000,0.023810,7.000000,-14.285714
2023,locomotives,CO,short_tons,278.000000,2867.000000,0.096965,365.000000,-23.835616
2023,locomotives,CO2e,metric_tonnes,97085.000000,1585407.000000,0.061237,128455.000000,-24.421003
2023,locomotives,DPM,short_tons,43.000000,145.000000,0.296552,56.000000,-23.214286
2023,locomotives,HC,short_tons,67.000000,511.000000,0.131115,87.000000,-22.988506
2023,locomotives,NOx,short_tons,1162.000000,8472.000000,0.137158,1505.000000,-22.790698
2023,locomotives,PM10,short_tons,43.000000,197.000000,0.218274,56.000000,-23.214286
2023,locomotives,PM2.5,short_tons,40.000000,182.000000,0.219780,53.000000,-24.528302
2023,locomotives,SOx,short_tons,1.000000,252.000000,0.003968,2.000000,-50.000000
2023,ocean_going_vessels,CO,short_tons,505.000000,2867.000000,0.176142,591.000000,-14.551607
2023,ocean_going_vessels,CO2e,metric_tonnes,472140.000000,1585407.000000,0.297804,503286.000000,-6.188529
2023,ocean_going_vessels,DPM,short_tons,65.000000,145.000000,0.448276,106.000000,-38.679245
2023,ocean_going_vessels,HC,short_tons,231.000000,511.000000,0.452055,270.000000,-14.444444
2023,ocean_going_vessels,NOx,short_tons,5378.000000,8472.000000,0.634797,7078.000000,-24.018084
2023,ocean_going_vessels,PM10,short_tons,115.000000,197.000000,0.583756,142.000000,-19.014085
2023,ocean_going_vessels,PM2.5,short_tons,106.000000,182.000000,0.582418,133.000000,-20.300752
2023,ocean_going_vessels,SOx,short_tons,241.000000,252.000000,0.956349,323.000000,-25.386997
2024,cargo_handling_equipment,CO,short_tons,1674.000000,3307.000000,0.506199,1509.000000,10.934394
2024,cargo_handling_equipment,CO2e,metric_tonnes,287711.000000,1799541.000000,0.159880,310660.000000,-7.387176
2024,cargo_handling_equipment,DPM,short_tons,17.000000,169.000000,0.100592,9.000000,88.888889
2024,cargo_handling_equipment,HC,short_tons,95.000000,537.000000,0.176909,120.000000,-20.833333
2024,cargo_handling_equipment,NOx,short_tons,466.000000,9000.000000,0.051778,791.000000,-41.087231
2024,cargo_handling_equipment,PM10,short_tons,19.000000,222.000000,0.085586,12.000000,58.333333
2024,cargo_handling_equipment,PM2.5,short_tons,17.000000,202.000000,0.084158,11.000000,54.545455
2024,cargo_handling_equipment,SOx,short_tons,4.000000,255.000000,0.015686,3.000000,33.333333
2024,harbor_craft,CO,short_tons,192.000000,3307.000000,0.058059,1064.000000,-81.954887
2024,harbor_craft,CO2e,metric_tonnes,99012.000000,1799541.000000,0.055021,121456.000000,-18.479120
2024,harbor_craft,DPM,short_tons,20.000000,169.000000,0.118343,50.000000,-60.000000
2024,harbor_craft,HC,short_tons,46.000000,537.000000,0.085661,162.000000,-71.604938
2024,harbor_craft,NOx,short_tons,857.000000,9000.000000,0.095222,1495.000000,-42.675585
2024,harbor_craft,PM10,short_tons,20.000000,222.000000,0.090090,50.000000,-60.000000
2024,harbor_craft,PM2.5,short_tons,18.000000,202.000000,0.089109,46.000000,-60.869565
2024,harbor_craft,SOx,short_tons,1.000000,255.000000,0.003922,2.000000,-50.000000
2024,heavy_duty_vehicles,CO,short_tons,583.000000,3307.000000,0.176293,365.000000,59.726027
2024,heavy_duty_vehicles,CO2e,metric_tonnes,805414.000000,1799541.000000,0.447566,705405.000000,14.177529
2024,heavy_duty_vehicles,DPM,short_tons,9.000000,169.000000,0.053254,16.000000,-43.750000
2024,heavy_duty_vehicles,HC,short_tons,74.000000,537.000000,0.137803,61.000000,21.311475
2024,heavy_duty_vehicles,NOx,short_tons,746.000000,9000.000000,0.082889,2633.000000,-71.667300
2024,heavy_duty_vehicles,PM10,short_tons,10.000000,222.000000,0.045045,16.000000,-37.500000
2024,heavy_duty_vehicles,PM2.5,short_tons,8.000000,202.000000,0.039604,16.000000,-50.000000
2024,heavy_duty_vehicles,SOx,short_tons,8.000000,255.000000,0.031373,7.000000,14.285714
2024,locomotives,CO,short_tons,354.000000,3307.000000,0.107046,365.000000,-3.013699
2024,locomotives,CO2e,metric_tonnes,129232.000000,1799541.000000,0.071814,128455.000000,0.604881
2024,locomotives,DPM,short_tons,57.000000,169.000000,0.337278,56.000000,1.785714
2024,locomotives,HC,short_tons,89.000000,537.000000,0.165736,87.000000,2.298851
2024,locomotives,NOx,short_tons,1508.000000,9000.000000,0.167556,1505.000000,0.199336
2024,locomotives,PM10,short_tons,57.000000,222.000000,0.256757,56.000000,1.785714
2024,locomotives,PM2.5,short_tons,53.000000,202.000000,0.262376,53.000000,0.000000
2024,locomotives,SOx,short_tons,2.000000,255.000000,0.007843,2.000000,0.000000
2024,ocean_going_vessels,CO,short_tons,504.000000,3307.000000,0.152404,591.000000,-14.720812
2024,ocean_going_vessels,CO2e,metric_tonnes,478172.000000,1799541.000000,0.265719,503286.000000,-4.990006
2024,ocean_going_vessels,DPM,short_tons,66.000000,169.000000,0.390533,106.000000,-37.735849
2024,ocean_going_vessels,HC,short_tons,233.000000,537.000000,0.433892,270.000000,-13.703704
2024,ocean_going_vessels,NOx,short_tons,5423.000000,9000.000000,0.602556,7078.000000,-23.382311
2024,ocean_going_vessels,PM10,short_tons,116.000000,222.000000,0.522523,142.000000,-18.309859
2024,ocean_going_vessels,PM2.5,short_tons,106.000000,202.000000,0.524752,133.000000,-20.300752
2024,ocean_going_vessels,SOx,short_tons,240.000000,255.000000,0.941176,323.000000,-25.696594
