date,all_u_s_container_ports,los_angeles_long_beach,savannah,all_other_ports,days_included,low_0-50nm,low_50-150nm,low_150-300nm,low_total_0_300,movement_total_0_300
2021-07-27 00:00:00+00:00,64.0,26.0,17.0,21.0,7,1420.2857142857142,134.0,82.57142857142857,1636.857142857143,489.2857142857143
2021-08-03 00:00:00+00:00,60.0,25.0,14.0,21.0,7,1424.2857142857142,209.57142857142858,101.42857142857143,1735.2857142857142,527.1428571428571
2021-08-10 00:00:00+00:00,75.0,33.0,19.0,23.0,7,1552.142857142857,132.14285714285714,86.85714285714286,1771.142857142857,535.4285714285714
2021-08-17 00:00:00+00:00,62.0,31.0,13.0,18.0,7,1743.2857142857142,152.14285714285714,77.28571428571429,1972.7142857142858,535.0
2021-08-24 00:00:00+00:00,73.0,38.0,14.0,21.0,7,1759.142857142857,185.71428571428572,106.85714285714286,2051.714285714286,483.2857142857143
2021-08-31 00:00:00+00:00,88.0,46.0,21.0,21.0,7,1952.857142857143,158.42857142857142,80.14285714285714,2191.4285714285716,447.42857142857144
2021-09-07 00:00:00+00:00,100.0,43.0,25.0,32.0,7,1812.142857142857,151.71428571428572,89.14285714285714,2053.0,474.2857142857143
2021-09-14 00:00:00+00:00,103.0,56.0,24.0,23.0,7,2161.8571428571427,127.0,82.71428571428571,2371.5714285714284,531.7142857142857
2021-09-21 00:00:00+00:00,118.0,69.0,24.0,25.0,7,2433.1428571428573,114.28571428571429,81.71428571428571,2629.1428571428573,513.4285714285714
2021-09-28 00:00:00+00:00,116.0,66.0,24.0,26.0,7,2460.5714285714284,113.71428571428571,124.14285714285714,2698.4285714285716,470.2857142857143
2021-10-05 00:00:00+00:00,105.0,63.0,21.0,21.0,7,2443.714285714286,120.28571428571429,54.0,2618.0,387.0
2021-10-12 00:00:00+00:00,99.0,58.0,22.0,19.0,7,2336.1428571428573,121.14285714285714,43.42857142857143,2500.714285714286,437.2857142857143
2021-10-19 00:00:00+00:00,99.0,68.0,22.0,9.0,7,2436.714285714286,123.71428571428571,93.28571428571429,2653.714285714286,442.42857142857144
2021-10-26 00:00:00+00:00,114.0,77.0,28.0,9.0,7,2738.0,166.71428571428572,35.0,2939.714285714286,411.42857142857144
2021-11-02 00:00:00+00:00,118.0,77.0,23.0,18.0,7,2637.8571428571427,249.57142857142858,54.0,2941.4285714285716,406.14285714285717
2021-11-09 00:00:00+00:00,122.0,81.0,15.0,26.0,7,2601.8571428571427,279.85714285714283,51.285714285714285,2933.0,389.42857142857144
2021-11-16 00:00:00+00:00,123.0,86.0,20.0,17.0,7,2613.1428571428573,341.0,75.28571428571429,3029.4285714285716,436.7142857142857
2021-11-23 00:00:00+00:00,100.0,61.0,14.0,25.0,7,2452.0,394.57142857142856,147.85714285714286,2994.4285714285716,438.42857142857144
2021-11-30 00:00:00+00:00,86.0,44.0,16.0,26.0,7,2112.714285714286,229.28571428571428,260.14285714285717,2602.1428571428573,443.57142857142856
2021-12-07 00:00:00+00:00,118.0,92.0,9.0,17.0,6,2021.5,207.0,293.3333333333333,2521.8333333333335,366.1666666666667
2021-12-14 00:00:00+00:00,124.0,101.0,8.0,15.0,7,1620.142857142857,216.85714285714286,423.14285714285717,2260.1428571428573,512.7142857142857
2021-12-21 00:00:00+00:00,112.0,91.0,0.0,21.0,7,1613.857142857143,284.7142857142857,506.57142857142856,2405.1428571428573,483.2857142857143
2021-12-29 00:00:00+00:00,127.0,91.0,3.0,33.0,7,1449.7142857142858,282.7142857142857,604.1428571428571,2336.5714285714284,404.14285714285717
2022-01-05 00:00:00+00:00,140.0,101.0,1.0,38.0,7,1184.4285714285713,260.2857142857143,533.4285714285714,1978.142857142857,345.0
2022-01-12 00:00:00+00:00,143.0,104.0,6.0,33.0,7,1412.142857142857,271.14285714285717,764.1428571428571,2447.4285714285716,473.0
2022-01-19 00:00:00+00:00,142.0,100.0,6.0,36.0,7,1414.7142857142858,198.85714285714286,854.5714285714286,2468.1428571428573,432.0
2022-02-01 00:00:00+00:00,155.0,101.0,0.0,34.0,7,1194.2857142857142,185.42857142857142,784.2857142857143,2164.0,506.42857142857144
2022-02-08 00:00:00+00:00,141.0,78.0,2.0,61.0,7,1124.2857142857142,175.0,746.1428571428571,2045.4285714285713,498.85714285714283
2022-02-15 00:00:00+00:00,147.0,75.0,4.0,68.0,7,977.5714285714286,195.14285714285714,655.2857142857143,1828.0,477.0
2022-02-22 00:00:00+00:00,138.0,66.0,1.0,71.0,7,1155.142857142857,215.42857142857142,521.0,1891.5714285714287,495.57142857142856
2022-03-01 00:00:00+00:00,117.0,60.0,0.0,57.0,7,1150.5714285714287,194.71428571428572,361.85714285714283,1707.142857142857,479.85714285714283
2022-03-08 00:00:00+00:00,116.0,52.0,1.0,63.0,7,1106.7142857142858,219.57142857142858,348.7142857142857,1675.0,465.14285714285717
2022-03-15 00:00:00+00:00,106.0,43.0,0.0,63.0,7,981.2857142857143,181.14285714285714,365.0,1527.4285714285713,521.8571428571429
2022-03-22 00:00:00+00:00,112.0,42.0,3.0,67.0,7,1033.857142857143,204.57142857142858,205.14285714285714,1443.5714285714287,535.0
2022-03-29 00:00:00+00:00,101.0,43.0,0.0,58.0,7,1093.4285714285713,184.85714285714286,353.85714285714283,1632.142857142857,507.14285714285717
2022-04-05 00:00:00+00:00,86.0,35.0,4.0,47.0,7,1082.0,149.71428571428572,241.57142857142858,1473.2857142857142,473.42857142857144
2022-04-12 00:00:00+00:00,107.0,46.0,7.0,54.0,7,1072.4285714285713,173.71428571428572,222.0,1468.142857142857,401.14285714285717
2022-04-19 00:00:00+00:00,103.0,51.0,5.0,47.0,7,1058.5714285714287,154.0,259.42857142857144,1472.0,490.2857142857143
2022-04-26 00:00:00+00:00,92.0,45.0,5.0,42.0,7,1014.7142857142857,138.14285714285714,276.42857142857144,1429.2857142857142,443.57142857142856
2022-05-03 00:00:00+00:00,82.0,34.0,5.0,43.0,7,977.7142857142857,120.14285714285714,265.2857142857143,1363.142857142857,522.8571428571429
2022-05-10 00:00:00+00:00,61.0,35.0,1.0,25.0,7,964.0,126.28571428571429,183.14285714285714,1273.4285714285713,393.0
2022-05-17 00:00:00+00:00,74.0,37.0,2.0,35.0,7,954.5714285714286,141.85714285714286,193.14285714285714,1289.5714285714287,444.0
2022-05-24 00:00:00+00:00,71.0,27.0,12.0,32.0,7,933.0,137.28571428571428,270.85714285714283,1341.142857142857,487.2857142857143
2022-05-31 00:00:00+00:00,85.0,30.0,20.0,35.0,7,894.2857142857143,105.57142857142857,252.42857142857142,1252.2857142857142,436.2857142857143
2022-06-07 00:00:00+00:00,77.0,25.0,18.0,34.0,7,909.0,95.42857142857143,219.85714285714286,1224.2857142857142,464.85714285714283
2022-06-14 00:00:00+00:00,88.0,28.0,24.0,36.0,7,885.8571428571429,170.71428571428572,184.85714285714286,1241.4285714285713,516.8571428571429
2022-06-21 00:00:00+00:00,93.0,28.0,28.0,37.0,7,869.4285714285714,114.28571428571429,185.28571428571428,1169.0,444.57142857142856
2022-06-28 00:00:00+00:00,92.0,21.0,32.0,39.0,7,920.4285714285714,138.71428571428572,149.14285714285714,1208.2857142857142,535.7142857142857
2022-07-05 00:00:00+00:00,113.0,24.0,37.0,52.0,7,954.1428571428571,129.0,201.42857142857142,1284.5714285714287,512.5714285714286
2022-07-12 00:00:00+00:00,114.0,28.0,39.0,47.0,7,926.8571428571429,258.14285714285717,240.0,1425.0,511.85714285714283
2022-07-19 00:00:00+00:00,109.0,24.0,37.0,48.0,7,960.7142857142857,243.85714285714286,197.14285714285714,1401.7142857142858,521.0
2022-07-26 00:00:00+00:00,119.0,23.0,40.0,56.0,7,850.8571428571429,227.85714285714286,127.57142857142857,1206.2857142857142,546.1428571428571
2022-08-02 00:00:00+00:00,117.0,22.0,40.0,55.0,7,824.0,214.42857142857142,113.28571428571429,1151.7142857142858,513.8571428571429
2022-08-09 00:00:00+00:00,95.0,10.0,40.0,45.0,7,941.8571428571429,172.0,159.0,1272.857142857143,587.4285714285714
2022-08-16 00:00:00+00:00,103.0,16.0,35.0,52.0,7,886.5714285714286,175.28571428571428,117.42857142857143,1179.2857142857142,457.42857142857144
2022-08-23 00:00:00+00:00,101.0,11.0,41.0,49.0,7,813.5714285714286,157.85714285714286,179.28571428571428,1150.7142857142858,539.0
2022-08-30 00:00:00+00:00,103.0,11.0,41.0,51.0,7,800.4285714285714,183.0,97.28571428571429,1080.7142857142858,460.57142857142856
2022-09-06 00:00:00+00:00,115.0,11.0,43.0,61.0,7,786.8571428571429,198.14285714285714,71.14285714285714,1056.142857142857,405.0
2022-09-13 00:00:00+00:00,98.0,10.0,36.0,52.0,7,857.4285714285714,151.71428571428572,139.14285714285714,1148.2857142857142,360.7142857142857
2022-09-20 00:00:00+00:00,96.0,9.0,27.0,60.0,7,772.5714285714286,209.0,142.71428571428572,1124.2857142857142,520.1428571428571
2022-09-27 00:00:00+00:00,86.0,9.0,30.0,47.0,7,747.4285714285714,199.57142857142858,109.42857142857143,1056.4285714285713,400.0
2022-10-04 00:00:00+00:00,81.0,6.0,37.0,38.0,7,644.2857142857143,126.71428571428571,98.42857142857143,869.4285714285714,449.0
2022-10-11 00:00:00+00:00,83.0,9.0,35.0,39.0,7,620.1428571428571,117.14285714285714,97.71428571428571,835.0,421.57142857142856
2022-10-18 00:00:00+00:00,77.0,7.0,29.0,41.0,7,724.5714285714286,83.28571428571429,80.28571428571429,888.1428571428571,481.2857142857143
2022-10-25 00:00:00+00:00,69.0,6.0,31.0,32.0,7,671.0,172.0,84.42857142857143,927.4285714285714,410.0
2022-11-01 00:00:00+00:00,77.0,5.0,25.0,47.0,7,633.5714285714286,213.71428571428572,28.0,875.2857142857143,373.7142857142857
2022-11-08 00:00:00+00:00,51.0,11.0,6.0,34.0,7,529.8571428571429,153.57142857142858,128.85714285714286,812.2857142857143,395.42857142857144
2022-11-15 00:00:00+00:00,59.0,6.0,30.0,23.0,7,629.7142857142857,147.85714285714286,129.28571428571428,906.8571428571429,346.57142857142856
2022-11-22 00:00:00+00:00,44.0,0.0,26.0,18.0,7,568.8571428571429,132.57142857142858,156.42857142857142,857.8571428571429,372.7142857142857
2022-11-29 00:00:00+00:00,47.0,0.0,24.0,23.0,7,568.5714285714286,101.71428571428571,141.28571428571428,811.5714285714286,395.0
2022-12-06 00:00:00+00:00,46.0,0.0,17.0,29.0,7,593.8571428571429,74.14285714285714,88.28571428571429,756.2857142857143,347.85714285714283
2022-12-13 00:00:00+00:00,46.0,0.0,18.0,28.0,7,697.2857142857143,116.0,122.85714285714286,936.1428571428571,390.0
2022-12-20 00:00:00+00:00,26.0,0.0,8.0,18.0,7,596.1428571428571,98.57142857142857,114.71428571428571,809.4285714285714,421.85714285714283
2022-12-27 00:00:00+00:00,37.0,0.0,9.0,28.0,7,646.0,111.0,87.0,844.0,364.14285714285717
2023-01-03 00:00:00+00:00,43.0,0.0,11.0,32.0,7,650.7142857142857,55.0,96.71428571428571,802.4285714285714,322.0
2023-01-10 00:00:00+00:00,37.0,2.0,7.0,28.0,7,691.1428571428571,117.14285714285714,134.57142857142858,942.8571428571429,368.2857142857143
2023-01-17 00:00:00+00:00,31.0,1.0,6.0,24.0,7,677.4285714285714,122.28571428571429,113.14285714285714,912.8571428571429,349.14285714285717
2023-01-24 00:00:00+00:00,22.0,5.0,2.0,15.0,7,771.4285714285714,115.0,116.71428571428571,1003.1428571428571,411.85714285714283
2023-01-31 00:00:00+00:00,16.0,1.0,4.0,11.0,7,682.5714285714286,73.0,141.42857142857142,897.0,485.42857142857144
2023-02-07 00:00:00+00:00,19.0,2.0,5.0,12.0,7,625.7142857142857,63.714285714285715,149.0,838.4285714285714,387.42857142857144
2023-02-14 00:00:00+00:00,24.0,3.0,2.0,19.0,7,592.7142857142857,76.57142857142857,86.14285714285714,755.4285714285714,401.14285714285717
2023-02-21 00:00:00+00:00,22.0,1.0,5.0,16.0,7,521.1428571428571,78.71428571428571,78.71428571428571,678.5714285714286,406.57142857142856
2023-02-28 00:00:00+00:00,18.0,2.0,3.0,13.0,7,400.14285714285717,120.0,64.0,584.1428571428571,312.2857142857143
2023-03-07 00:00:00+00:00,10.0,2.0,1.0,7.0,7,411.14285714285717,118.14285714285714,88.14285714285714,617.4285714285714,363.14285714285717
2023-03-14 00:00:00+00:00,5.0,0.0,1.0,4.0,7,523.7142857142857,120.42857142857143,102.57142857142857,746.7142857142857,440.42857142857144
2023-03-21 00:00:00+00:00,5.0,0.0,0.0,5.0,7,573.5714285714286,100.57142857142857,70.85714285714286,745.0,419.42857142857144
2023-03-28 00:00:00+00:00,13.0,1.0,2.0,10.0,7,496.0,119.28571428571429,113.28571428571429,728.5714285714286,374.0
2023-04-04 00:00:00+00:00,9.0,0.0,6.0,3.0,7,505.7142857142857,96.85714285714286,75.42857142857143,678.0,400.14285714285717
2023-04-11 00:00:00+00:00,9.0,2.0,0.0,7.0,7,583.5714285714286,98.42857142857143,69.85714285714286,751.8571428571429,445.57142857142856
2023-04-18 00:00:00+00:00,15.0,2.0,5.0,8.0,7,549.7142857142857,54.42857142857143,68.42857142857143,672.5714285714286,369.2857142857143
2023-04-25 00:00:00+00:00,20.0,1.0,6.0,13.0,7,520.0,105.28571428571429,57.857142857142854,683.1428571428571,427.14285714285717
2023-05-02 00:00:00+00:00,11.0,1.0,1.0,9.0,7,544.1428571428571,154.71428571428572,79.42857142857143,778.2857142857143,455.57142857142856
2023-05-09 00:00:00+00:00,8.0,0.0,2.0,6.0,7,459.42857142857144,116.28571428571429,87.71428571428571,663.4285714285714,397.85714285714283
2023-05-16 00:00:00+00:00,10.0,0.0,2.0,8.0,7,541.4285714285714,91.85714285714286,139.42857142857142,772.7142857142857,397.0
2023-05-23 00:00:00+00:00,11.0,1.0,2.0,8.0,7,471.7142857142857,86.85714285714286,59.57142857142857,618.1428571428571,438.2857142857143
2023-05-30 00:00:00+00:00,13.0,2.0,6.0,5.0,7,463.42857142857144,84.14285714285714,73.28571428571429,620.8571428571429,437.42857142857144
2023-06-06 00:00:00+00:00,16.0,2.0,4.0,10.0,7,519.0,125.85714285714286,78.57142857142857,723.4285714285714,375.85714285714283
2023-06-13 00:00:00+00:00,18.0,1.0,2.0,15.0,7,684.7142857142857,97.28571428571429,55.714285714285715,837.7142857142857,379.7142857142857
2023-06-20 00:00:00+00:00,18.0,2.0,5.0,11.0,7,631.1428571428571,81.14285714285714,54.285714285714285,766.5714285714286,378.0
2023-06-27 00:00:00+00:00,12.0,0.0,2.0,10.0,7,576.5714285714286,97.28571428571429,62.42857142857143,736.2857142857143,429.2857142857143
2023-07-03 00:00:00+00:00,25.0,0.0,5.0,20.0,7,588.4285714285714,129.71428571428572,107.14285714285714,825.2857142857143,460.0
2023-07-10 00:00:00+00:00,14.0,0.0,4.0,10.0,7,508.0,83.28571428571429,116.57142857142857,707.8571428571429,427.42857142857144
2023-07-17 00:00:00+00:00,21.0,0.0,10.0,11.0,7,614.0,97.14285714285714,95.42857142857143,806.5714285714286,466.42857142857144
2023-07-25 00:00:00+00:00,20.0,0.0,8.0,12.0,7,553.5714285714286,61.0,70.85714285714286,685.4285714285714,440.57142857142856
2023-08-01 00:00:00+00:00,22.0,1.0,5.0,16.0,7,488.0,105.14285714285714,47.0,640.1428571428571,375.0
2023-08-08 00:00:00+00:00,16.0,1.0,2.0,13.0,7,536.1428571428571,81.71428571428571,37.42857142857143,655.2857142857143,392.14285714285717
2023-08-15 00:00:00+00:00,10.0,0.0,2.0,8.0,7,504.42857142857144,149.71428571428572,38.0,692.1428571428571,431.42857142857144
2023-08-22 00:00:00+00:00,9.0,0.0,1.0,8.0,7,484.2857142857143,87.85714285714286,125.71428571428571,697.8571428571429,334.85714285714283
2023-08-29 00:00:00+00:00,14.0,1.0,3.0,10.0,7,581.8571428571429,118.14285714285714,102.0,802.0,427.2857142857143
2023-09-05 00:00:00+00:00,33.0,0.0,13.0,20.0,7,527.2857142857143,78.85714285714286,86.14285714285714,692.2857142857143,387.42857142857144
2023-09-12 00:00:00+00:00,23.0,0.0,15.0,8.0,7,654.0,103.0,71.42857142857143,828.4285714285714,431.0
2023-09-15 00:00:00+00:00,31.0,0.0,16.0,15.0,7,606.4285714285714,116.71428571428571,62.142857142857146,785.2857142857143,440.42857142857144
2023-09-26 00:00:00+00:00,24.0,0.0,11.0,13.0,7,506.14285714285717,99.71428571428571,74.42857142857143,680.2857142857143,392.7142857142857
