Port,YearMonth,UniqueVessels,MeanDwellDays,MedianDwellDays,StdDwellDays,MinDwellDays,MaxDwellDays,TotalObservations,AvgVesselLength,PortName,days_ok,days_total
Houston,2015-01,358,4.792479923184358,2.2992476851851853,6.303058513797381,0.0269212962962962,30.306909722222223,100099,185.9070111731844,Houston,31,31
LA_Long_Beach,2015-01,205,7.438795901084011,5.518541666666667,6.889828216343058,0.0008101851851851,30.99959490740741,658649,249.9693170731707,LA_Long_Beach,31,31
NY_NJ,2015-01,235,3.257377413317573,1.1405787037037036,5.866860972130745,0.0166550925925925,30.03957175925926,98747,236.47582978723403,NY_NJ,31,31
Savannah,2015-01,147,1.8703324200050395,0.9817824074074074,3.655530144619709,0.0820717592592592,28.10853009259259,109236,255.80625850340132,Savannah,31,31
Seattle,2015-01,108,6.202327246227709,4.156012731481482,7.110874273944848,0.006099537037037,30.99910879629629,215003,238.8686111111112,Seattle,31,31
Houston,2015-02,337,4.932298089075723,2.432233796296296,6.082906867887721,0.0166435185185185,27.998310185185183,90672,185.896706231454,Houston,28,28
LA_Long_Beach,2015-02,226,7.676772472140282,4.893460648148148,7.457610879913433,0.0079166666666666,27.999641203703703,788017,249.1819026548673,LA_Long_Beach,28,28
NY_NJ,2015-02,224,3.352608351934524,1.3440104166666669,5.608524503364514,0.0166550925925925,27.38383101851852,109528,234.5002232142857,NY_NJ,28,28
Savannah,2015-02,132,1.5612664842873176,0.9783564814814816,2.1308801489313103,0.0435648148148148,16.53556712962963,101312,251.3188636363637,Savannah,28,28
Seattle,2015-02,104,5.554373219373219,2.9965625,7.023719668404542,0.0030555555555555,27.99922453703704,186515,243.87163461538464,Seattle,28,28
Houston,2015-03,355,4.80012242436098,2.325277777777778,6.346537992901872,0.0,29.24474537037037,114590,186.11769014084507,Houston,31,31
LA_Long_Beach,2015-03,266,7.408230559036481,5.635908564814814,7.307850229057654,0.0,30.99984953703704,846413,248.36819548872185,LA_Long_Beach,31,31
NY_NJ,2015-03,243,2.919143661408322,1.2393981481481482,5.145789572472133,0.0,28.93957175925926,108659,240.959341563786,NY_NJ,31,31
Savannah,2015-03,152,1.4910883436890838,1.066603009259259,1.9804198102478976,0.0372800925925925,18.463229166666668,122302,249.2568421052632,Savannah,31,31
Seattle,2015-03,121,4.073238158096113,2.044224537037037,5.954729692250899,0.0081018518518518,30.99673611111111,140451,240.21438016528924,Seattle,31,31
Houston,2015-04,392,4.579226810515872,2.157019675925926,6.086097489257772,0.0264004629629629,29.9990625,102927,185.96456632653064,Houston,30,30
LA_Long_Beach,2015-04,247,5.894291497975709,3.9521527777777776,6.781734527908698,0.0020833333333333,29.99795138888889,616369,249.766072874494,LA_Long_Beach,30,30
NY_NJ,2015-04,228,3.144162910168941,1.084155092592593,5.677624462389411,0.016875,29.469953703703705,84935,238.8173245614035,NY_NJ,30,30
Savannah,2015-04,142,2.144308897365676,1.0113483796296296,4.341558194178235,0.0614699074074074,28.51601851851852,108732,255.2311971830986,Savannah,30,30
Seattle,2015-04,109,4.195130287971458,1.9888310185185183,6.26666768424051,0.0080092592592592,29.99785879629629,81660,234.88871559633023,Seattle,30,30
Houston,2015-05,342,5.006651911414338,2.3969039351851853,6.647379318238103,0.0165625,30.993761574074075,100620,189.7690350877193,Houston,31,31
LA_Long_Beach,2015-05,244,5.567691494004251,3.499091435185185,6.922094129271391,0.240162037037037,30.99858796296296,562260,246.71766393442624,LA_Long_Beach,31,31
NY_NJ,2015-05,242,3.209094830884604,1.2091030092592594,5.936569613207916,0.0,30.99900462962963,88633,235.8369421487604,NY_NJ,31,31
Savannah,2015-05,165,1.662112724466891,1.0054166666666666,2.8366620969804788,0.1797800925925926,29.009664351851853,127343,254.94848484848484,Savannah,31,31
Seattle,2015-05,113,4.104712082104228,1.6293171296296296,6.925959471680653,0.0,30.997939814814814,89200,238.0398230088496,Seattle,31,31
Houston,2015-06,345,4.950433340042942,2.346550925925926,6.380817803923787,0.0046180555555555,28.02634259259259,79992,187.3779420289855,Houston,30,30
LA_Long_Beach,2015-06,238,4.70243614807034,2.685954861111111,6.1875754307548,0.0254398148148148,29.99859953703704,477737,244.17575630252105,LA_Long_Beach,30,30
NY_NJ,2015-06,238,2.7565842864923744,1.209045138888889,4.803511595584539,0.0038310185185185,29.230185185185185,76838,235.0097478991597,NY_NJ,30,30
Savannah,2015-06,154,1.3903223454785951,0.9818287037037036,1.8968237201655604,0.0329513888888888,11.856574074074071,113643,253.29545454545453,Savannah,30,30
Seattle,2015-06,107,3.904563754759432,1.8886921296296293,6.554787756023752,0.0007060185185185,29.999328703703704,67752,237.1821495327103,Seattle,30,30
Houston,2015-07,334,4.625818848414283,2.160972222222222,6.291812314635904,0.0100578703703703,28.83505787037037,87168,188.45778443113767,Houston,31,31
LA_Long_Beach,2015-07,244,5.345124041818457,3.017297453703704,7.179822222256028,0.0144560185185185,30.99917824074074,501059,252.9234836065574,LA_Long_Beach,31,31
NY_NJ,2015-07,245,3.156877739984883,1.169699074074074,5.88765690289758,0.0118171296296296,30.39976851851852,82225,239.600612244898,NY_NJ,31,31
Savannah,2015-07,162,1.9592834790809328,0.8556770833333334,4.36901477193042,0.0891203703703703,28.52880787037037,107887,258.056975308642,Savannah,31,31
Seattle,2015-07,95,4.037801900584795,1.64,7.0690708887589295,0.0021643518518518,30.99716435185185,57667,247.9711578947368,Seattle,31,31
Houston,2015-08,358,4.658898167546038,2.1728819444444443,6.498263243147472,0.0007060185185185,30.99864583333333,83588,185.21969273743017,Houston,31,31
LA_Long_Beach,2015-08,239,4.6581472280334735,2.803298611111111,6.02310501904086,0.0933101851851851,30.997916666666665,443757,254.32117154811715,LA_Long_Beach,31,31
NY_NJ,2015-08,240,3.098458670910494,1.095787037037037,6.140932815472895,0.001574074074074,30.069375,73720,234.6219583333333,NY_NJ,31,31
Savannah,2015-08,164,1.4594385162601626,0.8682523148148148,2.391497014318177,0.1101851851851851,21.587233796296296,111062,251.07146341463417,Savannah,31,31
Seattle,2015-08,108,3.914777842078189,1.91066550925926,6.501920455758156,0.0082638888888888,30.998692129629628,67468,246.7476851851852,Seattle,31,31
Houston,2015-09,342,4.092014396523717,1.956672453703704,5.773436488037224,0.0045486111111111,28.24483796296296,72893,185.98415204678363,Houston,30,30
LA_Long_Beach,2015-09,219,4.868091651868763,2.9920138888888888,6.73389566119787,0.0225810185185185,29.99931712962963,410144,253.73520547945208,LA_Long_Beach,30,30
NY_NJ,2015-09,237,2.996557909438975,1.0504050925925923,5.766387384905323,0.0,29.41292824074074,84166,234.5157383966245,NY_NJ,30,30
Savannah,2015-09,158,1.2632159077590248,0.8369560185185185,2.092894219524104,0.0208333333333333,21.63700231481481,98832,262.13696202531645,Savannah,30,30
Seattle,2015-09,87,4.180211659216688,1.908275462962963,6.605592053824085,0.0066666666666666,29.99954861111112,109318,250.80241379310343,Seattle,30,30
Houston,2015-10,279,4.129615317602549,1.6700231481481482,6.305897934513133,0.0007986111111111,28.43728009259259,64142,186.21935483870968,Houston,31,31
LA_Long_Beach,2015-10,210,5.254442680776014,2.7534722222222223,7.390672151004594,0.0431712962962963,30.998622685185182,414469,253.2051904761905,LA_Long_Beach,31,31
NY_NJ,2015-10,254,2.725979376275882,1.142407407407407,5.3090453562074655,0.0020717592592592,30.063622685185184,94416,233.25366141732283,NY_NJ,31,31
Savannah,2015-10,163,1.4839136701885935,0.8341666666666666,2.7708337569863097,0.0334606481481481,21.647719907407406,101622,258.78,Savannah,31,31
Seattle,2015-10,99,3.770923938458661,1.2823958333333334,7.384928810265569,0.0068055555555555,30.99959490740741,95246,240.35656565656564,Seattle,31,31
Houston,2015-11,294,3.4087618496472665,1.667945601851852,5.164530240967655,0.0,27.01609953703704,51297,184.3604761904762,Houston,30,30
LA_Long_Beach,2015-11,216,4.748774112654321,2.733269675925926,6.683580943161452,0.0434606481481481,29.998703703703704,356869,254.67347222222224,LA_Long_Beach,30,30
NY_NJ,2015-11,222,2.914833479312646,1.0663541666666667,5.7569772608630325,0.0084837962962962,29.346747685185186,59204,238.92283783783785,NY_NJ,30,30
Savannah,2015-11,145,1.4950085408684546,0.7765277777777778,3.1266246934903164,0.0015277777777777,21.630914351851853,74490,265.3601379310345,Savannah,30,30
Seattle,2015-11,102,4.248254697712419,1.7152488425925925,6.71457620918089,0.0029282407407407,29.999872685185185,148818,245.86323529411763,Seattle,30,30
Houston,2015-12,323,4.40880034543057,2.1338194444444443,6.088439197055175,0.0083217592592592,30.333171296296296,78845,185.1660371517028,Houston,31,31
LA_Long_Beach,2015-12,213,5.713724515301687,2.637037037037037,8.018117935130052,0.0743402777777777,30.99962962962963,438767,248.75901408450704,LA_Long_Beach,31,31
NY_NJ,2015-12,226,3.379740146673222,1.059247685185185,6.072989720465393,0.0038310185185185,30.388159722222223,84563,235.9432300884956,NY_NJ,31,31
Savannah,2015-12,149,1.745920876833209,0.9153587962962964,3.0396869572511345,0.0945717592592592,24.022743055555555,104387,258.36724832214765,Savannah,31,31
Seattle,2015-12,100,4.455471180555556,1.5317650462962962,7.883430389368665,0.0015277777777777,30.99971064814815,140759,245.0189,Seattle,31,31
Houston,2016-01,306,5.214407906681191,2.9954166666666664,6.187358309159421,0.0270717592592592,29.51175925925926,80496,182.56522875816992,Houston,31,31
LA_Long_Beach,2016-01,221,4.99518424250042,2.697337962962963,6.949788395948102,0.0159722222222222,30.01738425925926,500506,251.53054298642533,LA_Long_Beach,31,31
NY_NJ,2016-01,226,3.136619807030482,1.148119212962963,5.8364206223561625,0.0149074074074074,28.74732638888889,98403,234.26676991150444,NY_NJ,31,31
Savannah,2016-01,152,1.976339166057505,0.9132060185185183,3.541078548771982,0.1790277777777777,21.58020833333333,110971,260.23532894736843,Savannah,31,31
Seattle,2016-01,99,4.134379325664048,1.6045138888888888,7.036680286025145,0.0047337962962962,30.019247685185185,152211,251.129393939394,Seattle,31,31
Houston,2016-02,206,3.498266585760518,2.2289120370370368,3.665838123949977,0.0200694444444444,20.25778935185185,47063,184.76728155339805,Houston,29,29
LA_Long_Beach,2016-02,146,3.76009869672755,2.5398553240740744,4.43729723405027,0.0,24.836886574074075,253153,255.1589726027397,LA_Long_Beach,29,29
NY_NJ,2016-02,145,2.410850574712644,1.115300925925926,3.741362749884217,0.015,20.979814814814816,60932,227.27062068965515,NY_NJ,29,29
Savannah,2016-02,88,1.185000789141414,0.8527372685185185,1.5759479986506564,0.1039004629629629,10.29150462962963,53412,264.6775,Savannah,29,29
Seattle,2016-02,58,3.131681832694764,1.3303645833333333,4.32206047145019,0.0067013888888888,16.18537037037037,78303,237.59241379310345,Seattle,29,29
Houston,2016-03,190,3.042633589181287,1.88828125,3.909685643750635,0.0254629629629629,25.5435300925926,45541,183.54063157894737,Houston,31,31
LA_Long_Beach,2016-03,125,3.2690625,2.0701157407407407,4.317837918168877,0.0469907407407407,28.61376157407408,216496,246.67192,LA_Long_Beach,31,31
NY_NJ,2016-03,135,2.195639831961591,1.1046180555555556,3.2384319446835423,0.0154050925925925,15.62429398148148,44095,236.90474074074075,NY_NJ,31,31
Savannah,2016-03,76,1.2342690058479533,0.8179340277777778,1.6838172425616944,0.0938078703703703,9.3434375,45989,267.14157894736843,Savannah,31,31
Seattle,2016-03,57,2.7783581059129303,1.1761805555555556,4.7675756674698695,0.0094212962962962,29.21383101851852,65862,242.72508771929824,Seattle,31,31
Houston,2016-04,210,2.807200892857143,1.6744907407407408,3.608360534994021,0.0265162037037037,23.550358796296297,42693,182.6035238095238,Houston,30,30
LA_Long_Beach,2016-04,152,3.430832191154971,2.0199131944444444,4.175632339646331,0.0281134259259259,18.495243055555555,223829,248.75440789473683,LA_Long_Beach,30,30
NY_NJ,2016-04,150,2.8884925154320986,1.1479629629629629,4.190703154341181,0.0070601851851851,18.656041666666667,61966,233.7907382550336,NY_NJ,30,30
Savannah,2016-04,105,1.7798087522045851,0.847037037037037,3.1433384256063763,0.0096180555555555,19.14966435185185,68828,264.7419047619048,Savannah,30,30
Seattle,2016-04,65,2.288747150997151,1.5899189814814816,3.099052911757845,0.0080671296296296,17.37263888888889,45986,259.5001538461538,Seattle,30,30
Houston,2016-05,304,4.689854486476608,2.3890914351851853,6.202288860740157,0.0255671296296296,30.99773148148148,82653,187.6050986842105,Houston,31,31
LA_Long_Beach,2016-05,145,3.591549249680716,2.4230324074074074,4.448987462478825,0.0,18.725,169387,254.1676551724138,LA_Long_Beach,31,31
NY_NJ,2016-05,249,3.64895517254202,1.1124768518518515,6.696745914332676,0.0162962962962962,30.99879629629629,97289,233.17197580645163,NY_NJ,31,31
Savannah,2016-05,160,1.8378754340277776,0.7982407407407408,3.591753560988358,0.015,28.478657407407407,112609,262.83693750000003,Savannah,31,31
Seattle,2016-05,90,3.852905349794239,1.731076388888889,6.009268021732999,0.0021643518518518,30.99922453703704,121646,249.24422222222225,Seattle,31,31
Houston,2016-06,298,5.216176865833955,2.475711805555555,6.63183339216007,0.0255671296296296,28.360046296296296,86342,184.6396979865772,Houston,30,30
LA_Long_Beach,2016-06,215,4.131518733850129,2.373946759259259,5.5225701324936285,0.0,27.15516203703704,352464,252.5477674418605,LA_Long_Beach,30,30
NY_NJ,2016-06,238,3.236678143479614,1.1280381944444444,6.168968579733245,0.0044212962962962,29.998472222222222,129313,233.10029535864984,NY_NJ,30,30
Savannah,2016-06,150,1.7166064043209877,0.8260300925925925,3.4547031201273186,0.1467824074074074,29.99747685185185,103447,257.4722,Savannah,30,30
Seattle,2016-06,91,3.55147117928368,1.7351273148148147,5.943667429753103,0.0025462962962962,29.999791666666667,145368,250.9414285714286,Seattle,30,30
Houston,2016-07,307,4.625591107190251,2.260150462962963,5.874918456020673,0.0268518518518518,28.94601851851852,85986,183.3971661237785,Houston,31,31
LA_Long_Beach,2016-07,225,5.295808641975309,2.6348148148148147,7.483651647290573,0.0381828703703703,30.999733796296297,440040,254.21066666666667,LA_Long_Beach,31,31
NY_NJ,2016-07,244,3.6156169835306615,1.179976851851852,6.402059580266528,0.0016319444444444,30.99700231481481,119597,234.2338524590164,NY_NJ,31,31
Savannah,2016-07,152,2.1444532772904483,0.9341087962962964,4.487566395879552,0.0239699074074074,30.636238425925924,113707,261.45125,Savannah,31,31
Seattle,2016-07,88,3.577584175084175,1.783917824074074,6.015507798661893,0.0072106481481481,30.99996527777778,101224,255.73943181818183,Seattle,31,31
Houston,2016-08,286,5.104543714387464,2.1935069444444446,6.82628663806189,0.027662037037037,30.94497685185185,76302,186.67632867132863,Houston,31,31
LA_Long_Beach,2016-08,235,4.918404895587076,2.3224189814814813,7.037269464656706,0.0603009259259259,30.99766203703704,413829,248.7829361702128,LA_Long_Beach,31,31
NY_NJ,2016-08,230,4.218262580515297,1.232980324074074,7.035606593359115,0.0162847222222222,30.70836805555556,97233,231.9944782608696,NY_NJ,31,31
Savannah,2016-08,136,2.027677696078431,0.8948611111111111,4.017936903638982,0.3862037037037037,28.615219907407408,104475,266.44095588235297,Savannah,31,31
Seattle,2016-08,97,3.335157025582283,1.4866666666666666,5.692561028918732,0.0059027777777777,30.998668981481483,95078,250.94268041237112,Seattle,31,31
Houston,2016-09,299,5.031438591601635,2.478101851851852,6.1595805502639225,0.0007986111111111,27.6209375,74561,186.1327424749164,Houston,30,30
LA_Long_Beach,2016-09,207,4.5458988638396844,2.184988425925926,6.953826402676567,0.1073726851851851,29.999363425925925,341625,250.3543961352657,LA_Long_Beach,30,30
NY_NJ,2016-09,199,3.399735424809231,1.0789236111111111,6.259935675452106,0.0159375,29.463530092592592,77171,233.5110101010101,NY_NJ,30,30
Savannah,2016-09,132,2.067844942480359,0.9620949074074074,4.247005666439026,0.0188773148148148,27.98363425925925,96504,262.6509848484848,Savannah,30,30
Seattle,2016-09,89,4.131118783811902,2.0250578703703703,6.532825245049563,0.0045138888888888,29.999340277777776,89544,242.3078651685393,Seattle,30,30
Houston,2016-10,291,5.0968261184294255,2.2360185185185184,6.62531774726971,0.0032175925925925,28.95930555555556,74432,182.6948797250859,Houston,31,31
LA_Long_Beach,2016-10,209,4.384708654527734,2.568935185185185,6.261655864084154,0.0,30.99935185185185,372264,253.5836363636364,LA_Long_Beach,31,31
NY_NJ,2016-10,224,3.652323185350529,1.198449074074074,6.696897617852655,0.0015162037037037,29.86113425925926,99118,227.97205357142852,NY_NJ,31,31
Savannah,2016-10,136,2.236663347630719,0.972199074074074,4.428144344120938,0.0471527777777777,28.05231481481481,96074,264.24919117647056,Savannah,31,31
Seattle,2016-10,92,3.47564148047504,1.6935532407407408,5.776845284413424,0.0065277777777777,30.99914351851852,88433,253.0159782608696,Seattle,31,31
Houston,2016-11,298,4.625613464765101,2.300601851851852,6.0394792908433725,0.0175578703703703,29.20451388888889,74307,183.94406040268456,Houston,30,30
LA_Long_Beach,2016-11,205,4.748045562330623,2.5932291666666667,6.557145493186359,0.1575694444444444,29.99969907407408,369105,252.03692682926828,LA_Long_Beach,30,30
NY_NJ,2016-11,202,3.7600391341217456,1.2451157407407407,6.475487450961079,0.015636574074074,29.99972222222222,134479,226.53188118811883,NY_NJ,30,30
Savannah,2016-11,136,1.8942930453431368,0.9903414351851852,3.7087953135949694,0.0102314814814814,28.49828703703704,99975,260.4538235294117,Savannah,30,30
Seattle,2016-11,95,3.561477826510721,2.0135300925925925,5.297891765905472,0.0061111111111111,29.99988425925926,101833,249.38673684210528,Seattle,30,30
Houston,2016-12,276,5.645575013419216,2.2426909722222224,7.236786063495832,0.0032407407407407,30.32537037037037,75379,182.99576086956523,Houston,31,31
LA_Long_Beach,2016-12,202,5.310554925284195,2.66240162037037,7.4710799936185905,0.081724537037037,30.99935185185185,379371,251.0265346534653,LA_Long_Beach,31,31
NY_NJ,2016-12,198,3.400868055555556,1.1368287037037037,6.550985435669814,0.0157986111111111,30.375925925925927,76752,228.54949494949497,NY_NJ,31,31
Savannah,2016-12,123,3.0264619090635354,1.036145833333333,5.922139988859524,0.0126041666666666,29.97741898148148,107248,260.57650406504064,Savannah,31,31
Seattle,2016-12,90,3.952525462962962,1.7908564814814816,6.847490277817573,0.0036805555555555,30.998692129629628,128474,250.9432222222222,Seattle,31,31
Houston,2017-01,305,5.317588683970856,2.4651388888888888,6.439095888584759,0.0288078703703703,28.70530092592593,87762,183.2854426229508,Houston,31,31
LA_Long_Beach,2017-01,202,4.505733750458379,2.644577546296296,6.206854694078943,0.0302083333333333,30.99939814814815,350202,250.6791584158416,LA_Long_Beach,31,31
NY_NJ,2017-01,177,3.038850570202971,1.249826388888889,5.253307143005801,0.0187384259259259,30.013391203703705,72224,228.64621468926552,NY_NJ,31,31
Savannah,2017-01,119,2.062165518985372,1.1050578703703704,3.722628704937245,0.1409837962962963,22.87028935185185,89717,270.1820168067227,Savannah,31,31
Seattle,2017-01,90,3.498730066872428,1.6571527777777777,5.581925635548739,0.0058564814814814,30.99966435185185,136914,253.86400000000003,Seattle,31,31
Houston,2017-02,269,4.857577232204323,2.5629050925925925,5.802217369740152,0.0,26.65895833333333,68950,184.4842164179105,Houston,28,28
LA_Long_Beach,2017-02,192,5.192544427565586,3.0955092592592592,6.610105762498316,0.0280092592592592,27.99976851851852,428391,251.24817708333333,LA_Long_Beach,28,28
NY_NJ,2017-02,184,2.9743526695853464,1.0700694444444443,5.407454121276683,0.0164583333333333,26.258541666666662,66570,237.3349456521739,NY_NJ,28,28
Savannah,2017-02,122,1.3589877428658166,0.988113425925926,1.9048598148761595,0.0091203703703703,15.288391203703704,87652,265.5627049180328,Savannah,28,28
Seattle,2017-02,81,3.976321302011888,1.853738425925926,6.228545116305108,0.0067361111111111,27.999513888888888,135538,259.2171604938272,Seattle,28,28
Houston,2017-03,286,4.765918601074851,2.171336805555556,6.371351686559393,0.0132523148148148,28.24571759259259,71023,184.49740350877192,Houston,31,31
LA_Long_Beach,2017-03,216,4.959323881172839,2.8339236111111115,6.71524338570166,0.1752662037037037,30.998854166666668,418141,248.8723611111111,LA_Long_Beach,31,31
NY_NJ,2017-03,190,3.4371705043859646,1.211724537037037,6.343755268085394,0.0,29.995833333333334,70391,233.3818947368421,NY_NJ,31,31
Savannah,2017-03,135,2.232025634430727,1.0119212962962962,4.72015579003568,0.1578587962962963,29.542488425925924,92545,260.91925925925926,Savannah,31,31
Seattle,2017-03,92,4.082557996175523,1.7366435185185187,7.04549994458919,0.0061111111111111,30.99923611111111,122842,241.1460869565217,Seattle,31,31
Houston,2017-04,296,4.431239677177177,2.221371527777778,5.65530563938385,0.0240393518518518,27.522650462962964,77378,185.895,Houston,30,30
LA_Long_Beach,2017-04,190,5.200227704678363,3.0336747685185186,6.668214826160722,0.0063888888888888,29.998726851851853,416070,251.17536842105264,LA_Long_Beach,30,30
NY_NJ,2017-04,192,3.3418804856288578,1.2428993055555555,6.0238848300205765,0.0158333333333333,28.53141203703704,68291,230.0344502617801,NY_NJ,30,30
Savannah,2017-04,131,2.0572489927905004,0.9867361111111111,4.518001348901723,0.0180671296296296,28.129733796296296,87270,259.2171755725191,Savannah,30,30
Seattle,2017-04,80,4.415697627314815,1.8582291666666668,7.419362323408335,0.0,29.999583333333334,106869,254.755375,Seattle,30,30
Houston,2017-05,261,5.176635669433802,2.270439814814815,6.604478347065077,0.0265162037037037,29.274212962962963,62148,189.9851340996169,Houston,31,31
LA_Long_Beach,2017-05,207,5.545453234031132,3.100266203703704,7.216718119025118,0.0083333333333333,30.998564814814817,472332,255.5669565217392,LA_Long_Beach,31,31
NY_NJ,2017-05,196,4.117686130007559,1.288900462962963,6.688371651286945,0.0166782407407407,29.73490740740741,86259,234.19525510204085,NY_NJ,31,31
Savannah,2017-05,132,2.0041120405443325,0.8677777777777778,3.984957805155899,0.0550462962962962,26.168900462962963,80361,266.9659848484849,Savannah,31,31
Seattle,2017-05,80,4.891956741898148,1.7345543981481482,7.817334426741344,0.0075694444444444,30.999872685185185,168341,245.21225,Seattle,31,31
Houston,2017-06,286,5.043378658378658,2.369403935185185,6.808700001647002,0.0252430555555555,29.998472222222222,66137,186.0140909090909,Houston,30,30
LA_Long_Beach,2017-06,199,5.427788014144798,3.0635879629629628,7.227071614708983,0.0659375,29.999861111111112,462575,251.21653266331657,LA_Long_Beach,30,30
NY_NJ,2017-06,182,3.309604573667074,1.341736111111111,5.5718469244656585,0.0169907407407407,29.30255787037037,70275,240.018021978022,NY_NJ,30,30
Savannah,2017-06,121,1.9136834251606976,0.8826388888888889,3.747066298637948,0.0214467592592592,22.376840277777777,78365,268.03338842975205,Savannah,30,30
Seattle,2017-06,69,4.451963566827698,2.093425925925926,7.1246342240774165,0.0066666666666666,29.998541666666668,104250,249.8736231884058,Seattle,30,30
Houston,2017-07,285,4.309075048732944,2.119907407407408,5.87293731739451,0.0262384259259259,30.133622685185184,65459,187.89649122807012,Houston,31,31
LA_Long_Beach,2017-07,206,5.163736459457029,3.035254629629629,7.086932331714194,0.0944328703703703,30.99996527777778,459384,254.493786407767,LA_Long_Beach,31,31
NY_NJ,2017-07,189,3.624674211248285,1.2949537037037038,6.306639352122862,0.0017361111111111,30.25579861111111,76161,237.51931216931217,NY_NJ,31,31
Savannah,2017-07,130,2.780796296296296,0.9885532407407408,5.260768198745821,0.1676736111111111,29.21336805555556,101202,269.1948461538462,Savannah,31,31
Seattle,2017-07,70,2.992435681216932,1.2985300925925929,5.999552531408597,0.0065856481481481,29.13365740740741,38193,257.6825714285714,Seattle,31,31
Houston,2017-08,233,4.218743443013829,2.3526504629629628,4.916592544314914,0.0246643518518518,22.71614583333333,44910,185.72081545064376,Houston,31,31
LA_Long_Beach,2017-08,214,5.148230032018,2.823767361111111,6.987313046141732,0.0095833333333333,30.99943287037037,424446,248.99495327102804,LA_Long_Beach,31,31
NY_NJ,2017-08,195,3.5540367402659068,1.3260532407407408,6.021119450421127,0.0152893518518518,30.17824074074074,62482,241.1485641025641,NY_NJ,31,31
Savannah,2017-08,126,2.2185968731628454,0.9534085648148148,4.279833678479761,0.222824074074074,26.940844907407406,82800,277.6151587301587,Savannah,31,31
Seattle,2017-08,83,2.817123493975904,1.7916087962962963,4.735494141894707,0.0074305555555555,28.529594907407407,51339,245.43759036144576,Seattle,31,31
Houston,2017-09,267,4.362414343182133,2.057395833333333,5.716940637087543,0.0145833333333333,25.675717592592594,55937,188.09449438202248,Houston,30,30
LA_Long_Beach,2017-09,194,5.0143412323405885,2.6155555555555554,6.908981532240569,0.0,29.998310185185183,400801,253.42216494845363,LA_Long_Beach,30,30
NY_NJ,2017-09,179,3.394271738568177,1.3128587962962963,5.430991485449428,0.0146527777777777,29.181273148148147,73861,238.23145251396647,NY_NJ,30,30
Savannah,2017-09,117,1.996073915796138,0.9141898148148148,3.7110766355582254,0.1568055555555555,28.274074074074075,82514,268.1582905982906,Savannah,30,30
Seattle,2017-09,73,3.927545503551497,1.5536921296296295,6.787683406817992,0.0081134259259259,29.998252314814813,104604,240.587397260274,Seattle,30,30
Houston,2017-10,284,4.941839421948357,2.299554398148148,6.855853925311775,0.0176041666666666,29.55087962962963,57092,186.84556338028167,Houston,31,31
LA_Long_Beach,2017-10,186,4.8482070141377935,2.6955439814814817,6.527298822939534,0.2953703703703704,30.995833333333334,343806,246.4209677419355,LA_Long_Beach,31,31
NY_NJ,2017-10,179,3.32018156424581,1.1360300925925926,5.953466935179524,0.0162384259259259,28.98804398148148,52237,238.54664804469272,NY_NJ,31,31
Savannah,2017-10,132,1.964332737093154,0.9619849537037036,3.3636073552708523,0.0274421296296296,21.668587962962963,86283,271.5750757575758,Savannah,31,31
Seattle,2017-10,72,3.2828367734053496,1.886157407407408,5.345663680766117,0.007349537037037,30.999733796296297,57288,245.67902777777772,Seattle,31,31
Houston,2017-11,263,4.485467935854105,2.2528587962962963,5.629341460507667,0.0139583333333333,27.313738425925926,61843,188.740608365019,Houston,30,30
LA_Long_Beach,2017-11,169,5.6568973263204025,3.228310185185185,7.353845438408748,0.0621527777777777,29.998101851851853,352840,253.50550295857988,LA_Long_Beach,30,30
NY_NJ,2017-11,179,3.3567028760604183,1.177638888888889,5.856005853671032,0.0169560185185185,28.99633101851852,73086,245.39631284916203,NY_NJ,30,30
Savannah,2017-11,128,1.455877730758102,0.9647916666666668,2.22759220685593,0.065625,18.574641203703703,91674,269.37179687500003,Savannah,30,30
Seattle,2017-11,82,3.742356312104788,1.6703877314814817,6.739602360644701,0.0007060185185185,29.99709490740741,130414,237.0860975609756,Seattle,30,30
Houston,2017-12,255,4.562823211692084,2.2588541666666666,6.161724809279359,0.0224537037037037,28.99820601851852,65698,188.8585882352941,Houston,31,31
LA_Long_Beach,2017-12,188,4.489862465524035,2.6252314814814817,6.126453292652706,0.0659606481481481,30.999583333333334,382959,253.0830319148936,LA_Long_Beach,31,31
NY_NJ,2017-12,171,3.218140296729478,1.2557523148148149,5.671810963000258,0.0101967592592592,30.187916666666663,52050,244.90795321637427,NY_NJ,31,31
Savannah,2017-12,109,1.699922804111451,1.0158333333333334,3.3550612031773888,0.0396412037037037,28.02252314814815,84308,269.93256880733946,Savannah,31,31
Seattle,2017-12,70,4.77229083994709,1.7467361111111113,8.091796425531498,0.0,30.99836805555556,124207,238.51071428571427,Seattle,31,31
Houston,2018-01,469,5.021957869383242,2.598240740740741,6.3405020917180615,0.0063657407407407,30.299560185185182,103938,187.0134529147982,Houston,31,31
LA_Long_Beach,2018-01,318,4.352298145236431,2.701232638888889,5.802291388313999,0.0104166666666666,30.999328703703704,529007,258.0325732899023,LA_Long_Beach,31,31
NY_NJ,2018-01,300,3.914139814814815,1.6255381944444445,6.299154860345037,0.0146759259259259,30.99965277777778,170903,243.67006802721087,NY_NJ,31,31
Savannah,2018-01,201,1.8300901165468952,1.0483680555555557,3.238918830103373,0.0101388888888888,25.56189814814815,147429,261.8606965174129,Savannah,31,31
Seattle,2018-01,128,4.304596896701389,2.2777546296296296,5.981937178509536,0.000787037037037,30.99556712962963,106957,249.424,Seattle,31,31
Houston,2018-02,447,4.194450244427873,2.3369097222222224,5.464310086725197,0.0024305555555555,27.383171296296297,108605,189.86915887850463,Houston,28,28
LA_Long_Beach,2018-02,311,4.731285950339407,2.809710648148148,6.097472171393569,0.0369097222222222,27.998541666666668,571080,252.06666666666663,LA_Long_Beach,28,28
NY_NJ,2018-02,294,2.6863285383597884,1.2343229166666667,4.754695966809871,0.0104166666666666,27.99965277777778,140587,239.459649122807,NY_NJ,28,28
Savannah,2018-02,188,1.5415323950945623,1.155520833333333,2.0312970418037044,0.0205902777777777,21.47685185185185,148780,263.0802139037433,Savannah,28,28
Seattle,2018-02,124,3.866392809139785,1.7616030092592592,5.604284013353675,0.0054513888888888,27.99619212962963,93216,248.3223140495868,Seattle,28,28
Houston,2018-03,540,4.569599858539094,2.204207175925926,6.398299993599583,0.0254629629629629,29.87168981481481,107197,188.46050096339115,Houston,31,31
LA_Long_Beach,2018-03,323,5.146874390838207,2.6888657407407406,6.894293250594688,0.0125,30.99857638888889,533820,247.66123778501628,LA_Long_Beach,31,31
NY_NJ,2018-03,298,3.117088421265225,1.184571759259259,5.799461399980568,0.0016319444444444,30.99978009259259,128369,238.7123287671233,NY_NJ,31,31
Savannah,2018-03,211,1.6192719852553976,1.0016087962962965,3.028902976304688,0.0828125,28.33483796296296,140888,254.93809523809523,Savannah,31,31
Seattle,2018-03,129,4.106843866637956,1.5683101851851853,6.941553949424129,0.0043055555555555,30.998530092592592,85085,247.33870967741936,Seattle,31,31
Houston,2018-04,489,4.5622844476634095,2.2951041666666665,5.885000775198317,0.0262731481481481,28.4571875,111555,187.53648068669528,Houston,30,30
LA_Long_Beach,2018-04,323,5.0521105664488015,3.056261574074074,6.726064811422706,0.0104166666666666,29.99798611111111,580251,251.60191082802547,LA_Long_Beach,30,30
NY_NJ,2018-04,304,3.0995999329922026,1.1868171296296297,5.495043087994069,0.0,29.99943287037037,127169,237.47138047138048,NY_NJ,30,30
Savannah,2018-04,215,1.4136417420327303,0.9476851851851852,2.2298887386763373,0.0197916666666666,20.08646990740741,137257,257.8544600938967,Savannah,30,30
Seattle,2018-04,120,3.8900354938271606,1.7271296296296297,5.64901369304274,0.0,29.99373842592593,99366,248.92241379310343,Seattle,30,30
Houston,2018-05,490,4.354435752078609,2.242922453703704,5.782808023641139,0.0268634259259259,28.47427083333333,118621,189.2494669509595,Houston,31,31
LA_Long_Beach,2018-05,314,5.51674856982779,3.078130787037037,7.035246245953895,0.0145833333333333,30.998078703703705,622562,259.029702970297,LA_Long_Beach,31,31
NY_NJ,2018-05,319,3.34630289968652,1.2760185185185184,5.69465008694761,0.0149305555555555,30.99946759259259,125526,235.384126984127,NY_NJ,31,31
Savannah,2018-05,214,1.9982381446867428,1.0747395833333333,4.011846478498224,0.0758449074074074,29.623854166666668,154277,252.7772511848341,Savannah,31,31
Seattle,2018-05,135,4.363702846364884,1.726712962962963,6.577353868948416,0.0055555555555555,30.996678240740746,117811,249.64661654135332,Seattle,31,31
Houston,2018-06,463,4.398320034397249,2.261527777777778,5.840120534005093,0.0248726851851851,29.23988425925926,99995,189.15945330296128,Houston,30,30
LA_Long_Beach,2018-06,315,4.698658913874191,3.1278935185185186,5.951736960090162,0.00625,29.99792824074074,545768,258.3606557377049,LA_Long_Beach,30,30
NY_NJ,2018-06,303,3.140209937660433,1.2052314814814815,5.439630976629436,0.00625,29.999837962962964,120070,238.4046822742475,NY_NJ,30,30
Savannah,2018-06,199,2.0843695328494323,1.0193981481481482,4.347065755806117,0.0601041666666666,28.58513888888889,135378,262.1979695431472,Savannah,30,30
Seattle,2018-06,140,3.726083167989418,1.6270833333333332,5.931434092982617,0.0060416666666666,29.99410879629629,93800,251.17518248175185,Seattle,30,30
Houston,2018-07,488,4.714347084661505,2.311481481481481,6.324447507728762,0.020625,29.86673611111112,102310,188.86422413793105,Houston,31,31
LA_Long_Beach,2018-07,316,4.966959644573371,3.0447280092592592,6.375473538712226,0.0676273148148148,30.99962962962963,572294,262.8943894389439,LA_Long_Beach,31,31
NY_NJ,2018-07,308,3.085911683802309,1.444982638888889,4.939262108590449,0.015636574074074,30.999513888888888,121895,235.8394648829432,NY_NJ,31,31
Savannah,2018-07,203,1.467221880131363,0.9823726851851852,2.1162677206808054,0.0197685185185185,20.093391203703703,134367,263.845,Savannah,31,31
Seattle,2018-07,131,3.74375176703421,1.725625,5.773510073391996,0.0038425925925925,30.9959375,91591,259.992,Seattle,31,31
Houston,2018-08,468,4.797037605848369,2.5707407407407405,6.343822419697881,0.0128472222222222,29.802199074074075,111873,189.16,Houston,31,31
LA_Long_Beach,2018-08,316,4.563877937470698,3.0323379629629628,6.046802457299796,0.0124884259259259,30.99797453703704,533937,257.4901960784314,LA_Long_Beach,31,31
NY_NJ,2018-08,328,3.542210824582204,1.427488425925926,5.771582598612509,0.017037037037037,30.40978009259259,112357,235.2826086956522,NY_NJ,31,31
Savannah,2018-08,196,1.9269104898904008,0.9942997685185184,4.146677555412543,0.0994097222222222,29.65493055555556,137755,268.1589743589744,Savannah,31,31
Seattle,2018-08,123,3.6286983401084014,1.663113425925926,6.12756989614931,0.0058333333333333,30.998472222222222,75213,252.8595041322314,Seattle,31,31
Houston,2018-09,436,4.341789495200476,2.513912037037037,5.61748510053575,0.0244328703703703,27.97078703703704,98376,189.3857493857494,Houston,30,30
LA_Long_Beach,2018-09,311,5.037532675360247,3.066145833333333,6.235663295623323,0.03125,29.997939814814814,579840,256.7880794701987,LA_Long_Beach,30,30
NY_NJ,2018-09,296,3.2119098004254254,1.2100347222222223,5.423129843499543,0.0149189814814814,28.824525462962963,111330,235.08474576271183,NY_NJ,30,30
Savannah,2018-09,200,1.812983159722222,0.9805497685185184,3.546362882347626,0.0425925925925925,26.685219907407408,136855,266.4646464646465,Savannah,30,30
Seattle,2018-09,124,3.666837944295101,1.506099537037037,6.048794276315836,0.0,29.99795138888889,89515,251.78861788617888,Seattle,30,30
Houston,2018-10,439,4.3631740382181725,2.3425810185185183,5.618047432799935,0.023125,27.4896875,96776,187.64028776978412,Houston,31,31
LA_Long_Beach,2018-10,307,5.100839780130293,3.052604166666667,6.478787911435456,0.0475694444444444,30.9979050925926,568188,255.8896321070234,LA_Long_Beach,31,31
NY_NJ,2018-10,314,3.52881310450578,1.3243518518518518,5.870496239753465,0.0092592592592592,30.997777777777777,126280,236.29581993569133,NY_NJ,31,31
Savannah,2018-10,204,1.309009225217865,1.0030497685185185,1.5922905657429762,0.0748726851851851,21.40041666666667,128027,265.2722772277228,Savannah,31,31
Seattle,2018-10,118,4.029509376961707,1.7575347222222222,6.294211153817916,0.00375,30.998125,81949,256.646017699115,Seattle,31,31
Houston,2018-11,428,4.252687646028037,2.269398148148148,5.492954318632991,0.0078587962962962,26.444988425925924,92562,190.17199017199016,Houston,30,30
LA_Long_Beach,2018-11,274,5.003153470532577,2.937800925925926,6.588397214455399,0.0609953703703703,29.99792824074074,464387,261.0375939849624,LA_Long_Beach,30,30
NY_NJ,2018-11,261,3.471586224634596,1.402638888888889,5.8089507648471805,0.0174421296296296,29.99857638888889,90220,241.34509803921569,NY_NJ,30,30
Savannah,2018-11,184,1.6174706873993558,1.0440046296296297,2.947570756592774,0.0179398148148148,26.18810185185185,113268,263.0989010989011,Savannah,30,30
Seattle,2018-11,116,4.321193526500639,1.9414641203703704,6.883625617111451,0.0068634259259259,29.99792824074074,109312,255.3859649122807,Seattle,30,30
Houston,2018-12,426,4.567445878977569,2.270347222222222,6.248087105838882,0.0233680555555555,30.99716435185185,97044,191.13118811881188,Houston,31,31
LA_Long_Beach,2018-12,304,5.143874116715399,3.449033564814815,6.137763794695014,0.0756018518518518,30.999826388888888,542542,258.3801369863013,LA_Long_Beach,31,31
NY_NJ,2018-12,294,3.6444616087175614,1.3019270833333332,6.34546085251518,0.0159606481481481,30.99804398148148,118065,235.39084507042253,NY_NJ,31,31
Savannah,2018-12,168,1.600315600198413,1.0170833333333331,2.343276084503636,0.0808449074074074,21.846469907407407,121098,266.55757575757576,Savannah,31,31
Seattle,2018-12,119,4.697021086212263,1.977511574074074,7.358099568018879,0.0050694444444444,30.999895833333333,125434,249.135593220339,Seattle,31,31
Houston,2019-01,450,4.6944755658436215,2.316782407407408,6.209500138015352,0.0263888888888888,29.928125,97012,189.64788732394365,Houston,31,31
LA_Long_Beach,2019-01,305,5.981165300546448,3.986481481481481,6.581337977843672,0.0,30.99849537037037,612201,258.1740614334471,LA_Long_Beach,31,31
NY_NJ,2019-01,291,3.613604906452845,1.5367592592592592,5.6093751043590885,0.0134375,30.996944444444445,109244,238.8975265017668,NY_NJ,31,31
Savannah,2019-01,200,1.5251840856481482,1.0665856481481482,2.5110368001814285,0.0635879629629629,28.196550925925926,136013,266.7055837563452,Savannah,31,31
Seattle,2019-01,126,4.853297049529688,2.2824479166666665,7.476479063522815,0.0065393518518518,30.999930555555554,137786,256.3412698412698,Seattle,31,31
Houston,2019-02,369,4.3619595628826655,2.579236111111112,5.320684878464093,0.0111111111111111,27.818935185185182,93791,189.07954545454547,Houston,28,28
LA_Long_Beach,2019-02,275,4.87069537037037,3.167013888888889,5.731312850347503,0.0,27.998726851851853,467854,253.88345864661653,LA_Long_Beach,28,28
NY_NJ,2019-02,263,3.4986136635685114,1.459074074074074,5.611523486249884,0.0160763888888888,27.909884259259258,104432,241.75968992248065,NY_NJ,28,28
Savannah,2019-02,164,1.595878641598916,1.1399016203703702,2.2592775376878884,0.043287037037037,25.57607638888889,125353,258.42944785276075,Savannah,28,28
Seattle,2019-02,118,4.940655014124294,2.327065972222222,6.65504411772112,0.0,27.9979050925926,104390,239.05172413793105,Seattle,28,28
Houston,2019-03,419,4.691016087686732,2.5896064814814816,5.8048145421270565,0.0254629629629629,29.72775462962963,93252,191.12060301507532,Houston,31,31
LA_Long_Beach,2019-03,282,5.056976868268978,2.883755787037037,6.574896590564496,0.0238425925925925,30.99864583333333,468874,251.54379562043795,LA_Long_Beach,31,31
NY_NJ,2019-03,274,3.3161585901595028,1.3221238425925923,5.652704520440559,0.0157407407407407,30.99817129629629,87963,233.6804511278196,NY_NJ,31,31
Savannah,2019-03,197,1.7144572523030646,1.115972222222222,3.038660945433505,0.0084606481481481,30.99761574074074,143819,260.3541666666667,Savannah,31,31
Seattle,2019-03,125,4.011900185185185,1.6601273148148148,6.725213409292409,0.0032291666666666,30.997916666666665,76713,249.8292682926829,Seattle,31,31
Houston,2019-04,462,4.435275172358506,2.469519675925926,5.749293273794267,0.0124884259259259,28.97363425925926,102100,190.17620137299767,Houston,30,30
LA_Long_Beach,2019-04,275,5.14154393939394,3.2425810185185187,6.362482936642802,0.0352893518518518,29.999560185185185,510002,252.97426470588235,LA_Long_Beach,30,30
NY_NJ,2019-04,286,3.240664457070707,1.2035069444444444,5.421298532739857,0.0156018518518518,29.998078703703705,97498,234.2978723404256,NY_NJ,30,30
Savannah,2019-04,179,1.5164011742189116,0.9969907407407408,2.322972980195443,0.0151504629629629,21.24324074074074,118661,260.268156424581,Savannah,30,30
Seattle,2019-04,120,3.89299787808642,1.9485474537037035,5.65532682246778,0.0029166666666666,29.99912037037037,99221,249.0420168067227,Seattle,30,30
Houston,2019-05,452,5.164777839233039,2.5792534722222222,6.649617501340137,0.0097222222222222,30.25695601851852,98472,191.1322505800464,Houston,31,31
LA_Long_Beach,2019-05,279,5.473319685052436,3.192800925925926,6.893025492019612,0.0284837962962962,30.999525462962964,514633,251.16176470588235,LA_Long_Beach,31,31
NY_NJ,2019-05,305,2.988282559198543,1.2167476851851853,4.9320124580148725,0.0168981481481481,30.30707175925926,105558,234.0702341137124,NY_NJ,31,31
Savannah,2019-05,194,2.0350674159984727,1.028234953703704,4.213516079666904,0.1491319444444444,30.997546296296296,141571,257.2552083333333,Savannah,31,31
Seattle,2019-05,137,3.2068418829413354,1.3910300925925927,5.946793170205993,0.0067361111111111,30.99744212962963,77845,251.7348484848485,Seattle,31,31
Houston,2019-06,415,5.245389307228916,2.734224537037037,6.20943778054562,0.016875,29.99805555555556,87631,190.57070707070707,Houston,30,30
LA_Long_Beach,2019-06,283,5.078266260960607,3.054837962962963,6.549350586466912,0.0,29.9979050925926,507735,257.7236363636364,LA_Long_Beach,30,30
NY_NJ,2019-06,273,3.290691688712522,1.3178819444444445,5.220139146608713,0.0169791666666666,27.41766203703704,87581,238.3483146067416,NY_NJ,30,30
Savannah,2019-06,174,1.5650251436781608,0.973917824074074,2.968286303177777,0.0973726851851851,27.809444444444445,115226,266.43023255813955,Savannah,30,30
Seattle,2019-06,116,3.94191081976373,1.6858333333333333,6.680067744164384,0.0039467592592592,29.998391203703704,94017,254.0990990990991,Seattle,30,30
Houston,2019-07,422,5.106566504300509,2.6403935185185183,6.380715298513147,0.0231481481481481,29.888113425925926,90847,190.6625,Houston,31,31
LA_Long_Beach,2019-07,286,4.828278538591039,3.013952546296296,6.256230649210067,0.0178472222222222,30.997546296296296,492943,254.52142857142857,LA_Long_Beach,31,31
NY_NJ,2019-07,303,3.70875966416086,1.4950462962962965,6.221553052153007,0.0158796296296296,30.46212962962963,101680,235.3904109589041,NY_NJ,31,31
Savannah,2019-07,194,1.770012886597938,1.0745138888888888,3.240726506283881,0.0730208333333333,28.243796296296296,128045,265.4764397905759,Savannah,31,31
Seattle,2019-07,128,3.64919750072338,1.599866898148148,6.166489755987179,0.0031944444444444,30.998032407407408,102372,263.22222222222223,Seattle,31,31
Houston,2019-08,429,4.5686980920314255,2.39275462962963,5.861740301277779,0.0235648148148148,29.54482638888889,88943,191.65693430656933,Houston,31,31
LA_Long_Beach,2019-08,278,5.0647301325606175,3.084918981481482,6.564197741926973,0.0474421296296296,30.997916666666665,487266,257.39272727272726,LA_Long_Beach,31,31
NY_NJ,2019-08,286,3.272349010942761,1.5063020833333334,5.0365502453598685,0.0137037037037037,30.380729166666665,89372,236.57818181818183,NY_NJ,31,31
Savannah,2019-08,195,2.1057513057929724,1.033576388888889,4.427267941072028,0.2993287037037037,30.493622685185183,142640,260.3541666666667,Savannah,31,31
Seattle,2019-08,122,3.659413422131148,1.6297858796296296,6.8348586216749965,0.0,30.99858796296296,79910,254.4672131147541,Seattle,31,31
Houston,2019-09,409,4.381235765869782,2.4019328703703704,5.60011950347384,0.0259143518518518,28.85763888888889,92959,188.64155844155843,Houston,30,30
LA_Long_Beach,2019-09,276,4.8346276167471816,2.8375,6.23787600706335,0.1038078703703703,29.99960648148148,467087,254.53333333333333,LA_Long_Beach,30,30
NY_NJ,2019-09,269,3.5003021736885582,1.3358796296296296,5.710423051757821,0.0164351851851851,29.43474537037037,81532,233.3854961832061,NY_NJ,30,30
Savannah,2019-09,182,1.4254064916564917,0.942488425925926,2.100413985235896,0.0466898148148148,18.71993055555556,110301,261.6850828729281,Savannah,30,30
Seattle,2019-09,117,3.596706928616651,1.7313425925925925,5.7004170226103605,0.0055555555555555,29.99704861111111,86533,253.4017094017094,Seattle,30,30
Houston,2019-10,420,4.831235119047619,2.4797569444444445,6.151484549482029,0.0246875,30.53615740740741,87100,190.1077694235589,Houston,31,31
LA_Long_Beach,2019-10,291,5.171379303487336,3.0752314814814814,6.887643686428768,0.0,30.99944444444445,520408,254.23693379790944,LA_Long_Beach,31,31
NY_NJ,2019-10,276,3.550449585681696,1.355306712962963,5.896216356609925,0.0039351851851851,30.40400462962963,81009,242.1060606060606,NY_NJ,31,31
Savannah,2019-10,175,2.0234760582010582,1.0933333333333333,3.939715451976754,0.0105324074074074,28.75380787037037,115188,268.4011627906977,Savannah,31,31
Seattle,2019-10,122,4.021997381602914,1.7233333333333334,6.731610404690782,0.0,30.99792824074074,84813,255.77685950413223,Seattle,31,31
Houston,2019-11,402,4.354743527731712,2.347679398148148,5.881320014263511,0.0097222222222222,28.9575925925926,88617,190.1151832460733,Houston,30,30
LA_Long_Beach,2019-11,277,5.13162262668806,2.998009259259259,6.760137294217536,0.0,29.99927083333333,464610,252.6888888888889,LA_Long_Beach,30,30
NY_NJ,2019-11,248,3.6920802531362007,1.3950983796296297,5.868068407473059,0.0167013888888888,29.315983796296297,79206,238.1446280991736,NY_NJ,30,30
Savannah,2019-11,171,1.9412252274204027,1.0640625,3.760235549555686,0.0588078703703703,28.745868055555555,115159,267.3333333333333,Savannah,30,30
Seattle,2019-11,122,3.786852990285367,1.6140162037037036,6.679989808187697,0.0052083333333333,29.997789351851853,107745,252.13333333333333,Seattle,30,30
Houston,2019-12,411,4.379756353068397,2.386701388888889,5.892586210875674,0.0269675925925925,30.491747685185185,96721,191.375,Houston,31,31
LA_Long_Beach,2019-12,306,5.282102585633019,2.7280439814814814,7.179849288352673,0.0276041666666666,30.99864583333333,554283,247.36241610738256,LA_Long_Beach,31,31
NY_NJ,2019-12,262,3.426722151540853,1.3941203703703704,5.800702116054672,0.0139814814814814,30.997777777777777,98986,238.41176470588235,NY_NJ,31,31
Savannah,2019-12,169,1.7300775942362483,1.116875,2.6493173068702096,0.1768634259259259,21.313136574074075,128258,261.93333333333334,Savannah,31,31
Seattle,2019-12,113,3.826670149131432,1.6044444444444443,6.596536340543897,0.0065972222222222,30.999571759259258,116348,248.99107142857144,Seattle,31,31
Houston,2020-01,413,4.898162244417541,2.4844560185185185,6.6736841931338295,0.022824074074074,30.99833333333333,103727,190.38832487309645,Houston,31,31
LA_Long_Beach,2020-01,289,5.396185801935153,2.649953703703704,7.576717061552152,0.0104282407407407,30.99891203703704,520850,249.32269503546092,LA_Long_Beach,31,31
NY_NJ,2020-01,250,3.588238009259259,1.4188252314814815,5.740653735022515,0.0,30.99804398148148,79727,241.9798387096774,NY_NJ,31,31
Savannah,2020-01,162,1.5225703732281664,1.0775,2.175266166186133,0.0024305555555555,21.38462962962963,107651,272.17391304347825,Savannah,31,31
Seattle,2020-01,113,4.681049143723369,1.7030092592592592,7.459174340407413,0.0070833333333333,30.999293981481483,132773,250.1504424778761,Seattle,31,31
Houston,2020-02,391,4.520992972672161,2.713356481481481,5.737325885243351,0.0016203703703703,28.997233796296296,94179,191.6981132075472,Houston,29,29
LA_Long_Beach,2020-02,252,4.698882045487948,2.3985300925925923,6.5228325676410375,0.0216435185185185,28.99858796296296,418176,244.76543209876544,LA_Long_Beach,29,29
NY_NJ,2020-02,215,3.5601154177433245,1.4315162037037037,5.650334986195472,0.0170138888888888,28.1690625,75480,245.47596153846155,NY_NJ,29,29
Savannah,2020-02,152,1.7867291057504875,1.1207233796296294,2.975315525914128,0.2244097222222222,21.76792824074074,102073,264.6158940397351,Savannah,29,29
Seattle,2020-02,107,4.830457662686051,1.7026041666666667,7.471517054340411,0.0090277777777777,28.99975694444445,127890,249.7196261682243,Seattle,29,29
Houston,2020-03,416,4.393746438746438,2.357083333333333,5.5181237851766,0.0232638888888888,29.012233796296297,98742,191.30179028132991,Houston,31,31
LA_Long_Beach,2020-03,268,5.396967160724157,2.7032696759259256,7.265989441103112,0.0,30.99863425925926,482777,240.8841698841699,LA_Long_Beach,31,31
NY_NJ,2020-03,238,3.5895064970432617,1.2939930555555557,5.961454510062416,0.018599537037037,30.99685185185185,86204,243.06926406926408,NY_NJ,31,31
Savannah,2020-03,167,1.6114967980705257,1.0446296296296296,2.767484051987457,0.0,21.996458333333333,118781,262.1084337349397,Savannah,31,31
Seattle,2020-03,115,4.100021739130435,1.653275462962963,6.737407561579431,0.0020833333333333,30.999421296296298,112827,250.2017543859649,Seattle,31,31
Houston,2020-04,395,4.068615506329114,2.2306712962962965,5.281754738998596,0.0038078703703703,26.94100694444445,81285,189.59016393442624,Houston,30,30
LA_Long_Beach,2020-04,279,5.283867151201381,2.696296296296296,7.228013831646466,0.0020717592592592,29.999895833333333,553255,244.8740740740741,LA_Long_Beach,30,30
NY_NJ,2020-04,225,3.4434536522633743,1.3653356481481482,5.9787713378018,0.0169097222222222,29.99755787037037,77555,244.04109589041096,NY_NJ,30,30
Savannah,2020-04,156,1.4746878709639126,1.0628703703703704,2.4324276341005264,0.1848032407407407,21.836608796296296,106597,259.47712418300654,Savannah,30,30
Seattle,2020-04,103,4.070470716468896,1.7100810185185185,6.921913193187832,0.0007060185185185,29.99894675925926,92895,259.6039603960396,Seattle,30,30
Houston,2020-05,354,4.3145809792843695,2.2329166666666667,5.697548440885017,0.0087962962962962,29.213078703703705,92728,189.72537313432835,Houston,31,31
LA_Long_Beach,2020-05,229,5.959089539867379,2.5774537037037035,8.641625201078938,0.0578935185185185,30.999421296296298,522420,243.23076923076923,LA_Long_Beach,31,31
NY_NJ,2020-05,232,3.21500927921456,1.1764988425925926,5.497562037129096,0.0156828703703703,30.999189814814816,75768,243.1359649122807,NY_NJ,31,31
Savannah,2020-05,140,2.2425443121693123,1.0425752314814816,4.316946746530288,0.04375,28.005358796296296,112588,258.8776978417266,Savannah,31,31
Seattle,2020-05,103,4.629367808342323,1.670960648148148,7.74081258442908,0.006099537037037,30.99802083333333,77864,258.6039603960396,Seattle,31,31
Houston,2020-06,376,4.623680278516549,2.256140046296296,6.194932745095587,0.0,28.464305555555555,96684,188.6768802228412,Houston,30,30
LA_Long_Beach,2020-06,213,6.16029272083116,3.0971759259259257,8.07234836053824,0.0315162037037037,29.999189814814816,469063,251.12980769230768,LA_Long_Beach,30,30
NY_NJ,2020-06,230,4.118068488325282,1.4049016203703704,6.6986400501830845,0.0173611111111111,29.99650462962963,90334,241.7264573991032,NY_NJ,30,30
Savannah,2020-06,151,1.5575086613931812,1.0847453703703704,2.111260036860162,0.1064467592592592,21.45371527777778,115793,266.5302013422819,Savannah,30,30
Seattle,2020-06,95,4.6819370126705655,1.7719444444444443,6.8900813688466345,0.0022222222222222,29.99747685185185,86331,252.38297872340425,Seattle,30,30
Houston,2020-07,435,3.976171588974032,2.091238425925926,5.592322389608591,0.0,29.689189814814814,94801,192.34739454094293,Houston,31,31
LA_Long_Beach,2020-07,371,4.690262210492164,2.00474537037037,7.514411823848187,0.0,30.99949074074074,476950,249.4681440443213,LA_Long_Beach,31,31
NY_NJ,2020-07,276,3.81564949006978,1.2946064814814815,6.679909278291686,0.0,30.9979050925926,104106,241.1851851851852,NY_NJ,31,31
Savannah,2020-07,187,2.075307424737572,0.9324537037037036,4.515896044205702,0.0124884259259259,28.40730324074074,113977,253.79679144385025,Savannah,31,31
Seattle,2020-07,127,3.767774405803441,1.2410185185185183,7.337736449633248,0.0,30.99879629629629,71497,255.73228346456693,Seattle,31,31
Houston,2020-08,394,4.0689683798646366,2.0093750000000004,5.90329140691892,0.0075347222222222,29.43834490740741,86962,192.1689008042896,Houston,31,31
LA_Long_Beach,2020-08,325,4.90970957977208,2.2614814814814816,7.090037283200364,0.0,30.99954861111112,503037,253.85173501577287,LA_Long_Beach,31,31
NY_NJ,2020-08,274,3.6565058968640174,1.382019675925926,6.25203336211538,0.0,30.995416666666667,105887,239.30711610486887,NY_NJ,31,31
Savannah,2020-08,196,1.4378492299697656,1.0045081018518518,3.037865241013466,0.0187037037037037,30.682129629629628,115192,264.9326424870466,Savannah,31,31
Seattle,2020-08,121,3.9434511784511774,1.6115277777777777,6.419718920437252,0.0,30.998784722222226,83238,244.72727272727272,Seattle,31,31
Houston,2020-09,372,4.787669535294704,2.177094907407408,6.406893330494728,0.0274537037037037,29.87769675925926,84072,191.49720670391065,Houston,30,30
LA_Long_Beach,2020-09,267,5.415443282702178,3.108611111111111,6.553689290458661,0.0086921296296296,29.99946759259259,421414,252.85496183206104,LA_Long_Beach,30,30
NY_NJ,2020-09,251,4.016186596207762,1.4493518518518518,6.519905896938734,0.0143518518518518,29.997372685185184,81728,244.8483606557377,NY_NJ,30,30
Savannah,2020-09,151,1.8344778636252144,0.9797685185185184,3.2569552246545266,0.0774074074074074,28.24215277777778,101531,264.5,Savannah,30,30
Seattle,2020-09,114,4.581301880279403,1.7322280092592592,6.92777888989932,0.0069444444444444,29.997916666666665,98991,252.4122807017544,Seattle,30,30
Houston,2020-10,384,4.341506980613426,2.2749131944444443,5.39604001134551,0.0032175925925925,29.11726851851852,87331,188.4648648648649,Houston,31,31
LA_Long_Beach,2020-10,266,5.57957698064606,3.308611111111111,6.823751859792656,0.0032523148148148,30.998668981481483,493953,256.67175572519085,LA_Long_Beach,31,31
NY_NJ,2020-10,265,3.1537661163522013,1.4613078703703704,5.474364832550281,0.0,30.99484953703704,81366,241.23574144486693,NY_NJ,31,31
Savannah,2020-10,154,1.7184849236411737,1.0853993055555555,3.4439477896070967,0.0289236111111111,28.58255787037037,95663,267.6862745098039,Savannah,31,31
Seattle,2020-10,123,4.620172387834989,1.7527662037037035,7.454340358616864,0.0057523148148148,30.99868055555556,109268,253.1475409836065,Seattle,31,31
Houston,2020-11,366,4.5851652942218175,2.0701678240740744,6.350350985339396,0.0,29.535451388888887,74413,193.14772727272728,Houston,30,30
LA_Long_Beach,2020-11,269,6.051941690761393,4.010868055555555,6.57030461772357,0.0069791666666666,29.999328703703704,519647,252.3924528301887,LA_Long_Beach,30,30
NY_NJ,2020-11,252,3.900324717078189,1.5886516203703704,6.109527359866661,0.0162268518518518,29.99685185185185,92098,242.72357723577235,NY_NJ,30,30
Savannah,2020-11,163,1.816450877641445,1.0958333333333334,3.072173047548947,0.1621527777777777,23.849085648148147,94221,271.2360248447205,Savannah,30,30
Seattle,2020-11,109,3.907109773190622,1.710972222222222,6.361346174266005,0.0057986111111111,29.999502314814816,88995,252.42990654205607,Seattle,30,30
Houston,2020-12,359,4.344619925461673,2.112951388888889,5.941552198763473,0.0128472222222222,29.8563425925926,83402,188.3612716763006,Houston,31,31
LA_Long_Beach,2020-12,276,7.173256130904456,6.109039351851852,6.759190797048941,0.0128587962962962,30.95700231481481,682446,257.590405904059,LA_Long_Beach,31,31
NY_NJ,2020-12,257,4.090689625666522,1.7519444444444443,6.175967097350079,0.0,29.015833333333333,89518,244.3201581027668,NY_NJ,31,31
Savannah,2020-12,152,2.100663986354776,1.2027083333333333,3.5802850604061867,0.0502314814814814,26.559201388888887,119144,267.68243243243245,Savannah,31,31
Seattle,2020-12,120,4.874391493055556,1.932141203703704,7.224129115243779,0.0,30.998877314814816,105048,251.44166666666663,Seattle,31,31
Houston,2021-01,342,4.127621426250812,2.0780729166666667,5.746074359175627,0.0023148148148148,29.68118055555556,84426,189.8111455108359,Houston,31,31
LA_Long_Beach,2021-01,270,6.838908093278463,5.346585648148148,6.431415155804549,0.1822106481481481,30.998668981481483,709880,257.24334600760454,LA_Long_Beach,31,31
NY_NJ,2021-01,238,3.5840927968409586,1.550949074074074,5.71953885151364,0.0169444444444444,30.48920138888889,70400,239.1587982832618,NY_NJ,31,31
Savannah,2021-01,155,2.099694593787336,1.1725925925925926,3.539430595889349,0.0,25.69871527777778,124452,263.7077922077922,Savannah,31,31
Seattle,2021-01,108,4.965497578017833,2.0932928240740742,6.958861802851683,0.0067939814814814,30.98440972222222,104393,249.06603773584905,Seattle,31,31
Houston,2021-02,273,3.976932912766246,1.9415509259259256,5.4379448757198485,0.0229166666666666,26.941145833333334,72771,187.70498084291188,Houston,28,28
LA_Long_Beach,2021-02,252,6.738846037257495,5.180295138888889,6.044844863022374,0.0215046296296296,27.998564814814817,663376,248.66129032258064,LA_Long_Beach,28,28
NY_NJ,2021-02,221,3.151667609351433,1.609398148148148,4.947265174255628,0.0147453703703703,26.34486111111111,56965,243.09722222222223,NY_NJ,28,28
Savannah,2021-02,130,1.6967914886039883,1.2808564814814811,2.003089688150157,0.0,18.96752314814815,109033,261.828125,Savannah,28,28
Seattle,2021-02,100,5.070569444444445,2.062164351851852,6.838442404907871,0.006886574074074,27.99792824074074,88787,241.8061224489796,Seattle,28,28
Houston,2021-03,350,4.625761838624339,2.0339872685185183,6.230692089688325,0.0055439814814814,28.58369212962963,82087,187.29573170731703,Houston,31,31
LA_Long_Beach,2021-03,304,6.228676215277778,3.7123032407407406,6.656706413960287,0.0130787037037037,30.999837962962964,700489,251.8758389261745,LA_Long_Beach,31,31
NY_NJ,2021-03,292,3.4398032803779808,1.588929398148148,5.388864569139533,0.0,30.10469907407408,110692,238.32404181184668,NY_NJ,31,31
Savannah,2021-03,169,1.807634505807583,1.3091087962962964,2.6754190795552826,0.0223726851851851,28.38715277777778,134470,263.98802395209583,Savannah,31,31
Seattle,2021-03,133,4.043049115845168,1.7687847222222222,6.356130278611057,0.0,30.99798611111111,116457,244.82442748091603,Seattle,31,31
Houston,2021-04,459,4.2473139322601465,2.314016203703704,5.698263225393889,0.0009375,29.86849537037037,110207,192.492027334852,Houston,30,30
LA_Long_Beach,2021-04,376,6.918418199615839,5.050092592592593,6.718687755715478,0.0875462962962963,29.998738425925925,1057831,257.545945945946,LA_Long_Beach,30,30
NY_NJ,2021-04,310,3.629526247013142,1.692158564814815,5.722834651999876,0.0159722222222222,29.14287037037037,99333,245.7072368421053,NY_NJ,30,30
Savannah,2021-04,199,2.24130275218686,1.497025462962963,3.829657521878665,0.0064699074074074,28.581203703703704,172237,262.1384615384615,Savannah,30,30
Seattle,2021-04,143,5.454136800699301,2.497476851851852,7.545875568193956,0.0007754629629629,29.99944444444445,186853,247.6524822695036,Seattle,30,30
Houston,2021-07,488,4.512991020605647,2.326898148148148,5.73730047839724,0.0,29.05028935185185,130207,189.03862660944205,Houston,31,31
LA_Long_Beach,2021-07,380,7.14546415082846,5.042239583333334,7.025847844216336,0.037037037037037,30.57782407407408,1025356,256.848,LA_Long_Beach,31,31
NY_NJ,2021-07,293,3.416318180381747,1.222037037037037,5.980780705437262,0.0047453703703703,30.23305555555556,86669,248.7157894736842,NY_NJ,31,31
Savannah,2021-07,191,2.2336649214659685,1.3474074074074074,3.885321876339848,0.0915277777777777,28.371585648148148,162985,259.50531914893617,Savannah,31,31
Seattle,2021-07,141,5.381073269634883,2.2329398148148147,7.598126651941873,0.0060416666666666,30.99944444444445,143195,244.37142857142857,Seattle,31,31
Houston,2021-08,491,4.565455702647658,2.6111921296296297,5.884555072325626,0.0267476851851851,30.99828703703704,125015,190.44516129032257,Houston,31,31
LA_Long_Beach,2021-08,365,7.226658770928463,5.599583333333333,6.552957451640679,0.000787037037037,29.995497685185185,1093597,256.20168067226894,LA_Long_Beach,31,31
NY_NJ,2021-08,346,3.4786529249625344,1.740607638888889,5.306283761382236,0.0,30.199328703703703,119184,243.24633431085044,NY_NJ,31,31
Savannah,2021-08,201,1.91202045328911,1.4927777777777778,2.2282918950848742,0.0490856481481481,22.0753125,174848,256.3248730964467,Savannah,31,31
Seattle,2021-08,109,5.419722328406388,2.713356481481481,7.338536180416276,0.0,30.99939814814815,108816,248.46728971962617,Seattle,31,31
Houston,2021-09,477,4.405262248621787,2.258159722222222,5.583941286557432,0.0249884259259259,29.63710648148148,111316,188.421978021978,Houston,30,30
LA_Long_Beach,2021-09,410,7.058939843044264,4.525931712962963,6.942549486313684,0.0371527777777777,29.99806712962963,1173573,252.64231738035264,LA_Long_Beach,30,30
NY_NJ,2021-09,335,3.245324834162521,1.6269675925925926,4.977176465693355,0.0133796296296296,29.32177083333333,116089,241.7824773413897,NY_NJ,30,30
Savannah,2021-09,196,2.119625909391534,1.497494212962963,2.754586135646979,0.0,21.42630787037037,176476,254.6321243523316,Savannah,30,30
Seattle,2021-09,118,4.880588217984935,2.633709490740741,6.31925059312268,0.0029513888888888,29.87480324074074,127014,235.24786324786325,Seattle,30,30
Houston,2021-10,495,4.785661826599326,2.422638888888889,6.021455480347883,0.0,30.48241898148148,131523,190.292372881356,Houston,31,31
LA_Long_Beach,2021-10,373,7.730778162545923,5.012858796296296,7.890177195062666,0.0184027777777777,30.99890046296296,1109505,253.0439560439561,LA_Long_Beach,31,31
NY_NJ,2021-10,311,3.2786447912945103,1.3413310185185183,5.832801850542878,0.0142361111111111,29.80519675925926,107434,248.6501650165017,NY_NJ,31,31
Savannah,2021-10,202,2.5024258571690505,1.563859953703704,3.986170638262213,0.214386574074074,28.81715277777778,193709,253.52,Savannah,31,31
Seattle,2021-10,136,4.575774867238562,2.726799768518519,6.039145857049408,0.0067361111111111,28.851863425925927,111413,244.38805970149247,Seattle,31,31
Houston,2021-11,484,4.525181574265382,2.5490856481481483,5.643118834039932,0.003136574074074,28.42662037037037,101851,190.2198275862069,Houston,30,30
LA_Long_Beach,2021-11,386,7.068326976587987,3.525804398148148,7.8235829298708195,0.0024189814814814,29.999050925925925,1013000,253.728,LA_Long_Beach,30,30
NY_NJ,2021-11,302,3.2955040087687024,1.600497685185185,5.451751683806762,0.0117129629629629,29.46726851851852,129095,243.55704697986576,NY_NJ,30,30
Savannah,2021-11,190,2.032522478070176,1.5478993055555557,2.1845367002708143,0.0063657407407407,22.14266203703704,166713,246.4255319148936,Savannah,30,30
Seattle,2021-11,126,5.096175227807172,2.039681712962963,6.632964691837815,0.0,27.636979166666663,124253,236.62698412698413,Seattle,30,30
Houston,2021-12,492,4.23971862296748,2.3810532407407408,5.487825215930033,0.0200231481481481,30.77414351851852,120667,185.04449152542367,Houston,31,31
LA_Long_Beach,2021-12,354,7.3314394682464945,4.470584490740741,8.197113914493908,0.2342824074074074,30.999837962962964,958894,252.89913544668588,LA_Long_Beach,31,31
NY_NJ,2021-12,320,3.809701497395833,1.7464409722222225,5.893527762231213,0.0149768518518518,30.99974537037037,151151,249.0443037974684,NY_NJ,31,31
Savannah,2021-12,191,2.326776771863486,1.479537037037037,3.4813392890019355,0.1180208333333333,28.702407407407406,176702,246.92631578947368,Savannah,31,31
Seattle,2021-12,116,6.123307291666666,2.796695601851852,8.14234089192,0.0014699074074074,30.99907407407408,202204,237.2844827586207,Seattle,31,31
Houston,2022-01,502,4.664111931902021,2.480949074074074,6.081118197527631,0.0008101851851851,30.54835648148148,108027,188.0948453608248,Houston,31,31
LA_Long_Beach,2022-01,358,6.455645044485826,3.8926736111111113,7.061791872010891,0.0015046296296296,30.999641203703703,540867,253.5375722543353,LA_Long_Beach,31,31
NY_NJ,2022-01,296,3.2837204782907907,1.483153935185185,5.536394910710556,0.0,30.998819444444443,117593,246.1399317406144,NY_NJ,31,31
Savannah,2022-01,181,2.2992254962144463,1.674537037037037,2.648999638477456,0.004849537037037,21.697847222222222,162859,245.87640449438203,Savannah,31,31
Seattle,2022-01,116,6.94080160440613,3.5926678240740744,8.297216882536558,0.0014583333333333,30.99848379629629,157663,226.97413793103448,Seattle,31,31
Houston,2022-02,465,4.135057945041816,2.32255787037037,5.2369019700398844,0.0046759259259259,27.366215277777776,98188,192.00884955752213,Houston,28,28
LA_Long_Beach,2022-02,356,5.869796023200166,4.1454050925925925,5.653251381452066,0.0300810185185185,27.99940972222222,645150,252.04034582132564,LA_Long_Beach,28,28
NY_NJ,2022-02,296,3.5505472269144143,1.7964872685185185,5.511422103418821,0.0061342592592592,27.997337962962963,121501,246.44557823129253,NY_NJ,28,28
Savannah,2022-02,158,2.3742221929207687,1.531903935185185,3.474856421829481,0.0535763888888888,24.040844907407408,137371,249.9620253164557,Savannah,28,28
Seattle,2022-02,115,5.602182769726248,2.903935185185185,7.188028995902176,0.0022106481481481,27.998622685185182,110301,234.9391304347826,Seattle,28,28
Houston,2022-03,539,4.1637492054902765,2.1796527777777777,5.654367271330633,0.0023148148148148,30.80806712962963,136182,190.23552123552125,Houston,31,31
LA_Long_Beach,2022-03,383,6.038318344454115,4.459745370370371,6.061448696754447,0.0,30.99981481481481,748643,253.48787061994608,LA_Long_Beach,31,31
NY_NJ,2022-03,327,3.5342945124023104,1.601527777777778,5.59744689649575,0.0110648148148148,30.99920138888889,126847,246.70278637770892,NY_NJ,31,31
Savannah,2022-03,188,2.1739293365839245,1.6082696759259258,2.820892606416404,0.1101736111111111,25.92761574074074,180419,238.88172043010752,Savannah,31,31
Seattle,2022-03,122,5.534280130540376,2.0548668981481484,7.928220205837849,0.0023611111111111,30.99848379629629,105048,234.900826446281,Seattle,31,31
Houston,2022-04,528,4.129048668104658,2.308993055555556,5.103267956277068,0.0,27.81226851851852,120557,189.1029702970297,Houston,30,30
LA_Long_Beach,2022-04,366,6.338471874367537,4.105607638888889,6.587525708463253,0.0079976851851851,29.999791666666667,767533,248.77683615819208,LA_Long_Beach,30,30
NY_NJ,2022-04,323,3.5875367288728355,1.635729166666667,5.756925552821055,0.0119212962962962,29.99832175925926,130588,243.0,NY_NJ,30,30
Savannah,2022-04,185,2.5244147897897897,1.6080208333333332,4.121419132937897,0.0124537037037037,28.87275462962963,179946,244.61325966850828,Savannah,30,30
Seattle,2022-04,121,5.136648875114784,2.273506944444444,7.296190262613925,0.007511574074074,29.99939814814815,136496,237.0924369747899,Seattle,30,30
Houston,2022-05,526,4.255395740916772,2.3124131944444444,5.61632740132601,0.0032291666666666,28.27313657407408,131437,190.03571428571428,Houston,31,31
LA_Long_Beach,2022-05,373,5.682900469168901,3.999629629629629,6.194095118565162,0.0415509259259259,30.99864583333333,713825,251.3896457765668,LA_Long_Beach,31,31
NY_NJ,2022-05,334,3.366828599744955,1.7427083333333333,5.515006974621355,0.0026273148148148,30.997175925925927,141138,237.2030303030303,NY_NJ,31,31
Savannah,2022-05,190,2.5616848806042887,1.7108564814814815,3.963206571181735,0.0381018518518518,30.99837962962963,186322,248.62702702702703,Savannah,31,31
Seattle,2022-05,139,5.446807553956835,2.2088194444444444,7.568777535919021,0.0,30.998078703703705,158496,237.3405797101449,Seattle,31,31
Houston,2022-06,521,4.265639395393475,2.161550925925926,5.75298991063999,0.0222453703703703,28.570324074074072,126455,190.4008016032064,Houston,30,30
LA_Long_Beach,2022-06,374,5.549792285601109,3.734739583333333,6.152247168650993,0.0,29.999583333333334,615606,249.58152173913044,LA_Long_Beach,30,30
NY_NJ,2022-06,328,3.5642763380758806,1.4877604166666667,6.090953736733927,0.0,29.99584490740741,121025,240.01547987616092,NY_NJ,30,30
Savannah,2022-06,195,2.475236942070276,1.6688773148148148,3.152309217912193,0.021412037037037,22.397164351851853,197569,244.265625,Savannah,30,30
Seattle,2022-06,123,5.025896473200843,1.8798611111111112,7.458689385873595,0.0059606481481481,29.99944444444445,132122,236.9016393442623,Seattle,30,30
Houston,2022-07,498,4.228259008255243,2.201903935185185,5.618365985931594,0.0008333333333333,30.416527777777777,122743,189.9539748953975,Houston,31,31
LA_Long_Beach,2022-07,394,5.556139018142508,3.305931712962963,6.560813159807422,0.0016203703703703,30.99953703703704,765216,247.9222797927461,LA_Long_Beach,31,31
NY_NJ,2022-07,326,3.430256191774597,1.639635416666667,5.563710798715393,0.0157638888888888,30.99837962962963,132738,242.03384615384616,NY_NJ,31,31
Savannah,2022-07,190,2.4652324561403507,1.5363078703703703,3.8444910392659706,0.0,29.10474537037037,175956,249.35978835978835,Savannah,31,31
Seattle,2022-07,115,4.25507387278583,1.7055671296296295,7.376815429834946,0.0007523148148148,30.99775462962963,81013,239.17391304347825,Seattle,31,31
Houston,2022-08,516,4.46836197692363,2.566122685185185,5.570332385831999,0.0,28.02789351851852,122399,191.3807615230461,Houston,31,31
LA_Long_Beach,2022-08,353,5.651620042492918,3.4767824074074074,6.658736242751021,0.0109837962962962,30.99877314814815,776822,252.0771428571429,LA_Long_Beach,31,31
NY_NJ,2022-08,354,3.154121808955849,1.634525462962963,5.000323645820562,0.0142129629629629,30.68429398148148,132748,240.68,NY_NJ,31,31
Savannah,2022-08,206,2.390701298993168,1.645596064814815,3.064928323375508,0.0612268518518518,22.39986111111111,189110,248.9701492537313,Savannah,31,31
Seattle,2022-08,122,4.585583162568305,2.061001157407407,7.163657818775338,0.0,30.999375,117300,241.44262295081967,Seattle,31,31
Houston,2022-10,524,4.5613632006290645,2.258582175925926,5.793364391792094,0.0157407407407407,28.984386574074072,136882,187.2440476190476,Houston,31,31
LA_Long_Beach,2022-10,345,5.03377744229737,2.861365740740741,6.468746933552018,0.0387152777777777,30.998703703703704,652816,245.51488095238096,LA_Long_Beach,31,31
NY_NJ,2022-10,327,3.4073057891607204,1.7419560185185186,5.188799996775456,0.0097569444444444,29.40391203703704,122576,246.82407407407408,NY_NJ,31,31
Savannah,2022-10,190,2.6377302631578945,1.668738425925926,3.961111117508005,0.0,26.81565972222222,202228,248.6577540106952,Savannah,31,31
Seattle,2022-10,130,4.787087962962963,2.071313657407408,6.907863658692665,0.0007523148148148,30.998125,108705,239.859375,Seattle,31,31
Houston,2022-11,471,4.634532613824015,2.3959027777777777,6.045589613221144,0.0055555555555555,29.17045138888889,130102,190.85267857142856,Houston,30,30
LA_Long_Beach,2022-11,323,4.979312793830983,2.9721990740740742,6.205114459187497,0.0491319444444444,29.9990625,630143,248.0859872611465,LA_Long_Beach,30,30
NY_NJ,2022-11,314,3.3851417639773533,1.6628703703703704,5.475154592649398,0.0,29.401354166666668,113359,246.928338762215,NY_NJ,30,30
Savannah,2022-11,198,2.404945987654321,1.64828125,3.551694621640047,0.0546064814814814,28.70917824074074,194653,249.07253886010363,Savannah,30,30
Seattle,2022-11,125,5.4347428703703695,1.692349537037037,7.8812304434331555,0.0063657407407407,29.99802083333333,145255,237.34959349593493,Seattle,30,30
Houston,2022-12,509,4.522407180018919,2.7282175925925927,5.7407939321456976,0.0184953703703703,29.79958333333333,122862,189.44123711340205,Houston,31,31
LA_Long_Beach,2022-12,320,5.337967375578704,3.0778645833333336,6.737534355956048,0.0104050925925925,30.9990625,668972,249.9903846153846,LA_Long_Beach,31,31
NY_NJ,2022-12,328,3.539879566113369,1.4903472222222225,5.8822722476577765,0.016574074074074,29.553402777777777,113211,240.05919003115264,NY_NJ,31,31
Savannah,2022-12,195,2.4346068376068377,1.4819791666666666,3.908653457932614,0.1439236111111111,29.413275462962964,185103,259.4736842105263,Savannah,31,31
Seattle,2022-12,126,4.774509755291005,1.6204918981481482,7.859378478659024,0.0,30.99943287037037,171901,234.41129032258064,Seattle,31,31
Houston,2023-01,495,4.474936775158998,2.3166782407407407,5.746717338315712,0.0024189814814814,28.443703703703704,118441,190.8794926004228,Houston,31,31
LA_Long_Beach,2023-01,316,5.637074469643694,3.4535416666666667,6.484960674541807,0.0061342592592592,30.998668981481483,680460,253.3354838709677,LA_Long_Beach,31,31
NY_NJ,2023-01,333,3.467774441107774,1.4294560185185186,5.638556005703039,0.0158449074074074,30.99900462962963,136305,244.63302752293572,NY_NJ,31,31
Savannah,2023-01,193,2.253777286029553,1.435601851851852,2.998338343002214,0.0688657407407407,21.983854166666667,194303,260.0785340314136,Savannah,31,31
Seattle,2023-01,128,5.66289722583912,2.4048148148148147,7.821687130237816,0.0007638888888888,30.99953703703704,174497,229.7952755905512,Seattle,31,31
Houston,2023-02,439,3.9775502246266767,2.101087962962963,5.327747917104228,0.0039236111111111,26.261712962962964,106031,192.99524940617576,Houston,28,28
LA_Long_Beach,2023-02,278,5.129683711364242,3.100578703703704,6.136948368396311,0.0529629629629629,27.99738425925926,543617,247.35766423357663,LA_Long_Beach,28,28
NY_NJ,2023-02,317,3.143814771001285,1.359664351851852,5.050804700141633,0.0157638888888888,27.99711805555556,121873,241.1501597444089,NY_NJ,28,28
Savannah,2023-02,179,2.1218920701427684,1.4958912037037038,2.302393552154245,0.0232638888888888,15.078703703703704,176167,257.9831460674157,Savannah,28,28
Seattle,2023-02,105,4.649752425044092,2.2358101851851853,6.941884575633127,0.0015162037037037,27.999525462962964,116892,231.96116504854368,Seattle,28,28
Houston,2021-06,476,4.5274074803532525,2.485005787037037,5.540189567837976,0.0,28.796203703703704,115088,191.0421286031042,Houston,30,30
LA_Long_Beach,2021-06,394,6.178391291831171,4.089594907407408,6.272559612610003,0.0008217592592592,29.998819444444443,915908,251.88688946015424,LA_Long_Beach,30,30
NY_NJ,2021-06,318,3.225510278360121,1.4977835648148148,5.352666355970276,0.0138425925925925,29.424652777777776,106507,246.37942122186496,NY_NJ,30,30
Savannah,2021-06,184,2.0187553467190016,1.2730787037037037,3.136498274611915,0.0208217592592592,22.264340277777777,154315,262.0824175824176,Savannah,30,30
Seattle,2021-06,136,4.974343426606754,2.282552083333333,6.92624197380419,0.0,29.99953703703704,159732,247.7481481481481,Seattle,30,30
Houston,2022-09,498,4.389704698423323,2.3745833333333333,5.550886692260904,0.0024189814814814,27.64496527777778,126258,191.8713692946058,Houston,30,30
LA_Long_Beach,2022-09,340,5.425013752723312,3.057905092592593,6.803419367249748,0.0101851851851851,29.998622685185182,688131,248.64156626506025,LA_Long_Beach,30,30
NY_NJ,2022-09,329,3.285523823595633,1.622650462962963,5.372472802687979,0.013125,29.40486111111111,118123,243.7067901234568,NY_NJ,30,30
Savannah,2022-09,169,2.3825135601577907,1.6815162037037037,2.781996135646197,0.0571527777777777,22.289050925925928,167074,251.15243902439025,Savannah,30,30
Seattle,2022-09,104,5.151313323539887,2.1825115740740744,7.714986150874616,0.00375,29.998101851851853,105679,243.2038834951456,Seattle,30,30
Houston,2023-03,552,4.501602023785561,2.208605324074074,6.358222322651184,0.0055439814814814,30.308321759259258,124459,193.1875,Houston,31,31
LA_Long_Beach,2023-03,373,4.573127823701718,2.3718981481481483,6.3991799632378425,0.0,30.99935185185185,654948,240.6693989071038,LA_Long_Beach,31,31
NY_NJ,2023-03,314,3.456452914897381,1.2887905092592593,5.783354415849028,0.0064699074074074,29.75880787037037,104594,239.44193548387096,NY_NJ,31,31
Savannah,2023-03,193,2.119313111686816,1.2948032407407408,3.928505764303212,0.0423726851851851,28.41006944444445,155476,256.67195767195767,Savannah,31,31
Seattle,2023-03,115,4.997968397745572,1.7644791666666666,8.270342758656149,0.0,30.99976851851852,147223,228.44736842105263,Seattle,31,31
Houston,2021-05,478,4.709962759569192,2.5319560185185184,5.920601977653779,0.0047453703703703,28.847673611111112,125353,192.33774834437085,Houston,31,31
LA_Long_Beach,2021-05,369,7.021814243952624,5.442465277777778,6.660550726474661,0.0229282407407407,30.99894675925926,1014784,260.6277777777778,LA_Long_Beach,31,31
NY_NJ,2021-05,339,3.147224851141702,1.608159722222222,5.066683508864618,0.0152199074074074,28.7609375,134462,245.1265060240964,NY_NJ,31,31
Savannah,2021-05,201,2.4693831767090475,1.4459259259259258,4.1379542338637565,0.0096180555555555,27.93238425925926,181310,260.8190954773869,Savannah,31,31
Seattle,2021-05,140,5.072274222883598,2.162476851851852,7.432904681044397,0.0053356481481481,30.99877314814815,162544,245.77857142857144,Seattle,31,31
Houston,2023-04,540,4.004490890775035,2.1067476851851854,5.500811769560027,0.0,29.657083333333333,120834,191.29841897233203,Houston,30,30
LA_Long_Beach,2023-04,459,4.841872150609215,2.438576388888889,6.547694006233886,0.0,29.999340277777776,657527,254.56347438752783,LA_Long_Beach,30,30
NY_NJ,2023-04,377,3.173119473916888,1.2943287037037037,5.50903271449541,0.0,29.9963425925926,129964,240.28686327077747,NY_NJ,30,30
Savannah,2023-04,232,1.7048562719508302,1.1175983796296296,2.98451205429199,0.0,22.36324074074074,158814,261.471615720524,Savannah,30,30
Seattle,2023-04,150,4.099896296296296,1.6113252314814814,6.489542157728634,0.0061111111111111,29.999305555555555,145509,234.5704697986577,Seattle,30,30
Houston,2023-05,502,4.291098315073041,2.325925925925926,5.3171967352718,0.0031134259259259,29.923472222222223,120978,190.2243186582809,Houston,31,31
LA_Long_Beach,2023-05,340,5.073415373093682,3.1018634259259263,6.619743759095808,0.0,30.99858796296296,655483,252.2388059701493,LA_Long_Beach,31,31
NY_NJ,2023-05,349,3.46867458611907,1.3975347222222223,5.852099669842341,0.0157407407407407,30.99884259259259,159702,240.99122807017545,NY_NJ,31,31
Savannah,2023-05,211,2.3286296515710023,1.449699074074074,3.8436774262753217,0.0030092592592592,28.56349537037037,185375,249.57971014492756,Savannah,31,31
Seattle,2023-05,117,4.990404004431782,2.2024305555555554,7.346761084784354,0.0,30.99903935185185,139769,240.36752136752136,Seattle,31,31
Houston,2023-08,502,4.603019357754168,2.222210648148148,5.980388689972894,0.0217361111111111,29.808842592592597,121598,192.9813664596273,Houston,31,31
LA_Long_Beach,2023-08,339,5.191607498907462,3.1080092592592594,6.424390640229734,0.1,30.99984953703704,645097,251.98181818181817,LA_Long_Beach,31,31
NY_NJ,2023-08,347,3.542759933023801,1.387476851851852,6.165267324719964,0.0007638888888888,30.99859953703704,135491,241.77101449275364,NY_NJ,31,31
Savannah,2023-08,185,2.212279341841842,1.304490740740741,3.886507875755865,0.0728819444444444,28.7459375,159228,268.5245901639344,Savannah,31,31
Seattle,2023-08,102,4.957649214778504,1.946047453703704,7.366211940387793,0.0076388888888888,30.99975694444445,95092,236.2929292929293,Seattle,31,31
Houston,2023-09,479,4.7906745341374775,2.410543981481481,6.469110123963141,0.0217129629629629,29.64630787037037,117335,191.902807775378,Houston,30,30
LA_Long_Beach,2023-09,330,4.871488531144781,3.0036747685185183,6.136324794980033,0.0456018518518518,29.997916666666665,649595,253.53894080996884,LA_Long_Beach,30,30
NY_NJ,2023-09,353,3.620100920679887,1.4628472222222222,5.937293026351972,0.0140972222222222,29.18223379629629,137558,237.79190751445088,NY_NJ,30,30
Savannah,2023-09,196,2.510304232804233,1.434519675925926,4.18613506679827,0.3722222222222222,29.202453703703704,178575,259.9481865284974,Savannah,30,30
Seattle,2023-09,128,5.021379575376158,1.855324074074074,7.752042486601264,0.0067361111111111,29.999525462962964,104129,246.0079365079365,Seattle,30,30
Houston,2023-10,510,4.195108909767611,2.353761574074074,5.418830843757606,0.0,29.208310185185184,125796,193.41717791411045,Houston,31,31
LA_Long_Beach,2023-10,318,5.007624694269741,3.00390625,6.558235376555183,0.0264930555555555,30.99991898148148,620062,250.36217948717947,LA_Long_Beach,31,31
NY_NJ,2023-10,347,3.389067236364607,1.3601388888888888,5.710379177725846,0.0,29.99412037037037,142479,244.57309941520467,NY_NJ,31,31
Savannah,2023-10,206,2.1485673993167924,1.351383101851852,3.467732313710219,0.0544791666666666,26.035949074074075,164721,271.425,Savannah,31,31
Seattle,2023-10,130,4.824441595441595,2.405636574074074,6.567928113954017,0.0047453703703703,30.998252314814813,106733,241.0157480314961,Seattle,31,31
Houston,2023-11,478,4.704344636215714,2.4372743055555555,5.912564658829614,0.0201273148148148,28.812638888888888,112968,193.4391304347826,Houston,30,30
LA_Long_Beach,2023-11,318,5.398042707605404,3.1346238425925925,6.8956469967694805,0.037199074074074,29.998738425925925,634090,253.69131832797427,LA_Long_Beach,30,30
NY_NJ,2023-11,298,3.40331857444693,1.4171296296296296,5.85123370984919,0.0117476851851851,29.18003472222222,102241,244.5824915824916,NY_NJ,30,30
Savannah,2023-11,196,1.830104698129252,1.2004861111111111,2.462076217281457,0.1411574074074074,20.932650462962965,149467,260.559585492228,Savannah,30,30
Seattle,2023-11,123,5.055722391598916,2.209270833333333,7.21492595681847,0.0024189814814814,29.99946759259259,122967,236.0247933884297,Seattle,30,30
Houston,2023-12,516,4.262932233347689,2.2768460648148148,5.658854477657672,0.0089004629629629,30.28993055555556,117691,195.90485829959516,Houston,31,31
LA_Long_Beach,2023-12,315,5.391093878600824,3.2063194444444445,7.049385020647906,0.0444212962962963,30.999375,665681,254.9641693811075,LA_Long_Beach,31,31
NY_NJ,2023-12,316,3.8309516379512423,1.5863020833333334,6.510971823951035,0.0063657407407407,30.7353125,153316,240.3,NY_NJ,31,31
Savannah,2023-12,188,2.713650450650118,1.5178819444444445,4.134728539640665,0.0268518518518518,25.991446759259254,175913,262.71351351351353,Savannah,31,31
Seattle,2023-12,128,5.263313169126158,2.2386284722222225,7.644343916662668,0.0032291666666666,30.99943287037037,154889,231.8951612903226,Seattle,31,31
Houston,2024-01,507,4.146116133391774,2.297974537037037,5.689425278856911,0.0055787037037037,30.605625,116237,195.0216962524655,Houston,31,31
LA_Long_Beach,2024-01,344,4.835304054963394,2.760219907407407,6.248882374487428,0.0,30.998738425925925,634853,256.0436046511628,LA_Long_Beach,31,31
NY_NJ,2024-01,311,3.879011886685721,1.3719212962962963,6.656627661704743,0.0,30.999293981481483,170351,242.443729903537,NY_NJ,31,31
Savannah,2024-01,202,2.70411097359736,1.5231539351851853,4.493363219180149,0.1463425925925925,28.47511574074074,184940,257.6666666666667,Savannah,31,31
Seattle,2024-01,132,5.5319974046015705,1.8982175925925928,8.411980851337773,0.0015162037037037,30.999930555555554,175457,234.12121212121207,Seattle,31,31
Houston,2024-02,511,4.28309415090237,2.3222800925925924,5.422508858602492,0.0,28.388171296296296,121730,197.45401174168296,Houston,29,29
LA_Long_Beach,2024-02,325,4.97272183048433,3.0007291666666664,6.104279379923595,0.0302430555555555,28.999479166666667,650035,249.02461538461537,LA_Long_Beach,29,29
NY_NJ,2024-02,305,3.8690561247723134,1.4256597222222225,6.385861400676717,0.0,28.99953703703704,175315,243.70491803278688,NY_NJ,29,29
Savannah,2024-02,198,2.335228091096147,1.4486516203703703,3.903959341996385,0.0179282407407407,28.808819444444445,181619,260.2081218274112,Savannah,29,29
Seattle,2024-02,132,5.037985672699215,2.229021990740741,6.990433284562436,0.0008217592592592,28.99337962962963,149458,227.1439393939394,Seattle,29,29
Houston,2024-03,519,4.239344514914722,2.3878935185185184,5.197990165253216,0.009375,30.00640046296296,121041,193.3448940269749,Houston,31,31
LA_Long_Beach,2024-03,335,5.3289893587617465,3.110150462962963,6.851983995708695,0.0791550925925926,30.99912037037037,663032,247.08358208955224,LA_Long_Beach,31,31
NY_NJ,2024-03,316,3.837897217827004,1.5313020833333333,6.2499100126987255,0.0053356481481481,30.997511574074075,144261,240.253164556962,NY_NJ,31,31
Savannah,2024-03,201,2.7220087640501194,1.473449074074074,4.171685389861145,0.0181134259259259,28.822199074074074,194182,256.35,Savannah,31,31
Seattle,2024-03,131,5.207422780605032,1.9711805555555555,7.775044593850992,0.0055439814814814,30.99859953703704,109487,229.4809160305344,Seattle,31,31
Houston,2024-04,518,4.003550336050337,2.2144212962962966,5.314849175846604,0.0225694444444444,28.419953703703705,116062,194.073500967118,Houston,30,30
LA_Long_Beach,2024-04,333,4.842519429151373,3.0844328703703705,6.129759682526859,0.0250231481481481,29.99678240740741,608564,250.46546546546543,LA_Long_Beach,30,30
NY_NJ,2024-04,326,3.667923767325608,1.607662037037037,5.8313063835151455,0.0,29.99824074074074,146662,236.3664596273292,NY_NJ,30,30
Savannah,2024-04,203,2.745443406768838,1.3476273148148148,4.665846433601743,0.3288541666666666,29.145960648148147,185838,258.03960396039605,Savannah,30,30
Seattle,2024-04,132,4.550206842732885,2.21296875,6.899953016116188,0.0022916666666666,29.998090277777777,138763,233.38636363636363,Seattle,30,30
Houston,2024-05,527,4.489843651170145,2.457013888888889,5.553881414165848,0.0269560185185185,29.48894675925926,139954,194.39196940726575,Houston,31,31
LA_Long_Beach,2024-05,338,5.050548022134561,2.925439814814814,6.704951942700238,0.0387962962962962,30.999305555555555,654141,248.00597014925373,LA_Long_Beach,31,31
NY_NJ,2024-05,343,4.008461491739554,1.4786226851851851,6.634515101082107,0.0039583333333333,30.998391203703704,187928,242.5794117647059,NY_NJ,31,31
Savannah,2024-05,200,2.7925319444444443,1.4104687500000002,5.010570263546194,0.0580787037037037,30.240914351851853,191084,264.7208121827411,Savannah,31,31
Seattle,2024-05,133,5.7702074631022,2.606377314814815,8.070765156497748,0.0032291666666666,30.999328703703704,158739,231.8257575757576,Seattle,31,31
Houston,2024-06,514,4.260302029290965,2.372604166666666,5.257511212328767,0.0254629629629629,29.99653935185185,122320,194.15748031496065,Houston,30,30
LA_Long_Beach,2024-06,342,4.5189686552414985,2.9066319444444444,5.726296060358149,0.0,29.999293981481483,639306,255.73607038123168,LA_Long_Beach,30,30
NY_NJ,2024-06,322,3.651173905854612,1.461087962962963,6.059948926633477,0.0,29.82357638888889,160745,238.25625,NY_NJ,30,30
Savannah,2024-06,202,2.332294531536487,1.3289814814814815,3.4435068855662814,0.2200347222222222,22.20212962962963,179722,257.681592039801,Savannah,30,30
Seattle,2024-06,125,5.731220370370371,2.373125,7.710735439389052,0.0045833333333333,29.999571759259258,171203,231.632,Seattle,30,30
Houston,2024-07,471,5.182988814185736,2.5841203703703703,6.558561456713681,0.0,30.052534722222223,118861,194.62820512820517,Houston,31,31
LA_Long_Beach,2024-07,399,4.616361766685231,2.838113425925926,5.850891495470844,0.0016203703703703,30.999479166666667,726766,252.1108312342569,LA_Long_Beach,31,31
NY_NJ,2024-07,348,3.742299216421881,1.7070659722222223,6.152824146373029,0.0149074074074074,30.997465277777778,179760,238.27745664739885,NY_NJ,31,31
Savannah,2024-07,214,2.4501660392869504,1.3040625,3.942697690718902,0.0007638888888888,28.287465277777777,204679,261.57547169811323,Savannah,31,31
Seattle,2024-07,121,5.961878539179676,2.465821759259259,8.297189429240284,0.0030555555555555,30.99953703703704,158647,231.0826446280992,Seattle,31,31
Houston,2024-08,521,4.510593032451838,2.364837962962963,5.767917659912349,0.0235879629629629,29.499166666666667,140326,195.54054054054052,Houston,31,31
LA_Long_Beach,2024-08,386,5.030872163452313,3.127789351851852,6.4076048727698325,0.0719097222222222,30.999016203703704,726756,252.36197916666663,LA_Long_Beach,31,31
NY_NJ,2024-08,340,4.115350013616558,1.6244849537037036,6.581755847385904,0.0,30.938842592592597,170250,237.2106824925816,NY_NJ,31,31
Savannah,2024-08,202,2.573446323799047,1.4311284722222224,4.89795293833452,0.0395138888888888,30.999502314814816,222493,263.7070707070707,Savannah,31,31
Seattle,2024-08,123,5.507628255796448,1.918263888888889,8.604401630073244,0.0052662037037037,30.99943287037037,134104,230.9430894308943,Seattle,31,31
Houston,2024-09,506,4.3771459385521885,2.4014641203703704,5.729043273229672,0.0175925925925925,29.99863425925926,128669,194.29141716566863,Houston,30,30
LA_Long_Beach,2024-09,363,4.867930759616366,3.240150462962963,5.95860817249138,0.00625,29.999108796296294,651827,251.22160664819944,LA_Long_Beach,30,30
NY_NJ,2024-09,323,4.040132295608302,1.5785532407407408,6.458206933213551,0.0166666666666666,29.409375,147047,238.50931677018636,NY_NJ,30,30
Savannah,2024-09,173,2.735972422928709,1.4188888888888889,4.700211430297965,0.4372916666666667,29.999641203703703,180405,260.7426900584795,Savannah,30,30
Seattle,2024-09,124,5.513862660543608,2.503466435185185,7.776199266981145,0.0,29.998032407407408,136739,231.2741935483871,Seattle,30,30
Houston,2024-10,521,4.104268634037108,2.2924652777777776,5.689790829818466,0.0251157407407407,30.996828703703702,125162,192.84912959381043,Houston,31,31
LA_Long_Beach,2024-10,356,4.902387868029547,3.0611400462962965,6.425915833681163,0.0388194444444444,30.99917824074074,607825,250.05382436260624,LA_Long_Beach,31,31
NY_NJ,2024-10,282,3.86217280667192,1.5390277777777777,6.425177731835364,0.0151273148148148,30.449305555555554,133739,243.711743772242,NY_NJ,31,31
Savannah,2024-10,186,2.334677730485862,1.4371238425925923,3.982830067828212,0.0041782407407407,30.999560185185185,184782,262.4130434782609,Savannah,31,31
Seattle,2024-10,121,5.316052666819712,2.495300925925926,8.150771217420077,0.0061111111111111,30.99943287037037,135386,234.26446280991732,Seattle,31,31
Houston,2024-11,557,3.7546922792406408,2.2665509259259258,4.91032957143334,0.0,28.825497685185184,117817,193.0036231884058,Houston,30,30
LA_Long_Beach,2024-11,346,4.467344519374866,2.7422685185185185,5.684171442945613,0.0,29.99861111111111,557579,252.39017341040463,LA_Long_Beach,30,30
NY_NJ,2024-11,305,3.614489829993928,1.515949074074074,6.068050161387026,0.0147800925925925,29.83849537037037,114738,240.8118811881188,NY_NJ,30,30
Savannah,2024-11,193,2.350750635674535,1.4770254629629629,3.573343933149606,0.0016087962962962,29.99976851851852,189162,264.5736842105263,Savannah,30,30
Seattle,2024-11,135,5.659307613168725,2.8414467592592594,7.740665125520541,0.0031712962962962,29.999189814814816,161096,234.2148148148148,Seattle,30,30
Houston,2024-12,531,4.424010580142289,2.3299305555555554,5.688522999441852,0.0056828703703703,29.774328703703706,116274,193.6515151515152,Houston,31,31
LA_Long_Beach,2024-12,359,4.895374077942845,3.1491435185185184,6.054220981827167,0.0944328703703703,30.997997685185187,617721,252.7752808988764,LA_Long_Beach,31,31
NY_NJ,2024-12,320,4.05840064380787,1.5930844907407409,6.687048003435268,0.0071875,30.99944444444445,144586,239.576802507837,NY_NJ,31,31
Savannah,2024-12,178,2.992648837390762,1.4642766203703703,5.236071790202304,0.1577777777777777,30.999421296296298,182463,264.4180790960452,Savannah,31,31
Seattle,2024-12,120,6.19053018904321,2.667991898148148,8.392273666603202,0.0007638888888888,30.999641203703703,191509,235.38333333333333,Seattle,31,31
Houston,2025-01,519,4.361596107186185,2.2932407407407407,5.886351362775016,0.0016203703703703,30.997523148148147,124248,193.38342967244705,Houston,31,31
LA_Long_Beach,2025-01,361,4.618656381450703,3.015578703703704,6.051237103225075,0.0185185185185185,30.99912037037037,607557,253.5484764542936,LA_Long_Beach,31,31
NY_NJ,2025-01,299,3.952077062430324,1.548912037037037,6.65761367607514,0.0152430555555555,30.997280092592597,153789,244.41471571906357,NY_NJ,31,31
Savannah,2025-01,165,3.133520833333333,1.5811226851851852,5.0221922379298345,0.1312037037037037,30.999386574074077,186121,262.4207317073171,Savannah,31,31
Seattle,2025-01,142,6.190986893583724,2.4811863425925926,8.728936432282296,0.0061805555555555,30.999212962962964,263688,230.4718309859155,Seattle,31,31
Houston,2025-02,476,4.522614646553065,2.553391203703704,5.675962415220617,0.0075347222222222,27.99796296296296,109608,193.64915966386556,Houston,28,28
LA_Long_Beach,2025-02,316,4.87934357419128,2.843449074074074,6.249215991754425,0.0954629629629629,27.999108796296294,571236,252.0126582278481,LA_Long_Beach,28,28
NY_NJ,2025-02,302,3.896492557333824,1.572060185185185,6.560784080426098,0.0152199074074074,27.998622685185182,166741,243.83443708609272,NY_NJ,28,28
Savannah,2025-02,181,2.30111910425619,1.4941666666666666,3.5641810520248125,0.1033564814814814,27.999548611111116,178379,271.39444444444445,Savannah,28,28
Seattle,2025-02,118,5.963674278091651,2.127517361111111,8.404535180919222,0.0046527777777777,27.999872685185185,202987,229.9915254237288,Seattle,28,28
Houston,2025-03,512,4.072916802300347,2.2977604166666667,5.457200549397178,0.0054398148148148,30.996493055555558,132438,192.498046875,Houston,31,31
LA_Long_Beach,2025-03,349,5.0499290300328985,2.835173611111111,6.7912748751791465,0.0364467592592592,30.99886574074074,633562,250.30945558739256,LA_Long_Beach,31,31
NY_NJ,2025-03,372,3.916220380326563,1.483177083333333,6.360786955831326,0.0,30.99927083333333,212865,236.08870967741936,NY_NJ,31,31
Savannah,2025-03,200,2.058381944444444,1.3974652777777776,3.025627646567753,0.0089236111111111,24.260659722222226,170422,270.2814070351759,Savannah,31,31
Seattle,2025-03,143,5.672566449753949,2.1010185185185186,8.502376545078961,0.003599537037037,30.9996875,198327,232.1118881118881,Seattle,31,31
Houston,2025-04,518,4.373302767052767,2.4350057870370367,5.4418186977914464,0.0164467592592592,29.997604166666665,136861,192.56782945736435,Houston,30,30
LA_Long_Beach,2025-04,347,5.058592966165013,2.8511574074074075,6.512486660375493,0.0157291666666666,29.99890046296296,638485,253.0491329479769,LA_Long_Beach,30,30
NY_NJ,2025-04,342,3.868113222871995,1.502337962962963,6.398032356057273,0.0148148148148148,29.998622685185182,165602,241.2182890855457,NY_NJ,30,30
Savannah,2025-04,196,2.075710270219199,1.3785011574074075,3.036781548078037,0.0108564814814814,21.980104166666667,173896,269.75773195876286,Savannah,30,30
Seattle,2025-04,130,5.446032674501424,2.1459375,8.194306453123394,0.0070138888888888,29.99988425925926,218002,226.9296875,Seattle,30,30
Houston,2025-05,505,4.66135267693436,2.491203703703704,6.13936206967768,0.006724537037037,30.75814814814815,119243,192.362,Houston,31,31
LA_Long_Beach,2025-05,340,5.224577444172113,2.70296875,6.961164892407981,0.0325347222222222,30.99804398148148,625661,249.52507374631267,LA_Long_Beach,31,31
NY_NJ,2025-05,328,4.038312761122403,1.4712673611111111,6.782046698425289,0.016099537037037,30.99943287037037,157324,245.34556574923548,NY_NJ,31,31
Savannah,2025-05,181,2.832039466953141,1.461666666666667,5.00901711915369,0.0314930555555555,29.49445601851852,183983,273.3611111111111,Savannah,31,31
Seattle,2025-05,124,5.6082433542413375,2.078240740740741,7.982954840928557,0.0014699074074074,30.997025462962963,165543,226.8861788617886,Seattle,31,31
Houston,2025-06,505,3.97906632746608,2.315,5.222063942567891,0.0024189814814814,29.77577546296296,112110,193.6806387225549,Houston,30,30
LA_Long_Beach,2025-06,332,4.696527498884427,2.8704166666666664,5.919990741486265,0.0008101851851851,29.998969907407407,598603,249.75,LA_Long_Beach,30,30
NY_NJ,2025-06,356,3.55065292733042,1.2450520833333334,6.114456496009945,0.0048611111111111,29.99739583333333,138693,234.4281690140845,NY_NJ,30,30
Savannah,2025-06,172,2.2437936046511626,1.4312037037037038,3.415623702356478,0.0,29.886041666666667,194984,267.7267441860465,Savannah,30,30
Seattle,2025-06,113,5.162468043264503,2.094212962962963,7.2720051487868735,0.006099537037037,29.99927083333333,112832,243.04424778761063,Seattle,30,30
Houston,2025-07,506,4.284919347460108,2.505740740740741,5.362904761159887,0.0239583333333333,30.64028935185185,115807,189.85148514851485,Houston,31,31
LA_Long_Beach,2025-07,380,4.822538316276803,3.086122685185185,5.835357717147346,0.0008217592592592,30.96490740740741,647794,258.0844327176781,LA_Long_Beach,31,31
NY_NJ,2025-07,342,3.838872610732077,1.378269675925926,6.795618589954723,0.0139236111111111,30.9984375,149632,242.58064516129036,NY_NJ,31,31
Savannah,2025-07,197,2.1253222527730777,1.360162037037037,3.2074475903028143,0.0130787037037037,30.999189814814816,211594,267.9591836734694,Savannah,31,31
Seattle,2025-07,125,5.126301388888889,1.884953703703704,7.997795073611287,0.0,30.99894675925926,140785,237.304,Seattle,31,31
Houston,2025-08,515,4.095748651564186,2.3363078703703706,5.236625707802357,0.0166898148148148,28.46769675925926,110895,191.1890838206628,Houston,31,31
LA_Long_Beach,2025-08,345,5.235438875469673,3.0574305555555554,6.505714724215511,0.0395833333333333,30.99767361111111,583108,260.3623188405797,LA_Long_Beach,31,31
NY_NJ,2025-08,347,3.656532514142384,1.4311805555555557,6.38081200785151,0.0175347222222222,30.99616898148148,158465,242.20289855072463,NY_NJ,31,31
Savannah,2025-08,187,2.504766104674193,1.46375,4.489123417195638,0.0624884259259259,30.999375,173875,272.8021390374332,Savannah,31,31
Seattle,2025-08,119,6.04974653750389,2.5021875,8.68432750682514,0.0061111111111111,30.999282407407406,148994,234.9747899159664,Seattle,31,31
Houston,2025-09,495,4.324930859521137,2.3388773148148148,5.551974538653743,0.0104166666666666,28.29738425925926,113200,192.5142857142857,Houston,30,30
LA_Long_Beach,2025-09,327,4.6714730929323816,3.0031481481481483,5.617351418572982,0.006574074074074,29.997488425925926,445089,257.32307692307694,LA_Long_Beach,30,30
NY_NJ,2025-09,326,3.757772345773688,1.4735358796296296,6.328868247713677,0.0148148148148148,29.427824074074078,131188,244.7253086419753,NY_NJ,30,30
Savannah,2025-09,188,2.313218085106383,1.374693287037037,3.7660567717827127,0.0127662037037037,28.49991898148148,163728,275.44919786096256,Savannah,30,30
Seattle,2025-09,111,5.662281865198532,2.5801736111111118,8.05278955541444,0.0,29.999293981481483,136479,237.73873873873876,Seattle,30,30
Houston,2025-10,502,4.24032405101815,2.370341435185185,5.514747913478626,0.0122685185185185,29.549340277777777,103142,193.04609218436875,Houston,31,31
LA_Long_Beach,2025-10,325,4.586761182336183,2.787118055555556,6.167135666732501,0.002199074074074,30.99833333333333,386829,254.44200626959247,LA_Long_Beach,31,31
NY_NJ,2025-10,326,3.6805855558395817,1.227800925925926,6.478734592448581,0.0004513888888888,30.500462962962963,105408,242.4814814814815,NY_NJ,31,31
Savannah,2025-10,186,2.5638715900039823,1.3141203703703703,4.60159878921955,0.0596296296296296,30.99965277777778,193349,268.86486486486484,Savannah,31,31
Seattle,2025-10,119,6.006214305166511,2.388564814814815,8.539158832995849,0.0,30.999641203703703,145130,232.61344537815123,Seattle,31,31
Houston,2025-11,496,4.0698192484319,2.4007002314814816,5.130886481783681,0.0,29.99892361111111,125152,193.14256619144604,Houston,30,30
LA_Long_Beach,2025-11,310,4.7342513067502985,2.616851851851852,6.24893238087009,0.0125,29.99806712962963,515344,255.62135922330097,LA_Long_Beach,30,30
NY_NJ,2025-11,330,3.369436167227834,1.277494212962963,5.977771784092965,0.0165393518518518,29.373761574074077,170976,249.48181818181817,NY_NJ,30,30
Savannah,2025-11,186,2.5653044105933893,1.3268981481481483,4.462848755151348,0.0,29.99965277777778,191080,269.2258064516129,Savannah,30,30
Seattle,2025-11,122,5.773201275045537,2.262754629629629,8.590997074016535,0.0013888888888888,29.999525462962964,175018,234.5983606557377,Seattle,30,30
Houston,2025-12,495,4.448769804526749,2.4913425925925927,5.90628770932309,0.0249305555555555,30.627256944444444,125155,193.6897959183673,Houston,31,31
LA_Long_Beach,2025-12,330,5.115220854377104,2.9814814814814814,6.7990425934534935,0.0166666666666666,30.99931712962963,598228,259.90273556231006,LA_Long_Beach,31,31
NY_NJ,2025-12,306,3.507925328310336,1.2125636574074077,6.647605925790728,0.0,30.999305555555555,152196,244.83168316831683,NY_NJ,31,31
Savannah,2025-12,185,2.292832332332332,1.3430555555555554,3.4700086155508854,0.2002314814814814,23.169085648148148,182879,268.0597826086956,Savannah,31,31
Seattle,2025-12,124,5.690726459826762,2.3011574074074077,8.276906870647126,0.0008101851851851,30.999502314814816,186275,231.3739837398374,Seattle,31,31
Houston,2023-06,485,4.165829610538373,2.243958333333333,5.57790863869857,0.0094791666666666,29.03703703703704,109145,193.06609808102343,Houston,30,30
LA_Long_Beach,2023-06,336,4.887617394179894,2.9705671296296297,6.007738205274497,0.0028935185185185,29.999791666666667,648769,254.484756097561,LA_Long_Beach,30,30
NY_NJ,2023-06,333,3.688879921588255,1.6424652777777775,5.752707493687798,0.0155439814814814,29.99762731481481,134452,238.86461538461535,NY_NJ,30,30
Savannah,2023-06,189,2.522489466980208,1.3741550925925925,4.255989150313019,0.013912037037037,28.40775462962963,154089,259.06451612903226,Savannah,30,30
Seattle,2023-06,111,5.632696237904571,2.6901967592592597,7.60775818836454,0.0,29.999618055555555,114691,239.651376146789,Seattle,30,30
Houston,2023-07,518,4.420981070356071,2.204068287037037,6.083415124841383,0.0010532407407407,30.71931712962963,122280,192.55353535353532,Houston,31,31
LA_Long_Beach,2023-07,328,5.084933943089431,3.051759259259259,6.401407180637591,0.0330902777777777,30.999259259259254,651743,253.41875,LA_Long_Beach,31,31
NY_NJ,2023-07,356,3.4637887861527257,1.4264988425925926,5.749247276877037,0.0146180555555555,30.997210648148148,148534,244.5,NY_NJ,31,31
Savannah,2023-07,208,2.419598524305556,1.3451620370370372,4.041008591593189,0.0900347222222222,26.35857638888889,194545,267.63861386138615,Savannah,31,31
Seattle,2023-07,111,5.0716517559225895,2.158368055555556,7.425125245760117,0.0008333333333333,30.998969907407407,92883,238.4454545454545,Seattle,31,31
