YearMonth,12,24,48,ftl,date
2008-12,2.315046296296296,2.315046296296296,2.315046296296296,0.0,2008-12-01
2009-01,3.127697939262473,3.7852388022766643,4.002444824961948,4.484876962560387,2009-01-01
2009-02,2.681038100033568,2.6537443399512366,2.8148117987694534,4.50657482078853,2009-02-01
2009-03,3.277968244336569,3.202121913580247,3.271050579322638,4.723315924916742,2009-03-01
2009-04,2.87725279988211,2.9169967185592185,3.079941768964432,4.700840745942572,2009-04-01
2009-05,2.388778129395218,2.5074839603382912,2.5547241248097414,4.866052114060964,2009-05-01
2009-06,1.0375144675925927,1.07201536643026,1.2605489417989417,1.714033189033189,2009-06-01
2009-07,3.4846694378463976,3.7429173663588022,4.03471675415573,5.076322445130316,2009-07-01
2009-08,2.5744557584269665,2.7543031117627894,2.7961127794461125,4.625338431786217,2009-08-01
2009-09,2.54907838356974,2.8632720360024826,2.901713487566887,4.719461127794461,2009-09-01
2009-10,2.8419529557412564,2.897254335260116,2.9529341293047433,5.172700471698113,2009-10-01
2009-11,2.4713656677181914,2.4298409498207887,2.4748416576185304,4.16139022865309,2009-11-01
2009-12,2.3589988425925927,2.4548034065584208,2.5045260012919894,4.794298245614035,2009-12-01
2010-01,3.2455012810140236,3.4115486111111113,4.214516356457981,4.613734326018808,2010-01-01
2010-02,2.628034086926043,2.6602908126573177,2.996996872700515,4.029679451802797,2010-02-01
2010-03,3.2007883878573535,3.3688299086757993,2.5600704170557114,4.115954262452107,2010-03-01
2010-04,2.5345509383378015,2.7006297564687975,2.851893234016139,4.589184709634106,2010-04-01
2010-05,2.541810103554436,2.5955581073199183,2.622103012412958,4.386382256554307,2010-05-01
2010-06,2.3643207573244887,2.5050853587962965,2.5262129873937265,4.260946038251366,2010-06-01
2010-07,2.3543663881559658,2.4011856368563684,2.4445833333333336,4.485205229671012,2010-07-01
2010-08,2.36240453313624,2.598715526385574,2.6612122437971952,4.053638674112257,2010-08-01
2010-09,2.377534808381583,2.6569462342497134,2.695692640692641,4.12695,2010-09-01
2010-10,2.613480289001122,2.6068364997121476,2.6958572163433274,4.2405471269422454,2010-10-01
2010-11,2.6120477207977206,2.673539080969267,2.697341376228776,4.357222611266729,2010-11-01
2010-12,1.2916186024927074,1.4919582968795568,1.6868853096794274,3.461799373557534,2010-12-01
2011-01,2.590182694919859,2.643982630272953,2.7369941483361533,3.3134232264334305,2011-01-01
2011-02,2.257493669943402,2.29043586269196,2.3970539306716185,3.7546573282684395,2011-02-01
2011-03,2.4265312939521797,2.4817457760595647,2.5354256854256856,4.026941802536232,2011-03-01
2011-04,2.500405779889153,2.621572249589491,2.6551174147963423,4.398025058788948,2011-04-01
2011-05,2.6947761437908495,2.753651648059543,2.872425766283525,4.3503776156793394,2011-05-01
2011-06,2.534866898148148,2.599871848157384,3.023013361462729,4.083774594907408,2011-06-01
2011-07,2.607079616112463,2.6673559543454344,2.7082413194444444,4.230498903508772,2011-07-01
2011-08,2.239330357142857,2.636135057471264,2.345810763888889,3.972977453580902,2011-08-01
2011-09,2.757758742244783,2.578166226912929,2.5953636162687888,4.2711834251606975,2011-09-01
2011-10,3.072736486486486,3.1253215372907155,3.1293112633181126,4.427605158730159,2011-10-01
2011-11,2.5652855805243444,2.6152204020259577,2.6796543834296727,4.571865727002967,2011-11-01
2011-12,2.492929292929293,2.5200402695595003,2.609848484848485,4.288972738218095,2011-12-01
2012-01,2.818761705597643,3.082743491680086,3.101337579403532,3.9788176090734746,2012-01-01
2012-02,2.3812223334445557,2.4608246438746435,2.473334333561957,4.118668540564374,2012-02-01
2012-03,2.6450493074375188,2.6825652173913044,2.7917225167104975,3.9854820913728095,2012-03-01
2012-04,2.502730140981377,2.590399907675016,2.6710418373757236,3.96120606645847,2012-04-01
2012-05,2.967526781121399,3.0811163177862677,3.415668259367239,4.268025783690317,2012-05-01
2012-06,2.6062234554711403,2.6732147327196385,2.7217478213507627,4.125097318102125,2012-06-01
2012-07,2.6232074730144586,2.717281141890517,2.789172631022387,4.218709507418081,2012-07-01
2012-08,2.7446815413796544,2.9156895070278033,2.970482609710551,4.143428927847156,2012-08-01
2012-09,2.734886948529412,2.7976180278332223,2.9340744291070213,3.9496581998665334,2012-09-01
2012-10,2.7032976034180947,2.8081904658564816,2.753782982948796,4.323426851851852,2012-10-01
2012-11,3.125051227262766,3.240657519301779,3.3026531800474253,4.10591368747902,2012-11-01
2012-12,2.584712185766685,2.84929465332747,3.010365451388889,5.030037301403075,2012-12-01
2013-01,2.758029843530239,3.5927761533463287,4.028201297514619,4.379125951950471,2013-01-01
2013-02,2.6009786738769582,2.9652642510224947,3.220757322827635,4.073557086320191,2013-02-01
2013-03,2.357399731337555,2.580092723373091,2.9746850396429365,4.116586306553559,2013-03-01
2013-04,2.399603075644223,2.763166055812757,2.7186589933592487,4.121143497911858,2013-04-01
2013-05,2.0992863965300255,2.4237290181224007,2.660081829027907,4.261471044744166,2013-05-01
2013-06,2.8768642506142506,3.14724521563676,3.283988251831218,4.211091952885934,2013-06-01
2013-07,2.3114884202384203,2.4629998031214204,2.606832182082348,4.104473568337359,2013-07-01
2013-08,2.630646056120675,2.886543922878575,3.0259268045859997,4.313096284973833,2013-08-01
2013-09,3.1847353612415237,3.142309621755186,3.1835996740083274,4.281445295479303,2013-09-01
2013-10,2.423403711708827,2.5021944990713427,2.5466513723544972,4.368716291820521,2013-10-01
2013-11,2.3278309586526182,2.4744514299802765,2.3938939241356163,4.01372773943422,2013-11-01
2013-12,2.6183032090309486,2.941706629372428,3.333127249608763,3.5837691122318285,2013-12-01
2014-01,3.1073478558866126,3.0491852916134525,3.0996506977992486,3.897194782168186,2014-01-01
2014-02,2.5166139155982905,2.583144063180828,2.6675027483587264,3.9614265046296295,2014-02-01
2014-03,2.488104372585776,2.571808548228914,2.5958433472657614,3.8203589387464385,2014-03-01
2014-04,2.6703183179837593,2.717368253968254,2.8840779665454144,3.8210536253776435,2014-04-01
2014-05,2.0444658739365815,2.3608046625305508,2.5688294502157984,4.31759033023817,2014-05-01
2014-06,2.504413781376163,3.2447745500782474,3.3475476619687536,4.524279487504222,2014-06-01
2014-07,2.837547929620618,3.060811361160626,3.2527075681052957,4.846360968973359,2014-07-01
2014-08,2.0858826585894406,2.688761967956176,3.0302020725037906,4.524198562661499,2014-08-01
2014-09,1.680440460689484,2.193231172839506,2.619829169447225,4.308964984668109,2014-09-01
2014-10,1.4349284285320087,2.1750000000000003,2.881108983286908,5.074955968196457,2014-10-01
2014-11,1.088013809212292,2.1714715047343724,3.480235550752482,4.436536817383076,2014-11-01
2014-12,3.8463100215726196,3.7076111390004463,3.5787940691085405,5.811014392413561,2014-12-01
2015-01,6.757839152648664,7.88650291495199,9.311001740974167,7.366923476918948,2015-01-01
2015-02,6.43485503340098,6.8772681862484495,9.124435342502696,7.676772472140282,2015-02-01
2015-03,5.676095085470085,6.250711275894538,5.381040991137051,7.408230559036481,2015-03-01
2015-04,4.812199814814815,4.281734867615549,4.414051416352793,5.894291497975709,2015-04-01
2015-05,3.760787037037037,4.06726929335193,3.6603441944053756,5.567691494004251,2015-05-01
2015-06,3.2807757001366125,3.403632305829036,3.447803486997636,4.70243614807034,2015-06-01
2015-07,2.961462434383202,2.9181800944745557,2.9924699647995103,5.345124041818457,2015-07-01
2015-08,3.1167163482652613,3.9333154244779758,4.234587337865292,4.6581472280334735,2015-08-01
2015-09,3.0273922558922557,3.441337888973448,3.050099493566336,4.868091651868763,2015-09-01
2015-10,2.8551898759993475,3.07740119170096,3.2905960919840025,5.254442680776014,2015-10-01
2015-11,3.0985536279774197,3.0820454319663013,3.0573251951503075,4.748774112654321,2015-11-01
2015-12,2.5735674237249544,2.8699685994851354,2.8476697884811415,5.713724515301687,2015-12-01
2016-01,3.6857887962962965,4.670473266711834,4.7703901228191,4.995184242500418,2016-01-01
2016-02,3.159174186128804,2.4175250925925926,2.5174714442926533,3.760098696727549,2016-02-01
2016-03,2.6126078807352124,2.6387837649679753,2.732404024216524,3.2690625,2016-03-01
2016-04,2.382835085085085,2.873144985047159,2.92417773119031,3.430832191154971,2016-04-01
2016-05,1.7870919187967311,2.4357676555993866,2.51005787037037,3.5915492496807153,2016-05-01
2016-06,4.2467256474648085,4.719779547930283,5.0857325284309205,4.131518733850129,2016-06-01
2016-07,3.0257286225862616,3.0711646725188393,3.1301589170692434,5.295808641975309,2016-07-01
2016-08,3.3699607870370367,3.5343996598639453,3.6163232217573222,4.918404895587076,2016-08-01
2016-09,2.380319344284188,2.410480604998202,2.4835217683816824,4.5458988638396844,2016-09-01
2016-10,2.6886932654032534,2.8061103842368937,2.9005537220388704,4.384708654527734,2016-10-01
2016-11,2.8063137389149713,2.844604451904511,3.019794061302682,4.748045562330623,2016-11-01
2016-12,2.791114017842043,2.7691823824437183,2.8544666666666667,5.310554925284195,2016-12-01
2017-01,4.525021307918798,5.845201684397162,5.974524961920795,4.505733750458379,2017-01-01
2017-02,3.4554193239795916,3.5626693693038587,3.5684702225130893,5.192544427565586,2017-02-01
2017-03,3.3705846740405567,3.385946496212121,3.4687631280006856,4.959323881172839,2017-03-01
2017-04,3.1727459777227724,3.213036499251777,3.3117420771286747,5.200227704678363,2017-04-01
2017-05,4.742641743481149,3.9955473793747878,4.022930534220857,5.545453234031132,2017-05-01
2017-06,3.6823560438547998,3.5160579996239893,3.567258665716999,5.427788014144798,2017-06-01
2017-07,3.795203061972864,3.664550520833333,3.706517997685185,5.163736459457029,2017-07-01
2017-08,4.377667204034392,4.405177104187521,4.535411629801097,5.148230032018,2017-08-01
2017-09,3.242038827501535,3.393714894106814,3.452761548210221,5.014341232340588,2017-09-01
2017-10,3.4657669671000786,3.3845701951951956,3.433824567395264,4.8482070141377935,2017-10-01
2017-11,3.569383531746032,3.569383531746032,3.569383531746032,5.6568973263204025,2017-11-01
2017-12,3.1200692401960786,3.1200692401960786,3.2061015469061873,4.489862465524035,2017-12-01
2018-01,3.259399332895888,3.583875385802469,5.536870396675084,4.352298145236431,2018-01-01
2018-02,3.069516464622137,3.5100910518879265,3.5016746999878166,4.731285950339407,2018-02-01
2018-03,2.203518181912337,4.097159029701447,3.434284458509142,5.146874390838207,2018-03-01
2018-04,3.958960218834122,3.6207471590909086,3.6405656152647974,5.0521105664488015,2018-04-01
2018-05,3.139764275731257,3.7601266576118704,3.7742343619745147,5.51674856982779,2018-05-01
2018-06,2.7474006160085707,3.4353081735889246,3.2871909041394334,4.698658913874191,2018-06-01
2018-07,3.3339006608103827,3.5532986467236465,3.7216173055844006,4.966959644573371,2018-07-01
2018-08,2.8007093970777133,3.0020139250578706,3.0218735113731094,4.563877937470698,2018-08-01
2018-09,4.099869286983204,4.521212054617909,4.6907619100955795,5.037532675360247,2018-09-01
2018-10,2.9092529967999163,3.3438834997106484,3.450132843831092,5.100839780130293,2018-10-01
2018-11,2.810491421999531,3.064425750922744,3.142090582575458,5.003153470532577,2018-11-01
2018-12,2.8510085745957223,3.1719566276803115,3.3325226942628903,5.143874116715399,2018-12-01
2019-01,4.459476650563607,5.04633874516687,5.348732426969223,5.981165300546448,2019-01-01
2019-02,3.340217042164314,3.5085573773231715,3.5398622256515777,4.87069537037037,2019-02-01
2019-03,2.9157013464152226,3.372066509163803,3.575395866881374,5.056976868268978,2019-03-01
2019-04,2.9923193218530058,3.451857013808233,3.78861991747182,5.14154393939394,2019-04-01
2019-05,3.0786558433433435,3.4328911344899717,3.4460747802887637,5.473319685052436,2019-05-01
2019-06,3.24749835634451,3.81168559550353,4.0365542328042325,5.078266260960607,2019-06-01
2019-07,2.953911320058997,3.424787146152887,3.6239549970344007,4.8282785385910385,2019-07-01
2019-08,3.2864617121002992,3.713342991698595,3.9297655731448295,5.0647301325606175,2019-08-01
2019-09,3.0708836679358487,3.493253791507024,3.8739367729643006,4.8346276167471816,2019-09-01
2019-10,2.912062108573588,3.3880235836083608,3.519293901384083,5.171379303487336,2019-10-01
2019-11,2.7856830770502645,3.2678725355883094,3.4832238872644576,5.13162262668806,2019-11-01
2019-12,2.51120295171584,2.748877349994371,2.8133489236476223,5.282102585633019,2019-12-01
2020-01,3.5007261604136604,3.9003900102297764,4.276960709785229,5.396185801935153,2020-01-01
2020-02,2.665396773726852,3.140831027560764,3.244046438019652,4.698882045487948,2020-02-01
2020-03,3.385346156672546,3.6973141718107,3.899050338835212,5.396967160724157,2020-03-01
2020-04,4.180538247213779,4.574158176474172,5.074246703638267,5.283867151201381,2020-04-01
2020-05,2.5371707112332116,2.900395030234316,3.372815610213738,5.959089539867379,2020-05-01
2020-06,2.5811581255068936,3.0185765801958984,3.2111652107424167,6.16029272083116,2020-06-01
2020-09,3.0898130860290673,3.937925819088319,4.166128806089743,5.415443282702178,2020-09-01
2020-10,3.3705424065283642,3.918530761131167,4.169395527603075,5.57957698064606,2020-10-01
2020-11,4.140070997515087,4.52888278256705,4.848196043771043,6.051941690761393,2020-11-01
2020-12,3.66315551994302,3.9604130878411303,4.085270529367752,7.173256130904456,2020-12-01
2021-01,4.288813686933106,5.183581511308227,6.413286347191563,6.838908093278463,2021-01-01
2021-02,4.504849537037037,5.652812027588814,6.004796325721908,6.738846037257495,2021-02-01
2021-03,4.0598605612738625,5.800375816993464,6.128796571869488,6.228676215277778,2021-03-01
2021-04,4.9353584938858095,5.937113187351698,7.402883319914117,6.9184181996158385,2021-04-01
2021-05,4.154252202445163,5.422721507773205,6.4729669693732195,7.021814243952624,2021-05-01
2021-06,3.750528736525705,4.830266496381439,5.685923859126984,6.178391291831171,2021-06-01
2021-07,4.267546324525745,4.792169140030442,6.098923708645444,7.14546415082846,2021-07-01
2021-08,6.717318110393992,7.467707338019838,7.622736374311629,7.226658770928463,2021-08-01
2021-09,5.185050137136023,7.075568561159844,7.197271090534979,7.058939843044263,2021-09-01
2021-10,5.055600605738038,7.227470716597686,8.168676812012308,7.730778162545923,2021-10-01
2021-11,4.495661718623646,4.92926846961398,6.033022566174933,7.068326976587987,2021-11-01
2021-12,3.4496980724715103,3.8593423821548822,3.9108072659083417,7.3314394682464945,2021-12-01
2022-01,3.3962080599300086,5.693053670786612,6.577834955435486,6.455645044485826,2022-01-01
2022-02,3.276755837558789,5.104859354332011,5.139098664584036,5.869796023200166,2022-02-01
2022-03,3.2232474189170617,5.589467786031157,5.77053416005291,6.038318344454115,2022-03-01
2022-04,3.3612233439201455,5.056997192395476,5.336645356753813,6.338471874367537,2022-04-01
2022-05,2.3994494766505636,5.513112154407929,5.77142997346762,5.682900469168901,2022-05-01
2022-06,2.931021910188577,5.070943762459343,5.185110104669887,5.549792285601109,2022-06-01
2022-07,3.4461424039780524,4.886420896975142,5.056109660321882,5.556139018142508,2022-07-01
2022-08,4.471050134015595,5.073240469208211,5.324728043912176,5.651620042492918,2022-08-01
2022-09,3.6639987147022715,4.099901185908131,4.336067546583851,5.425013752723312,2022-09-01
2022-10,3.3127097991791263,3.7340325635386122,3.8762372166943067,5.03377744229737,2022-10-01
2022-11,3.8910736502347416,4.281161382697287,4.364896237507349,4.9793127938309825,2022-11-01
2022-12,3.0504729872322462,3.3440554832175926,3.5053602383120825,5.337967375578704,2022-12-01
2023-01,4.278607039828773,4.746319095636733,5.131378246062154,5.637074469643694,2023-01-01
2023-02,2.7179779566498317,3.1097781072587187,3.17464712226431,5.129683711364242,2023-02-01
2024-01,4.035259911003236,4.370793586706862,4.464136470788374,4.835304054963394,2024-01-01
2024-02,3.727118762112403,4.020959823988075,4.131049005432877,4.972721830484331,2024-02-01
2024-03,3.1638880821169697,3.4833063717619357,3.722531107496385,5.3289893587617465,2024-03-01
2024-04,3.2819755133974757,3.5713182043650793,3.6776267887205387,4.842519429151373,2024-04-01
2024-05,3.257306126417746,3.4439522611379494,3.4570350285947713,5.050548022134561,2024-05-01
2024-06,3.5067979514805043,3.853870767195767,4.015538905133203,4.5189686552414985,2024-06-01
2024-07,3.936724171835671,4.1548894131090375,4.248417462197339,4.616361766685231,2024-07-01
2024-08,3.3381385638059364,3.6281978415103415,3.722799421603301,5.030872163452313,2024-08-01
2024-09,3.5779053270042196,3.927279394977169,4.02583662178892,4.867930759616366,2024-09-01
2024-10,3.2120302395649616,3.412549787916408,3.5697198676111643,4.902387868029547,2024-10-01
2024-11,3.4700469567733494,3.763236583386548,4.087268656305115,4.467344519374866,2024-11-01
2024-12,2.6763898465545926,2.8225810185185183,3.1333772888056597,4.895374077942845,2024-12-01
2025-01,4.202863887775997,4.424692356458217,4.645942594948639,4.618656381450703,2025-01-01
2025-02,3.2138709824946523,3.3965627580207594,3.5379676152868558,4.87934357419128,2025-02-01
2025-03,3.387547537406484,3.6103017418528185,3.870105699008868,5.0499290300328985,2025-03-01
2025-04,3.298716441001303,3.683774462655176,3.7919705603038936,5.058592966165013,2025-04-01
2025-05,3.4297931560917485,3.781837720714901,3.7847447983957796,5.224577444172113,2025-05-01
2025-06,3.4638401031967723,3.711166233926805,3.991903900532269,4.696527498884427,2025-06-01
2025-07,3.446350220959596,3.7264649782869124,3.763944787851038,4.822538316276803,2025-07-01
2025-08,3.494317218433267,3.891728978628488,3.925818419312169,5.235438875469673,2025-08-01
2025-09,3.060094804811737,3.420310535914702,3.4646013773867037,4.6714730929323816,2025-09-01
2025-10,3.5058638966264315,3.8019138112663557,3.948303389398573,4.586761182336183,2025-10-01
2025-11,3.3808881079027353,3.608335855887939,3.7607766510301697,4.7342513067502985,2025-11-01
2025-12,2.9368090966320426,3.0895193677405217,3.1586795065458206,5.115220854377104,2025-12-01
